{"type":"FeatureCollection","name":"旧東海道 OpenStreetMap relation 5185746","attribution":"© OpenStreetMap contributors, ODbL 1.0. Source relation: https://www.openstreetmap.org/relation/5185746","relation":{"id":5185746,"name":"旧東海道","source":"OpenStreetMap / Overpass API","fetchedAt":"2026-05-02T01:39:44.499Z"},"features":[{"type":"Feature","properties":{"id":4848932,"name":"第一京浜","highway":"trunk","role":null},"geometry":{"type":"LineString","coordinates":[[139.7574246,35.6631357],[139.7574816,35.6632029],[139.7576076,35.6633509],[139.7576756,35.6634302],[139.7577923,35.6635686],[139.7579034,35.6636976],[139.7580477,35.663865],[139.7582982,35.664165],[139.7584068,35.664293],[139.7588,35.664782],[139.7591045,35.6652055],[139.7592238,35.6653714],[139.7592649,35.6654286]]}},{"type":"Feature","properties":{"id":4853657,"name":"第一京浜","highway":"trunk","role":null},"geometry":{"type":"LineString","coordinates":[[139.7552599,35.6601933],[139.7552453,35.6600699],[139.7552139,35.6598658],[139.7551929,35.6597135],[139.7550852,35.6589338],[139.755075,35.6588602],[139.7550656,35.658792],[139.7550564,35.6587255],[139.75493,35.6578115],[139.7548965,35.6575688],[139.754872,35.6573915],[139.7548197,35.657013],[139.7548099,35.656942],[139.7547927,35.6568118]]}},{"type":"Feature","properties":{"id":23735463,"name":"神奈川県道732号湯本元箱根線","highway":"secondary","role":null},"geometry":{"type":"LineString","coordinates":[[139.1088294,35.2337719],[139.108808,35.2337354],[139.1087984,35.23372]]}},{"type":"Feature","properties":{"id":23814983,"name":"中央通り","highway":"trunk","role":null},"geometry":{"type":"LineString","coordinates":[[139.7744454,35.6840643],[139.774504,35.6842821]]}},{"type":"Feature","properties":{"id":23815145,"name":"中央通り","highway":"trunk","role":null},"geometry":{"type":"LineString","coordinates":[[139.7736924,35.6826018],[139.7737621,35.6827142],[139.7739146,35.6829613],[139.7741653,35.6833708],[139.7741937,35.6834172],[139.7742529,35.6835246]]}},{"type":"Feature","properties":{"id":23815146,"name":"中央通り","highway":"trunk","role":null},"geometry":{"type":"LineString","coordinates":[[139.7737674,35.6825677],[139.7737122,35.6824814]]}},{"type":"Feature","properties":{"id":26214743,"name":"国道1号","highway":"trunk","role":null},"geometry":{"type":"LineString","coordinates":[[136.6312434,34.9832358],[136.6305464,34.9825391],[136.6296531,34.981674],[136.6294376,34.9814489]]}},{"type":"Feature","properties":{"id":26214774,"name":"国道1号","highway":"trunk","role":null},"geometry":{"type":"LineString","coordinates":[[136.5294379,34.8871872],[136.529095,34.8868369],[136.5288218,34.8865401]]}},{"type":"Feature","properties":{"id":26321728,"name":"国道1号","highway":"trunk","role":null},"geometry":{"type":"LineString","coordinates":[[139.5171841,35.3860045],[139.5173056,35.3862584],[139.5174063,35.3864687],[139.5175814,35.386804],[139.5177095,35.3870038],[139.517936,35.3872844],[139.5180488,35.3874526],[139.5181062,35.3875199],[139.518267,35.3877304],[139.518398,35.3878853],[139.5185571,35.3880403],[139.518795,35.3882113]]}},{"type":"Feature","properties":{"id":26321729,"name":"国道1号","highway":"trunk","role":null},"geometry":{"type":"LineString","coordinates":[[139.518795,35.3882113],[139.5190682,35.3883307],[139.5193293,35.3883926]]}},{"type":"Feature","properties":{"id":27014536,"name":"旧三条通り;旧東海道","highway":"unclassified","role":null},"geometry":{"type":"LineString","coordinates":[[135.8221809,34.991306],[135.8219447,34.9913146],[135.8217978,34.9913201],[135.8215765,34.9913197],[135.821426,34.9913254],[135.8212124,34.9913335],[135.8206117,34.9913311],[135.8202718,34.9913298],[135.820028,34.9913217],[135.8197091,34.9913112],[135.8195726,34.9913067],[135.8192042,34.9912619],[135.8190144,34.9912518],[135.8189024,34.9912458],[135.8186815,34.9912384],[135.8186572,34.9912376],[135.8186307,34.9912367],[135.8180574,34.9912538],[135.8180194,34.9912539],[135.8174879,34.9912442],[135.8174753,34.991244],[135.8173171,34.9912411],[135.8172865,34.9912419],[135.8172663,34.991241],[135.8171937,34.991238],[135.8166419,34.9912192],[135.816592,34.9912183],[135.8163908,34.9912134],[135.8163237,34.9912126],[135.8162416,34.9912105],[135.8161318,34.9912119],[135.815725,34.9912115],[135.8156963,34.9912115],[135.8154165,34.9911937],[135.8152965,34.9911892],[135.8147454,34.9911933],[135.8144901,34.9912037],[135.8139803,34.9912327]]}},{"type":"Feature","properties":{"id":27423939,"name":"旧東海道","highway":"unclassified","role":null},"geometry":{"type":"LineString","coordinates":[[139.4864096,35.3461141],[139.4866347,35.3462409]]}},{"type":"Feature","properties":{"id":27495632,"name":"伊勢原藤沢線","highway":"primary","role":null},"geometry":{"type":"LineString","coordinates":[[139.4496987,35.346526],[139.449797,35.3464134],[139.4498214,35.3463855],[139.4498963,35.3463343],[139.4499713,35.3463161],[139.4500589,35.3463125],[139.4502782,35.3463082],[139.4505115,35.3462808],[139.4506962,35.3462422],[139.4508531,35.3462057],[139.4512724,35.3461031],[139.4513169,35.3460917],[139.4514779,35.3460525],[139.4515551,35.3460393],[139.4516237,35.3460275],[139.4516946,35.3460157],[139.4519326,35.3459998],[139.4520919,35.3459937],[139.4523837,35.3460027],[139.4526584,35.3460362],[139.4528472,35.3460772],[139.4529471,35.3461021],[139.4530361,35.3461242],[139.4532009,35.3461788],[139.4532829,35.3462117],[139.4536793,35.3463706]]}},{"type":"Feature","properties":{"id":27496039,"name":"藤沢厚木線","highway":"primary","role":null},"geometry":{"type":"LineString","coordinates":[[139.4784161,35.3476466],[139.4782993,35.3476336],[139.4779816,35.3475984],[139.4776909,35.3475302],[139.4771272,35.3473935],[139.4766087,35.3472624]]}},{"type":"Feature","properties":{"id":27524473,"name":"第一京浜","highway":"trunk","role":null},"geometry":{"type":"LineString","coordinates":[[139.7361641,35.5908549],[139.736163,35.5908133],[139.7361597,35.5906906],[139.7361435,35.5904556],[139.7361216,35.5902184],[139.736091,35.5900629],[139.736081,35.5899546],[139.7360542,35.589662],[139.7360474,35.5895883],[139.7360388,35.5893855],[139.7359886,35.5882055]]}},{"type":"Feature","properties":{"id":27524604,"name":"第一京浜","highway":"trunk","role":null},"geometry":{"type":"LineString","coordinates":[[139.7319893,35.5709055],[139.7317481,35.5705893],[139.731696,35.5705218],[139.7309763,35.5695824],[139.7308421,35.569408],[139.7307988,35.5693518],[139.7304641,35.5689125],[139.7303664,35.5687855],[139.7303089,35.5687082],[139.729641,35.5678548],[139.7290221,35.5670354],[139.7289914,35.5669975],[139.7289537,35.5669507],[139.7289254,35.5669053],[139.7287807,35.5667035],[139.7283956,35.5661665],[139.7278993,35.5654729],[139.7276217,35.5650911],[139.7275916,35.5650441],[139.7275457,35.5649786],[139.7273518,35.5647163],[139.7272959,35.5646407],[139.7268881,35.564089],[139.7268136,35.5639882],[139.7267844,35.5639462],[139.7263371,35.5633635],[139.7260771,35.5630195]]}},{"type":"Feature","properties":{"id":27524639,"name":"第一京浜","highway":"trunk","role":null},"geometry":{"type":"LineString","coordinates":[[139.7246841,35.5612986],[139.7248169,35.5614769]]}},{"type":"Feature","properties":{"id":27794392,"name":"三条通","highway":"tertiary","role":null},"geometry":{"type":"LineString","coordinates":[[135.7721258,35.0090842],[135.7721535,35.0090873],[135.7722651,35.009098]]}},{"type":"Feature","properties":{"id":27794399,"name":"三条通","highway":"tertiary","role":null},"geometry":{"type":"LineString","coordinates":[[135.7713158,35.0090019],[135.7721258,35.0090842]]}},{"type":"Feature","properties":{"id":28010419,"name":"第一京浜","highway":"trunk","role":null},"geometry":{"type":"LineString","coordinates":[[139.6451161,35.4837697],[139.6449711,35.4836884],[139.644724,35.483554],[139.644549,35.4834562],[139.6443468,35.4833301],[139.6443016,35.4832992],[139.6442015,35.4832308]]}},{"type":"Feature","properties":{"id":28016943,"name":"第一京浜","highway":"trunk","role":null},"geometry":{"type":"LineString","coordinates":[[139.6354675,35.4759231],[139.635705,35.4761773],[139.6357981,35.4762719],[139.6361314,35.4766211],[139.6366211,35.4771477],[139.6371201,35.4776392],[139.6376703,35.4781703],[139.6379803,35.4784893],[139.6380704,35.4785821],[139.6381155,35.478628],[139.6382156,35.47873],[139.6386961,35.4792493],[139.6388688,35.4794427],[139.6391036,35.4796492],[139.6394852,35.4799847],[139.6398769,35.4803046],[139.6399586,35.4803745]]}},{"type":"Feature","properties":{"id":28016944,"name":"第一京浜","highway":"trunk","role":null},"geometry":{"type":"LineString","coordinates":[[139.6440881,35.4833475],[139.6441938,35.4834141],[139.6443697,35.483525],[139.6445078,35.483605],[139.6446607,35.4836927],[139.6449033,35.4838256],[139.6451231,35.4839459]]}},{"type":"Feature","properties":{"id":28016946,"name":"第一京浜","highway":"trunk","role":null},"geometry":{"type":"LineString","coordinates":[[139.6451231,35.4839459],[139.6453448,35.4840636],[139.6455171,35.4841415]]}},{"type":"Feature","properties":{"id":28016947,"name":"第一京浜","highway":"trunk","role":null},"geometry":{"type":"LineString","coordinates":[[139.6626962,35.4909521],[139.6622554,35.490609],[139.661781,35.490228],[139.6616997,35.4901628],[139.6616358,35.4901192],[139.6615178,35.4900413],[139.6613321,35.4899126],[139.6610132,35.489649],[139.6605969,35.4893418],[139.6602861,35.4891335],[139.6598669,35.4888853],[139.6597763,35.4888345],[139.6596946,35.4887919],[139.659618,35.48875],[139.65901,35.4884377],[139.658343,35.4880483],[139.6580605,35.4878731],[139.6578863,35.4877355],[139.6577231,35.4875992],[139.6573241,35.4871952],[139.6570453,35.4869547],[139.6567361,35.4867553],[139.6565025,35.4866121],[139.6563537,35.48654],[139.6560311,35.4863963],[139.655938,35.4863672],[139.655798,35.4863268],[139.6556907,35.4862954],[139.6550844,35.4861182],[139.6548862,35.486061],[139.6539494,35.4857806],[139.6534627,35.4856298],[139.6533997,35.4856103],[139.6532073,35.4855507]]}},{"type":"Feature","properties":{"id":28016948,"name":"第一京浜","highway":"trunk","role":null},"geometry":{"type":"LineString","coordinates":[[139.6455679,35.4840145],[139.6454391,35.4839448],[139.6451161,35.4837697]]}},{"type":"Feature","properties":{"id":28016951,"name":"第一京浜","highway":"trunk","role":null},"geometry":{"type":"LineString","coordinates":[[139.6442015,35.4832308],[139.6437808,35.4829362],[139.6434774,35.4827217],[139.6431775,35.4825154],[139.6429583,35.4823717],[139.6428532,35.4823057],[139.6425906,35.4821449],[139.642543,35.4821179],[139.6424515,35.4820659],[139.6423263,35.481984],[139.6422664,35.4819449],[139.6419026,35.4817106],[139.6416066,35.4815102],[139.6413859,35.4813612],[139.6412013,35.4812313],[139.6410736,35.4811298],[139.6409479,35.481029],[139.6408222,35.4809266],[139.640681,35.4807871],[139.6403378,35.4805003],[139.6401961,35.4803773],[139.6400832,35.4802802],[139.6400226,35.4802258],[139.6398851,35.4801042],[139.6397803,35.4800044],[139.6395753,35.4797993],[139.6389954,35.4792166],[139.638337,35.478503],[139.6382806,35.4784418],[139.6381903,35.4783525],[139.6375265,35.4776962],[139.6370111,35.4772032],[139.6364386,35.4766045],[139.6356902,35.4757768]]}},{"type":"Feature","properties":{"id":28016956,"name":"第一京浜","highway":"trunk","role":null},"geometry":{"type":"LineString","coordinates":[[139.6521559,35.4853965],[139.6527683,35.4854974],[139.6533665,35.4856806],[139.6538973,35.4858432],[139.6545034,35.4860265],[139.6545707,35.4860467],[139.654853,35.4861331],[139.6548824,35.4861409],[139.6549348,35.4861563],[139.6554425,35.4863055],[139.6554707,35.4863141],[139.6556503,35.486367],[139.655763,35.4864004],[139.656006,35.4864723],[139.6563049,35.4866056],[139.6564535,35.4866789],[139.656688,35.4868171],[139.6570167,35.4870348],[139.6572527,35.4872298],[139.6576148,35.487606],[139.6578247,35.4877874],[139.6578424,35.4878002],[139.6581912,35.4880451],[139.6590319,35.4885306],[139.6595578,35.4888251],[139.6596356,35.4888681],[139.6597138,35.4889124],[139.6599277,35.4890373],[139.6603874,35.4892893],[139.6607116,35.4895262],[139.6611997,35.4899275],[139.6615706,35.4901851],[139.6616347,35.4902312],[139.6617127,35.4902868],[139.662533,35.4909506],[139.6629198,35.4912178],[139.663027,35.4912862],[139.6633938,35.4914843],[139.6638764,35.491763]]}},{"type":"Feature","properties":{"id":28402285,"name":"三条通","highway":"secondary","role":null},"geometry":{"type":"LineString","coordinates":[[135.7808027,35.0093251],[135.7807781,35.009328],[135.7806952,35.0093366],[135.7806584,35.0093409],[135.7797514,35.0094429],[135.7792605,35.0094891],[135.779043,35.0094944],[135.7789149,35.0094974],[135.7787716,35.0094921],[135.778333,35.0094757]]}},{"type":"Feature","properties":{"id":28875246,"name":"島田吉田線","highway":"primary","role":null},"geometry":{"type":"LineString","coordinates":[[138.1829076,34.8326864],[138.1828813,34.8326776],[138.1821006,34.8324155],[138.1819669,34.8323681],[138.1816152,34.8322434],[138.1814929,34.832216],[138.1813714,34.8322157],[138.1812752,34.8322229],[138.1810427,34.8322481],[138.1804433,34.832312],[138.1802324,34.8323368],[138.1797516,34.8323932],[138.1792467,34.8324426],[138.1784918,34.8325411],[138.1779034,34.8326132],[138.1770639,34.8326919],[138.176774,34.8327146]]}},{"type":"Feature","properties":{"id":31900982,"name":"国道301号","highway":"trunk","role":null},"geometry":{"type":"LineString","coordinates":[[137.5591264,34.6950472],[137.5595397,34.6949274],[137.5599343,34.694815],[137.5601772,34.6947464],[137.5605989,34.6946347],[137.5609362,34.6945346],[137.5612996,34.6944271]]}},{"type":"Feature","properties":{"id":31929634,"name":"東海道","highway":"residential","role":null},"geometry":{"type":"LineString","coordinates":[[137.6163357,34.6840152],[137.6162562,34.6840247],[137.6157582,34.6840851],[137.6148857,34.6841909],[137.6148335,34.6841972],[137.6147794,34.6842013],[137.6146142,34.6842137],[137.6143762,34.6842214],[137.6138804,34.6842374],[137.6137013,34.6842432],[137.6133383,34.6842549],[137.6133094,34.6842558],[137.613275,34.6842569],[137.6132249,34.6842592],[137.6126258,34.6842873],[137.6125438,34.6842954],[137.6125143,34.6842983],[137.612341,34.6843153],[137.6122103,34.6843281],[137.6120149,34.6843473],[137.6119668,34.684352],[137.611927,34.6843559],[137.6117234,34.6843759],[137.6115532,34.6843926],[137.6110265,34.6844443],[137.6109769,34.6844492],[137.6109026,34.6844565],[137.6108721,34.6844595],[137.610776,34.6844698],[137.6101459,34.6845372],[137.6099248,34.6845608],[137.6095426,34.6845886],[137.6094862,34.6845927],[137.6088053,34.6846424],[137.608513,34.6846638],[137.6084,34.684672],[137.6083394,34.6846592]]}},{"type":"Feature","properties":{"id":31962673,"name":"国道1号","highway":"trunk","role":null},"geometry":{"type":"LineString","coordinates":[[138.9350579,35.1238826],[138.9351439,35.1239804],[138.9352773,35.1240719],[138.9353083,35.1240931],[138.9354095,35.1241625],[138.9356724,35.1243205],[138.9362509,35.1247066],[138.9371008,35.1252674],[138.9372133,35.1253456],[138.9377422,35.1257251],[138.938042,35.125968],[138.9382186,35.126111],[138.9384773,35.1263117],[138.9386051,35.1263967],[138.9387091,35.1264658],[138.938841,35.1265535],[138.939094,35.1266884],[138.9395961,35.1270016],[138.9399956,35.1272517],[138.940326,35.1274517],[138.9405144,35.127595],[138.9410682,35.1280917],[138.9414459,35.1285195],[138.9417026,35.1288004],[138.942296,35.1293053],[138.9424489,35.1294559],[138.9425837,35.1296171],[138.9426099,35.1296484],[138.942681,35.1297751],[138.9428541,35.1301629],[138.9430259,35.1305655],[138.943082,35.1306793],[138.9431899,35.130863],[138.9433148,35.1310599],[138.9433752,35.1311209]]}},{"type":"Feature","properties":{"id":32684692,"name":"旧東海道","highway":"tertiary","role":null},"geometry":{"type":"LineString","coordinates":[[137.036964,35.0156398],[137.0369058,35.0156853],[137.0368724,35.0157415],[137.0368496,35.0157874],[137.0368437,35.0158234],[137.0368409,35.0158413],[137.0368762,35.0159288]]}},{"type":"Feature","properties":{"id":32741990,"name":"国道1号","highway":"trunk","role":null},"geometry":{"type":"LineString","coordinates":[[136.3354694,34.8989816],[136.3355156,34.8987228],[136.3356254,34.8982952],[136.3356573,34.8981633],[136.3357399,34.8978543],[136.3358418,34.8974985]]}},{"type":"Feature","properties":{"id":32742024,"name":"国道1号","highway":"trunk","role":null},"geometry":{"type":"LineString","coordinates":[[136.3810765,34.856065],[136.3792471,34.8566595],[136.3785377,34.8569244],[136.3778007,34.8571868],[136.3767131,34.8575326],[136.376188,34.8577155],[136.3756656,34.8579284],[136.3754473,34.858033],[136.3752845,34.8581407],[136.3751555,34.8582462],[136.3746562,34.8586855],[136.3744626,34.8588558]]}},{"type":"Feature","properties":{"id":32900455,"name":"旧東海道","highway":"tertiary","role":null},"geometry":{"type":"LineString","coordinates":[[137.0543269,35.0035602],[137.0545197,35.0035062],[137.0548589,35.0034177],[137.0550456,35.0033689],[137.0562461,35.0030556],[137.0566167,35.0029625],[137.0566411,35.0029564],[137.0566878,35.0029478],[137.0584157,35.0026575],[137.0592212,35.0024995],[137.0599066,35.0023567],[137.0600808,35.0023204],[137.0601847,35.0022985],[137.0604353,35.0022465],[137.0611818,35.0020889],[137.0613877,35.0020308],[137.0617176,35.0019616],[137.0619443,35.0019328],[137.0622571,35.0019075],[137.062889,35.0019043],[137.0632173,35.0019258],[137.0634377,35.0019583],[137.0639991,35.002046],[137.0642057,35.0020779],[137.064744,35.0021685],[137.0658052,35.0023311],[137.0660849,35.0023532],[137.0663666,35.0023677],[137.0666624,35.0023675],[137.0669705,35.0023557],[137.0672935,35.0023154],[137.0674744,35.0022841],[137.0677253,35.0022174],[137.0682503,35.002078]]}},{"type":"Feature","properties":{"id":32900511,"name":"旧東海道","highway":"tertiary","role":null},"geometry":{"type":"LineString","coordinates":[[137.0807591,34.9951556],[137.0816606,34.9945353],[137.0817951,34.9944411],[137.0821047,34.9942244],[137.0830415,34.9934693],[137.0830772,34.9934455],[137.0835146,34.9931535],[137.0839528,34.9929036],[137.0844868,34.9925646],[137.0845208,34.992547],[137.0850081,34.9922804],[137.08547,34.9921307],[137.0862823,34.9918406],[137.0864316,34.9917832],[137.087299,34.9915037],[137.0878584,34.9913427],[137.0881769,34.9912528],[137.0885932,34.9911351],[137.089371,34.9909478],[137.0898457,34.9908336],[137.090311,34.9907299],[137.0909323,34.9905983],[137.0913954,34.9905392],[137.0921744,34.990444],[137.0927497,34.9903522],[137.0932386,34.9902561],[137.0938869,34.9901185],[137.0950608,34.9897726],[137.095686,34.9895504],[137.0960525,34.9893989],[137.0963215,34.9892876],[137.0970903,34.9889564],[137.0980671,34.9885356],[137.098175,34.988487],[137.0982488,34.9884487],[137.0987735,34.9882864],[137.0999823,34.9878688],[137.101081,34.9874834],[137.101677,34.9872679],[137.1017625,34.9872517],[137.1018718,34.9872351],[137.1027821,34.9869457],[137.1035275,34.986638],[137.1043134,34.9862862],[137.1049557,34.9859438],[137.1050824,34.985874]]}},{"type":"Feature","properties":{"id":32904319,"name":"石山停車場線","highway":"secondary","role":null},"geometry":{"type":"LineString","coordinates":[[135.9048174,34.9734165],[135.9047217,34.9734397],[135.9046519,34.9734569],[135.9042823,34.9735477],[135.9037064,34.973697],[135.9035467,34.9737393],[135.9033225,34.9738045],[135.9031994,34.9738404]]}},{"type":"Feature","properties":{"id":32953375,"name":"石山停車場線","highway":"secondary","role":null},"geometry":{"type":"LineString","coordinates":[[135.9019943,34.9742328],[135.9019699,34.9743087],[135.9019632,34.9743477],[135.9019629,34.9743603],[135.9019502,34.9748744],[135.9019451,34.9750509],[135.9019398,34.9753093],[135.9019403,34.9753506],[135.9019453,34.9755499],[135.9019485,34.9756524],[135.9019573,34.9759335],[135.9019602,34.9760244],[135.9019608,34.9762477],[135.9019614,34.976474],[135.9019616,34.9765569],[135.901972,34.9766446],[135.9019862,34.9767336],[135.9020293,34.9770031],[135.9020518,34.9771733],[135.9020508,34.9773795],[135.9020497,34.9774534],[135.9020464,34.9776861],[135.9020452,34.9778911],[135.9020435,34.9780395],[135.9020463,34.9781553],[135.9020509,34.9783459],[135.9020552,34.978401],[135.9020576,34.9784323],[135.9020604,34.9784679],[135.9020786,34.9787463],[135.9020873,34.978917],[135.9020934,34.9791223],[135.9020833,34.9792459]]}},{"type":"Feature","properties":{"id":32981875,"name":"磐田停車場線","highway":"primary","role":null},"geometry":{"type":"LineString","coordinates":[[137.8531046,34.7238773],[137.8530331,34.7235108],[137.8529263,34.7230459]]}},{"type":"Feature","properties":{"id":33847111,"name":"旧東海道","highway":"unclassified","role":null},"geometry":{"type":"LineString","coordinates":[[135.8364181,34.9910047],[135.8363471,34.9910246],[135.8360904,34.9910737],[135.8356786,34.9911296],[135.8354219,34.9911497],[135.8351688,34.9911531],[135.8346873,34.991154],[135.8342144,34.9911615],[135.8335842,34.9911753],[135.8332233,34.9911632],[135.8328536,34.9911528],[135.8324502,34.9911513],[135.8322361,34.99116],[135.832095,34.9911657],[135.831702,34.9911855],[135.8312775,34.9912024]]}},{"type":"Feature","properties":{"id":33912911,"name":"国道1号;東海道","highway":"trunk","role":null},"geometry":{"type":"LineString","coordinates":[[138.0712282,34.7900298],[138.0712389,34.7900647],[138.071326,34.7903496],[138.0713364,34.7903834]]}},{"type":"Feature","properties":{"id":34003597,"name":"旧東海道","highway":"tertiary","role":null},"geometry":{"type":"LineString","coordinates":[[139.6741146,35.4958713],[139.6742333,35.496082],[139.6744354,35.4964956],[139.674567,35.4968435]]}},{"type":"Feature","properties":{"id":34003598,"name":"旧東海道","highway":"unclassified","role":null},"geometry":{"type":"LineString","coordinates":[[139.6696077,35.4934653],[139.6695333,35.4934369],[139.6694671,35.4934136],[139.6692053,35.4933219],[139.6688613,35.4932269],[139.6687184,35.4931812],[139.668226,35.4930219],[139.667845,35.4929024],[139.6678162,35.4928934],[139.6657496,35.4921518],[139.66456,35.491762],[139.6640799,35.4916004],[139.6639638,35.4916841],[139.6639255,35.4917118]]}},{"type":"Feature","properties":{"id":34059480,"name":"長尾芦川線","highway":"secondary","role":null},"geometry":{"type":"LineString","coordinates":[[139.023909,35.187887],[139.0238643,35.1878941],[139.0238235,35.1879006],[139.0234967,35.1879159],[139.0230442,35.1879952],[139.0229124,35.1880165],[139.0226067,35.188066],[139.0224794,35.1880901],[139.022148,35.1881264],[139.021906,35.18813],[139.0217246,35.1881327],[139.0214348,35.1881025],[139.0213328,35.188115]]}},{"type":"Feature","properties":{"id":34088969,"name":"旧東海道","highway":"tertiary","role":null},"geometry":{"type":"LineString","coordinates":[[137.888272,34.73872],[137.8882864,34.7388426],[137.8883509,34.7392158]]}},{"type":"Feature","properties":{"id":34124013,"name":"箱根旧街道杉並木 Ancient Cedar Avenue","highway":"footway","role":null},"geometry":{"type":"LineString","coordinates":[[139.0277043,35.1945323],[139.027759,35.1945305],[139.0278223,35.1945274],[139.0279098,35.1948712],[139.0279937,35.1949687],[139.0281638,35.1952683],[139.0285312,35.1957035],[139.0286846,35.1958312],[139.0288516,35.196035],[139.0289193,35.1961772],[139.0289555,35.1962802],[139.0289705,35.1964734],[139.0290143,35.197052],[139.0290496,35.1972724],[139.0290828,35.1973955],[139.0292067,35.1975721],[139.0294036,35.1978072],[139.0295691,35.198025],[139.0296238,35.1981273],[139.0296648,35.1982938],[139.0296957,35.1984817],[139.0297688,35.1988895],[139.0297988,35.1990773],[139.0297656,35.1991177]]}},{"type":"Feature","properties":{"id":34621009,"name":"保土ヶ谷停車場線","highway":"secondary","role":null},"geometry":{"type":"LineString","coordinates":[[139.5962954,35.4450512],[139.5966261,35.445438],[139.5966532,35.4454698],[139.5966825,35.4455046],[139.5969598,35.4458337],[139.5970202,35.4459054],[139.5971252,35.4460301],[139.5971678,35.4460807],[139.5972887,35.4462241],[139.5975123,35.4464941],[139.5976447,35.446654],[139.5976865,35.4467045],[139.5977688,35.4468039],[139.5978804,35.4469387],[139.5982023,35.4473274],[139.5984335,35.4476086],[139.5984557,35.4476356],[139.5986008,35.4476979]]}},{"type":"Feature","properties":{"id":35209694,"name":"新金谷停車場線","highway":"secondary","role":null},"geometry":{"type":"LineString","coordinates":[[138.1313663,34.8254789],[138.131394,34.8255265],[138.1314994,34.8257128],[138.1315842,34.8258542],[138.1315942,34.8258687],[138.1316711,34.8259805],[138.131766,34.8261034]]}},{"type":"Feature","properties":{"id":35210112,"name":"島田岡部線","highway":"secondary","role":null},"geometry":{"type":"LineString","coordinates":[[138.1955948,34.8356043],[138.1955444,34.8355942],[138.1944764,34.8353793]]}},{"type":"Feature","properties":{"id":35210944,"name":"上青島焼津線","highway":"secondary","role":null},"geometry":{"type":"LineString","coordinates":[[138.2160879,34.8413458],[138.2161471,34.841288],[138.2162548,34.8412534],[138.2163443,34.8412522],[138.2170139,34.8413579],[138.2173692,34.8414239],[138.2176574,34.8414967],[138.217916,34.8415704],[138.2180374,34.8416114],[138.2185954,34.8417998],[138.218649,34.8418161],[138.2187513,34.8418473],[138.2189279,34.8419011],[138.2193339,34.8419948],[138.2199102,34.8421003],[138.2213967,34.8424616],[138.2225448,34.8427427],[138.2230391,34.842844],[138.2234271,34.8428808],[138.2236066,34.8428861],[138.2242452,34.8429051],[138.2246033,34.8429305],[138.2246346,34.8429344]]}},{"type":"Feature","properties":{"id":35906404,"name":"沼津三島線","highway":"secondary","role":null},"geometry":{"type":"LineString","coordinates":[[138.9116614,35.1188141],[138.911517,35.1187788],[138.9113126,35.118739],[138.9110756,35.1186597],[138.9107041,35.1185232],[138.9104224,35.1183953],[138.910201,35.1182904],[138.9101365,35.1182578],[138.9100726,35.1182233],[138.9095291,35.1179295],[138.9093127,35.1178176],[138.9091266,35.1177275],[138.9090703,35.1177002],[138.9090186,35.1176754],[138.908895,35.1176159],[138.9079129,35.1171381],[138.9074504,35.1169205],[138.9073484,35.1168725],[138.907276,35.1168397],[138.9071486,35.1167798],[138.9062811,35.1163753],[138.9056398,35.1160708],[138.9056172,35.1160598],[138.9054518,35.1159784],[138.9051388,35.1158027],[138.9046313,35.1154622],[138.9042614,35.1152443]]}},{"type":"Feature","properties":{"id":35907270,"name":"市道01059号線","highway":"tertiary","role":null},"geometry":{"type":"LineString","coordinates":[[138.7498844,35.1342383],[138.7502905,35.1342573],[138.7503554,35.1342603],[138.7504203,35.1342632],[138.7507492,35.134274],[138.7513736,35.1342945],[138.7519816,35.1342945],[138.7526926,35.1342803],[138.753254,35.1342707],[138.7534447,35.1342691],[138.7546002,35.1342452],[138.7546558,35.1342442],[138.7552837,35.1342327],[138.755593,35.1342174],[138.7561319,35.1341884],[138.7563251,35.1341792],[138.7563535,35.1341796],[138.7563776,35.134185],[138.7564142,35.1342212],[138.7564521,35.1342488],[138.756493,35.134282],[138.7565339,35.1342893],[138.7565732,35.1342866],[138.7571077,35.1342007],[138.7573495,35.1341782],[138.7580676,35.1341365],[138.758495,35.1341059],[138.7592438,35.1340555],[138.759509,35.134028],[138.7596661,35.1340122],[138.760826,35.1338612],[138.7614131,35.1337893],[138.7614637,35.1337832],[138.7620935,35.133706],[138.7633318,35.1335647],[138.763879,35.1334939],[138.763924,35.1334881],[138.7646205,35.1333988],[138.7650557,35.1333448],[138.7661422,35.1331792],[138.7666102,35.1331138],[138.7667934,35.1330882],[138.7668589,35.1330782],[138.7675506,35.1329725],[138.7680202,35.1328831],[138.7683147,35.1328338],[138.7688455,35.1327451],[138.7691658,35.1326862],[138.769562,35.1326117],[138.7709583,35.1323419],[138.7710739,35.1323196],[138.7716672,35.1321956],[138.772474,35.1320389],[138.7733931,35.1318291],[138.7740428,35.1316926],[138.7744585,35.1316053],[138.7762072,35.1311838],[138.776273,35.1311711],[138.7793347,35.1304359],[138.7802276,35.1302215],[138.7803337,35.130196],[138.7806821,35.1301138],[138.7813116,35.1299553],[138.7817557,35.1298443],[138.7818311,35.129825],[138.7818885,35.1298109],[138.7826531,35.1296238],[138.7833256,35.1294559],[138.7839346,35.1293102],[138.7839452,35.1293078],[138.7843579,35.1291917],[138.7845249,35.1291469],[138.7848192,35.1290744],[138.7848598,35.1290639],[138.7855888,35.1288773],[138.7856255,35.1288667]]}},{"type":"Feature","properties":{"id":36709305,"name":"掛川袋井線","highway":"secondary","role":null},"geometry":{"type":"LineString","coordinates":[[137.9768332,34.7690493],[137.9769139,34.7692278],[137.9769851,34.7694499],[137.9770605,34.7696974],[137.977094,34.7698491]]}},{"type":"Feature","properties":{"id":36709829,"name":"旧東海道","highway":"unclassified","role":null},"geometry":{"type":"LineString","coordinates":[[137.9632414,34.7631935],[137.9636556,34.7631028],[137.9637341,34.7631041],[137.9638113,34.7631368],[137.9640355,34.7632502],[137.9643033,34.763388],[137.9645183,34.7635071]]}},{"type":"Feature","properties":{"id":36712057,"name":"旧東海道","highway":"tertiary","role":null},"geometry":{"type":"LineString","coordinates":[[137.9282229,34.7527151],[137.9282592,34.7526467],[137.9284059,34.7523712]]}},{"type":"Feature","properties":{"id":36726087,"name":"三島富士線","highway":"primary","role":null},"geometry":{"type":"LineString","coordinates":[[138.6785845,35.1613575],[138.6789137,35.1616912]]}},{"type":"Feature","properties":{"id":36850980,"name":"旧東海道","highway":"tertiary","role":null},"geometry":{"type":"LineString","coordinates":[[138.5730325,35.1110046],[138.5715612,35.1099857],[138.5711668,35.1096979],[138.5709756,35.1095982],[138.570598,35.1094741]]}},{"type":"Feature","properties":{"id":36963013,"name":"国道1号","highway":"trunk","role":null},"geometry":{"type":"LineString","coordinates":[[138.4969865,35.0400668],[138.4969643,35.0400228],[138.4968661,35.0398274],[138.4967811,35.0397049],[138.4966797,35.0395589],[138.4964707,35.039319],[138.4962682,35.0390942],[138.4958298,35.0385912],[138.4957517,35.0385053],[138.4955855,35.0383264],[138.4953279,35.0380599],[138.4946967,35.0374237],[138.4943941,35.0370742],[138.4941507,35.0367855],[138.4939818,35.0365952],[138.4938933,35.0364983],[138.4935378,35.0361035],[138.4933414,35.0359128],[138.493173,35.0357646]]}},{"type":"Feature","properties":{"id":36963018,"name":"国道1号","highway":"trunk","role":null},"geometry":{"type":"LineString","coordinates":[[138.493173,35.0357646],[138.493064,35.0356694]]}},{"type":"Feature","properties":{"id":36963019,"name":"国道1号","highway":"trunk","role":null},"geometry":{"type":"LineString","coordinates":[[138.493064,35.0356694],[138.4929039,35.0355199],[138.4925199,35.0351578],[138.4917717,35.0344671],[138.4914439,35.0341678],[138.4910722,35.0338125],[138.4909723,35.0337059],[138.4907105,35.033412],[138.4903308,35.0329357],[138.4900737,35.0326175],[138.4897706,35.0322627],[138.489401,35.0318281]]}},{"type":"Feature","properties":{"id":36963026,"name":"国道1号","highway":"trunk","role":null},"geometry":{"type":"LineString","coordinates":[[138.4893435,35.0317016],[138.4893232,35.031637],[138.489285,35.0315524]]}},{"type":"Feature","properties":{"id":37060414,"name":"旧東海道","highway":"unclassified","role":null},"geometry":{"type":"LineString","coordinates":[[137.0404002,35.0092547],[137.0406555,35.0091121],[137.0412791,35.0088155],[137.0414449,35.0087117],[137.0414958,35.0086746],[137.0418592,35.0083832],[137.0421388,35.008144]]}},{"type":"Feature","properties":{"id":37191725,"name":"東海道","highway":"trunk","role":null},"geometry":{"type":"LineString","coordinates":[[137.7276892,34.7080361],[137.7278284,34.7080448],[137.7283939,34.7080805],[137.7284466,34.7080837],[137.7287068,34.7080995],[137.7295773,34.7081435],[137.729701,34.7081484]]}},{"type":"Feature","properties":{"id":37191727,"name":"国道257号（東海道）","highway":"trunk","role":null},"geometry":{"type":"LineString","coordinates":[[137.7284194,34.7052345],[137.7283319,34.7052912],[137.7281357,34.7059932],[137.7280059,34.706474],[137.7276924,34.7075089],[137.7275973,34.7079027],[137.7275661,34.7080319]]}},{"type":"Feature","properties":{"id":38094725,"name":"旧東海道","highway":"unclassified","role":null},"geometry":{"type":"LineString","coordinates":[[139.7362058,35.5776341],[139.7362241,35.5776898],[139.7363758,35.5781064],[139.7364156,35.5782184],[139.7364876,35.578421],[139.736569,35.5786999],[139.7366652,35.5790764],[139.7366735,35.5791239],[139.7367394,35.5795033]]}},{"type":"Feature","properties":{"id":38096608,"name":"旧東海道 (Old Tokaido)","highway":"unclassified","role":null},"geometry":{"type":"LineString","coordinates":[[139.5666622,35.4364613],[139.5666808,35.4363892],[139.5666959,35.4363304]]}},{"type":"Feature","properties":{"id":38770732,"name":"掛川袋井線","highway":"secondary","role":null},"geometry":{"type":"LineString","coordinates":[[137.9957822,34.7757106],[137.9957596,34.7756378],[137.995595,34.7751775],[137.9955808,34.7751405],[137.9954559,34.7747989],[137.9954187,34.774693],[137.9953814,34.7745615],[137.9953161,34.7743518],[137.9951244,34.7736963],[137.9947351,34.7726851],[137.9946155,34.7726752],[137.9946983,34.7725901],[137.9945734,34.7723006],[137.9945221,34.7721828]]}},{"type":"Feature","properties":{"id":39671154,"name":"旧東海道","highway":"unclassified","role":null},"geometry":{"type":"LineString","coordinates":[[139.3323996,35.3262388],[139.3324824,35.3262256],[139.3324918,35.3262282],[139.332908,35.326338],[139.3331081,35.3263865],[139.333581,35.3264928],[139.3343497,35.3266385],[139.3344025,35.3266503],[139.3353326,35.3268532],[139.3360277,35.3270173],[139.3361298,35.3270386]]}},{"type":"Feature","properties":{"id":39800798,"name":"旧東海道","highway":"unclassified","role":null},"geometry":{"type":"LineString","coordinates":[[139.7367394,35.5795033],[139.7367726,35.5798268],[139.7367804,35.5801065],[139.7367858,35.580301],[139.7367826,35.5803422],[139.7367898,35.5805536],[139.7367908,35.5807932],[139.7368019,35.5811241],[139.7368159,35.5812945],[139.7368175,35.5813359],[139.7368135,35.5813761]]}},{"type":"Feature","properties":{"id":39869034,"name":"旧東海道","highway":"service","role":null},"geometry":{"type":"LineString","coordinates":[[139.0270741,35.193561],[139.0268661,35.193663],[139.02677,35.1937336]]}},{"type":"Feature","properties":{"id":40068528,"name":"旧東海道","highway":"unclassified","role":null},"geometry":{"type":"LineString","coordinates":[[139.3134173,35.3073713],[139.3134329,35.3073274],[139.3134666,35.3072789],[139.3138907,35.3072023],[139.3139977,35.3072152],[139.3140534,35.3072462],[139.314101,35.3072871],[139.3141785,35.3074152],[139.3142449,35.3075248],[139.3143065,35.3076243]]}},{"type":"Feature","properties":{"id":41381840,"name":"旧東海道","highway":"tertiary","role":null},"geometry":{"type":"LineString","coordinates":[[138.1829076,34.8326864],[138.1829624,34.8326693],[138.1830839,34.8327506],[138.1839418,34.8330547],[138.1840939,34.8331105],[138.1844219,34.833207],[138.1849052,34.8333083],[138.1854059,34.8334138],[138.185921,34.8335223],[138.1863948,34.8336805],[138.1866693,34.8337862],[138.1868867,34.8338702],[138.1876607,34.8341679],[138.1880037,34.8343],[138.1882465,34.83437],[138.1887257,34.8344572],[138.1896028,34.8346169],[138.1909409,34.8347986],[138.1910448,34.8348123],[138.191369,34.8348271],[138.1916506,34.8348425],[138.1921176,34.8349128],[138.1923242,34.8349538],[138.1926513,34.8350578]]}},{"type":"Feature","properties":{"id":42717144,"name":"旧東海道","highway":"tertiary","role":null},"geometry":{"type":"LineString","coordinates":[[139.178326,35.260444],[139.1781441,35.2606687]]}},{"type":"Feature","properties":{"id":43150017,"name":"藤枝静岡線","highway":"secondary","role":null},"geometry":{"type":"LineString","coordinates":[[138.3657926,34.9580668],[138.3656829,34.9579514],[138.3654095,34.9576507],[138.3651636,34.9574084],[138.3650235,34.9572727],[138.3646311,34.9568785],[138.3646107,34.9568499],[138.3645723,34.9568059],[138.3645424,34.9567496],[138.3645015,34.956646],[138.3641056,34.9556298],[138.3640856,34.9555812],[138.3638854,34.9550459],[138.363452,34.9539909],[138.3634188,34.9539006],[138.3633942,34.9538306],[138.3633873,34.9538181],[138.3633099,34.9536766],[138.3632791,34.9536153],[138.3632322,34.9535248],[138.3632097,34.9534883],[138.3628936,34.9531132],[138.362823,34.9530294],[138.3627512,34.9529399],[138.3627089,34.9528837],[138.3621621,34.952185],[138.361892,34.95184],[138.3616483,34.9515191],[138.3615225,34.9513594],[138.3612826,34.9510548],[138.360923,34.9506112],[138.3606851,34.9503177],[138.3603614,34.9499009],[138.3601203,34.9496135],[138.359976,34.9494715]]}},{"type":"Feature","properties":{"id":43150068,"name":"新通り","highway":"tertiary","role":null},"geometry":{"type":"LineString","coordinates":[[138.3772839,34.9718487],[138.3772682,34.9718245],[138.3766164,34.9708174],[138.3765637,34.970736],[138.3765087,34.9706532],[138.3760077,34.9698974]]}},{"type":"Feature","properties":{"id":43273593,"name":"旧東海道","highway":"tertiary","role":null},"geometry":{"type":"LineString","coordinates":[[137.2009165,34.9252333],[137.2002051,34.9253817],[137.2000368,34.9254738],[137.19986,34.925588],[137.1996642,34.9257482],[137.1992746,34.9261384],[137.1992008,34.9261962],[137.198768,34.9266124]]}},{"type":"Feature","properties":{"id":43443146,"name":"旧東海道","highway":"unclassified","role":null},"geometry":{"type":"LineString","coordinates":[[139.2776732,35.3044771],[139.2781152,35.3045216],[139.2789731,35.3045321],[139.2791331,35.3045341],[139.2793744,35.3045477],[139.2811083,35.3046611],[139.2814788,35.3046853],[139.2822975,35.3047043],[139.282593,35.3047338],[139.2827651,35.3047611],[139.2837462,35.3049172],[139.2845151,35.3050396],[139.2846347,35.3050586],[139.284824,35.3051047],[139.2849776,35.3051421],[139.2853044,35.3052608],[139.2855134,35.3053825],[139.2856486,35.3054272],[139.2862232,35.3055638],[139.2866073,35.3056282],[139.286629,35.3056323],[139.2868822,35.3056807],[139.2870422,35.3056955],[139.2871172,35.3057025],[139.2872674,35.305707],[139.2874598,35.305659],[139.2876375,35.3055975],[139.2879924,35.3054448],[139.2883228,35.30525],[139.2883721,35.305221]]}},{"type":"Feature","properties":{"id":48890347,"name":"国道1号","highway":"trunk","role":null},"geometry":{"type":"LineString","coordinates":[[136.9218396,35.115062],[136.9216839,35.115099],[136.9212546,35.1152752],[136.9205108,35.1155652],[136.9203144,35.1156418],[136.9201787,35.1156947],[136.9195448,35.1159418],[136.9189879,35.1161588],[136.918668,35.1162853],[136.9186046,35.1163083]]}},{"type":"Feature","properties":{"id":48890393,"name":"国道1号","highway":"trunk","role":null},"geometry":{"type":"LineString","coordinates":[[136.9188331,35.1163228],[136.9195816,35.1160189],[136.9201155,35.1158143],[136.9202261,35.1157719],[136.920498,35.1156677],[136.9211235,35.1154239],[136.9218264,35.1151711],[136.9221025,35.1150094]]}},{"type":"Feature","properties":{"id":48891242,"name":"旧東海道","highway":"unclassified","role":null},"geometry":{"type":"LineString","coordinates":[[136.9132802,35.1175971],[136.9132198,35.1176311]]}},{"type":"Feature","properties":{"id":49395291,"name":"旧東海道","highway":"unclassified","role":null},"geometry":{"type":"LineString","coordinates":[[136.9100159,35.1201355],[136.9100973,35.120101],[136.9105832,35.1198952],[136.9106332,35.1198728],[136.9109158,35.1197461],[136.9111304,35.1196078],[136.9114043,35.1193386],[136.9114362,35.1193073],[136.9117177,35.1190305],[136.9118567,35.1188706],[136.9119724,35.1187376],[136.9120382,35.118662],[136.9121553,35.1184923],[136.9123995,35.1182053],[136.9125628,35.1180371],[136.9126035,35.1179952],[136.9126633,35.1179599],[136.9131495,35.1176726],[136.9132198,35.1176311]]}},{"type":"Feature","properties":{"id":49459342,"name":"緑瑞穂線","highway":"secondary","role":null},"geometry":{"type":"LineString","coordinates":[[136.9268623,35.11406],[136.9262725,35.1141455],[136.9260905,35.1141498],[136.9257776,35.114135],[136.9256036,35.1141297],[136.9255078,35.1141271],[136.9253509,35.1141193],[136.925046,35.1141182],[136.9247563,35.1142245],[136.9246896,35.1142428],[136.9245348,35.1142894],[136.9240155,35.1144438],[136.9232132,35.1147101],[136.9228616,35.1148213],[136.922235,35.1149766],[136.9221025,35.1150094]]}},{"type":"Feature","properties":{"id":49577381,"name":"旧東海道","highway":"tertiary","role":null},"geometry":{"type":"LineString","coordinates":[[139.1403556,35.2469569],[139.1405328,35.2469761],[139.1408224,35.2470418],[139.1408885,35.2470762],[139.1409579,35.2471339],[139.1410068,35.2471781],[139.1411349,35.2472554],[139.1412606,35.247326],[139.141768,35.2475637],[139.141848,35.2475861],[139.1419074,35.2475894],[139.1420154,35.2475858],[139.1424358,35.2475172],[139.1431133,35.2473935],[139.1434086,35.2473449],[139.1440737,35.2472278],[139.1456669,35.2469457],[139.1461512,35.2468502],[139.1465699,35.2467331],[139.1472357,35.2465367],[139.1472518,35.2465319],[139.147443,35.2464643],[139.1474974,35.2464009],[139.1475609,35.2462967],[139.1476006,35.2462282],[139.1476499,35.2461431]]}},{"type":"Feature","properties":{"id":51062628,"name":"旧東海道","highway":"unclassified","role":null},"geometry":{"type":"LineString","coordinates":[[136.9282709,35.114294],[136.9281171,35.1142481],[136.9278534,35.1141549],[136.9275533,35.1140676],[136.9274277,35.1140596],[136.9269442,35.1140602],[136.9268623,35.11406]]}},{"type":"Feature","properties":{"id":53647205,"name":"旧東海道","highway":"residential","role":null},"geometry":{"type":"LineString","coordinates":[[137.19546,34.9334951],[137.1954424,34.9334609],[137.1954424,34.9333883],[137.1954695,34.933293],[137.195853,34.9314986],[137.1958582,34.9314743]]}},{"type":"Feature","properties":{"id":55444817,"name":"旧東海道","highway":"unclassified","role":null},"geometry":{"type":"LineString","coordinates":[[139.5781353,35.4456481],[139.5780639,35.4456427],[139.5779628,35.4456324],[139.5777397,35.4456084],[139.5775904,35.4455783],[139.5775089,35.4455452],[139.5774474,35.4455203],[139.5770033,35.4452964],[139.5767698,35.4451787],[139.5765956,35.4450861],[139.576515,35.4450325],[139.576446,35.4449833],[139.5764257,35.4449648]]}},{"type":"Feature","properties":{"id":57091388,"name":"旧東海道","highway":"path","role":null},"geometry":{"type":"LineString","coordinates":[[136.9059888,35.1185675],[136.9059054,35.1185554],[136.9058348,35.1185451],[136.9056977,35.1185639],[136.905588,35.118603],[136.9054132,35.1186904],[136.9053138,35.118696],[136.9051451,35.1186679],[136.9050879,35.1187138],[136.9051432,35.1187804],[136.9050617,35.1188216],[136.9049886,35.1187569]]}},{"type":"Feature","properties":{"id":58199345,"name":"旧東海道","highway":"tertiary","role":null},"geometry":{"type":"LineString","coordinates":[[138.0279616,34.7761427],[138.0278766,34.7761186],[138.0278454,34.7761038],[138.0277825,34.7760738],[138.0275992,34.7759565],[138.0275366,34.7759244]]}},{"type":"Feature","properties":{"id":58366806,"name":"旧東海道","highway":"unclassified","role":null},"geometry":{"type":"LineString","coordinates":[[138.0636097,34.7856247],[138.0636035,34.7855616],[138.0636006,34.7854654],[138.0633837,34.7851757],[138.0631905,34.7849185],[138.0629086,34.7845618],[138.0627729,34.7844021],[138.0627455,34.7843809],[138.0626262,34.7842882],[138.062429,34.7841783],[138.0621466,34.7840589],[138.0620168,34.7840128],[138.0619476,34.783994],[138.0618694,34.7839728],[138.0615176,34.7838917],[138.0612649,34.7838747],[138.0610922,34.783893],[138.0610258,34.7839081],[138.0609219,34.7839326],[138.0606674,34.7840025],[138.0604656,34.78405],[138.0602698,34.7841016],[138.0602017,34.7841323],[138.0601181,34.7841699]]}},{"type":"Feature","properties":{"id":58416834,"name":"小松原二川停車場線","highway":"secondary","role":null},"geometry":{"type":"LineString","coordinates":[[137.4450846,34.7253064],[137.444772,34.7253742],[137.4436996,34.7254968],[137.443257,34.7255474],[137.442686,34.7256127],[137.4425532,34.7256289],[137.4424021,34.7256474],[137.4422156,34.7256702],[137.4412088,34.7258422],[137.4411362,34.7258546],[137.4401153,34.7260291],[137.4392475,34.7261714],[137.4392188,34.7261753]]}},{"type":"Feature","properties":{"id":58416839,"name":"旧東海道","highway":"tertiary","role":null},"geometry":{"type":"LineString","coordinates":[[137.4220902,34.7408101],[137.4223156,34.7406255],[137.4224808,34.7404902],[137.4227469,34.7401462],[137.4229309,34.7399611],[137.4230775,34.739851],[137.4232756,34.7396631],[137.4235019,34.7394126],[137.4238363,34.7390325]]}},{"type":"Feature","properties":{"id":58416841,"name":"旧東海道","highway":"tertiary","role":null},"geometry":{"type":"LineString","coordinates":[[137.4347386,34.7278979],[137.4346987,34.7280573],[137.4346723,34.7281903],[137.4346486,34.7282334],[137.4345735,34.7283703],[137.433969,34.7294019],[137.4339158,34.7297222],[137.433902,34.7298057],[137.4337892,34.7304448],[137.4337424,34.7307647],[137.4337362,34.7307965],[137.4336074,34.7317386],[137.4335406,34.7324174],[137.4335157,34.7329817],[137.433502,34.7337103],[137.4335048,34.7338395],[137.4335295,34.7342292]]}},{"type":"Feature","properties":{"id":58416846,"name":"旧東海道","highway":"tertiary","role":null},"geometry":{"type":"LineString","coordinates":[[137.4238363,34.7390325],[137.4243772,34.7387273],[137.424466,34.7386712],[137.4245206,34.7386397],[137.4256197,34.7379785],[137.4267323,34.7372644],[137.4270555,34.7370733],[137.4271939,34.7369914],[137.4276607,34.7367154],[137.4279078,34.7365693],[137.4280963,34.7364698],[137.4284531,34.7362815],[137.4288734,34.7360597],[137.4305838,34.7352367],[137.4308244,34.7350573],[137.4317514,34.734366],[137.4335295,34.7342292]]}},{"type":"Feature","properties":{"id":58416861,"name":"旧東海道","highway":"tertiary","role":null},"geometry":{"type":"LineString","coordinates":[[137.4220902,34.7408101],[137.4219976,34.7408721],[137.421923,34.74092],[137.4214514,34.7412229],[137.4208335,34.7416664],[137.4203921,34.7419906],[137.4201036,34.7422026],[137.4198367,34.7423986],[137.4182588,34.743437],[137.4175409,34.7438822],[137.4162055,34.7447356],[137.416151,34.7447723],[137.4154361,34.7451882],[137.4152187,34.7453469],[137.4150017,34.745572],[137.4149275,34.745675],[137.4148246,34.7460922],[137.4147834,34.7462144],[137.4147334,34.7463192],[137.4145775,34.7466169],[137.4145348,34.7466892]]}},{"type":"Feature","properties":{"id":59538124,"name":"鶴見東口駅前通り","highway":"tertiary","role":null},"geometry":{"type":"LineString","coordinates":[[139.6778092,35.5098251],[139.6778479,35.5096263],[139.6778747,35.509504],[139.6779646,35.5092071],[139.6779963,35.5091202],[139.6781557,35.5086832]]}},{"type":"Feature","properties":{"id":59538126,"name":"鶴見東口駅前通り","highway":"tertiary","role":null},"geometry":{"type":"LineString","coordinates":[[139.6783795,35.5107518],[139.6787343,35.5112159],[139.6787754,35.5112701],[139.6790938,35.5116907],[139.6792006,35.5118317],[139.6792608,35.5119149],[139.6793677,35.5120629],[139.6799121,35.5127998]]}},{"type":"Feature","properties":{"id":60050669,"name":"旧東海道","highway":"tertiary","role":null},"geometry":{"type":"LineString","coordinates":[[139.5788478,35.4466441],[139.5786735,35.4464158],[139.5786488,35.446383]]}},{"type":"Feature","properties":{"id":60050671,"name":"旧東海道","highway":"unclassified","role":null},"geometry":{"type":"LineString","coordinates":[[139.5764257,35.4449648],[139.5760471,35.4445038]]}},{"type":"Feature","properties":{"id":61651243,"name":"旧東海道","highway":"unclassified","role":null},"geometry":{"type":"LineString","coordinates":[[139.4668081,35.3474023],[139.467133,35.3477775]]}},{"type":"Feature","properties":{"id":61794766,"name":"旧東海道","highway":"unclassified","role":null},"geometry":{"type":"LineString","coordinates":[[135.8974642,34.9871274],[135.8974062,34.9872104],[135.8973786,34.9872457],[135.897325,34.9872633],[135.8972326,34.9872797],[135.8969193,34.9873097],[135.8965578,34.9873365],[135.8965053,34.9873463],[135.8963365,34.9875149],[135.8963049,34.987555],[135.8960862,34.9875298],[135.8953541,34.9874431],[135.8952686,34.9874335],[135.8952497,34.9874311],[135.8952294,34.9874284],[135.8951975,34.9874244],[135.8951525,34.9874186],[135.8948331,34.9873769],[135.8948067,34.9873735],[135.8945678,34.9873383],[135.8944082,34.9873148],[135.8943001,34.9873023],[135.8942445,34.9873083],[135.8942088,34.9873249],[135.8941821,34.987355],[135.8941674,34.9873879],[135.894152,34.987605],[135.8941154,34.9881193],[135.8941113,34.9881746],[135.8940939,34.9884902],[135.8940935,34.9884979],[135.8940929,34.9885177],[135.8940907,34.9885457],[135.8940909,34.9885735],[135.8940471,34.9888938],[135.8940156,34.98918],[135.8939641,34.9896474],[135.8939609,34.9897014],[135.893936,34.9901144],[135.893933,34.9901838],[135.8939274,34.9902506],[135.893912,34.9904564],[135.8939121,34.9906218],[135.8939132,34.9911637],[135.8938827,34.991221],[135.893835,34.9912509],[135.8933529,34.9912628],[135.8928886,34.9912762],[135.8926981,34.9912799],[135.8919737,34.9912941]]}},{"type":"Feature","properties":{"id":61794768,"name":"京町通（旧東海道）","highway":"unclassified","role":null},"geometry":{"type":"LineString","coordinates":[[135.8690113,35.0056649],[135.8689422,35.005688],[135.8679139,35.0060318],[135.8668779,35.0063705]]}},{"type":"Feature","properties":{"id":61794774,"name":"旧東海道","highway":"unclassified","role":null},"geometry":{"type":"LineString","coordinates":[[135.8757933,35.0042126],[135.8758929,35.0042307],[135.8759483,35.0042385],[135.8759874,35.0042444],[135.8760746,35.0042558],[135.876159,35.0042628],[135.8762596,35.0042601],[135.8763903,35.0042443],[135.8765084,35.0042189],[135.876627,35.0041861],[135.8769527,35.004082],[135.8770639,35.0040528],[135.8771028,35.0040426]]}},{"type":"Feature","properties":{"id":62217809,"name":"旧東海道／小田原かまぼこ通り","highway":"tertiary","role":null},"geometry":{"type":"LineString","coordinates":[[139.1659184,35.2519608],[139.1653318,35.251501],[139.1648868,35.251148],[139.1646547,35.2509678],[139.1645005,35.2508482],[139.1644186,35.2507896],[139.1643312,35.2507199],[139.1637904,35.2503061],[139.1631623,35.2498255],[139.1628121,35.2495575],[139.1626372,35.2494284],[139.1624527,35.2493257],[139.1622157,35.2492238],[139.1617972,35.2490536],[139.1611778,35.2488412],[139.1610227,35.248788],[139.1606253,35.2486482],[139.1603097,35.2485372],[139.1600349,35.2484454],[139.1598399,35.2483784],[139.15982,35.2483763],[139.1597878,35.248373],[139.1597422,35.2483808]]}},{"type":"Feature","properties":{"id":62259790,"name":"川廓通り","highway":"unclassified","role":null},"geometry":{"type":"LineString","coordinates":[[138.8598703,35.0982599],[138.859795,35.0982272],[138.8594805,35.0980774],[138.859386,35.0980465],[138.8592849,35.0980189],[138.8592266,35.0980099]]}},{"type":"Feature","properties":{"id":62642177,"name":"安城八ツ田知立線","highway":"secondary","role":null},"geometry":{"type":"LineString","coordinates":[[137.0486879,35.0056483],[137.0474712,35.0059778],[137.0468652,35.0061446],[137.0463288,35.0062757],[137.0462324,35.0062985],[137.0456314,35.0064252],[137.0454693,35.0064743],[137.0451102,35.0066094],[137.0447451,35.0067532],[137.0441815,35.0069506],[137.0441538,35.0069625],[137.0435201,35.0072337]]}},{"type":"Feature","properties":{"id":64746361,"name":"藤沢厚木線","highway":"primary","role":null},"geometry":{"type":"LineString","coordinates":[[139.4667188,35.3473977],[139.4663978,35.3473842]]}},{"type":"Feature","properties":{"id":64746367,"name":"藤沢厚木線","highway":"primary","role":null},"geometry":{"type":"LineString","coordinates":[[139.4662715,35.3473707],[139.466162,35.3473653],[139.4659739,35.347356],[139.4657402,35.3473412],[139.4655526,35.3473202],[139.465301,35.3472861],[139.465187,35.3472529],[139.4650352,35.3471988],[139.4649507,35.3471599],[139.4647679,35.3470596],[139.4645935,35.3469364]]}},{"type":"Feature","properties":{"id":67166205,"name":"国道1号","highway":"trunk","role":null},"geometry":{"type":"LineString","coordinates":[[139.3271819,35.3219123],[139.3269543,35.3217224],[139.3268049,35.3215977],[139.3263685,35.3212336],[139.3257406,35.3207312],[139.3256929,35.3207],[139.3256636,35.3206808],[139.3255737,35.3206176],[139.3252049,35.3204174],[139.3248778,35.3202398],[139.3243978,35.3199802],[139.3243247,35.319944],[139.3239882,35.3197053],[139.3239509,35.3196772],[139.3237993,35.3195522],[139.323756,35.3195091],[139.3236452,35.3194023],[139.3235223,35.3192691],[139.3234647,35.3192095]]}},{"type":"Feature","properties":{"id":67168137,"name":"国道1号","highway":"trunk","role":null},"geometry":{"type":"LineString","coordinates":[[139.3276335,35.3222573],[139.3277404,35.3223499],[139.3278996,35.3224878],[139.3283276,35.3228335],[139.3283664,35.3228654],[139.3284599,35.3229423]]}},{"type":"Feature","properties":{"id":67168148,"name":"国道1号","highway":"trunk","role":null},"geometry":{"type":"LineString","coordinates":[[139.3626357,35.3316204],[139.3625277,35.3315756],[139.3623746,35.3315471],[139.3623009,35.3315437],[139.3616701,35.3315144],[139.3614264,35.3315255],[139.3611257,35.3315933],[139.3608178,35.3316755]]}},{"type":"Feature","properties":{"id":67359173,"name":"旧東海道","highway":"residential","role":null},"geometry":{"type":"LineString","coordinates":[[136.4539988,34.8551064],[136.4539637,34.8550569],[136.4539294,34.8550087],[136.4538579,34.8549313],[136.4536352,34.8546392],[136.4533833,34.8543142],[136.4533446,34.854306],[136.4531806,34.854342],[136.4530929,34.8541981],[136.4529758,34.8541321],[136.452824,34.854089],[136.4526172,34.8540541],[136.4524332,34.8540313],[136.4523741,34.8540218],[136.452308,34.8540291],[136.4521906,34.8540689],[136.4521156,34.8541171],[136.4519555,34.8542315],[136.4518719,34.8542808],[136.4518056,34.8543173],[136.4514939,34.854421],[136.4513259,34.8544667],[136.4512064,34.8544558],[136.4510632,34.8544268],[136.4509619,34.8543462],[136.4506973,34.854055],[136.4506713,34.8540276],[136.4506483,34.8540071],[136.4506227,34.8539918],[136.4505955,34.8539816],[136.4505579,34.853974],[136.4504938,34.8539585]]}},{"type":"Feature","properties":{"id":67360747,"name":"旧東海道","highway":"tertiary","role":null},"geometry":{"type":"LineString","coordinates":[[136.4918388,34.8682658],[136.4919189,34.8685098]]}},{"type":"Feature","properties":{"id":67360751,"name":"旧東海道","highway":"unclassified","role":null},"geometry":{"type":"LineString","coordinates":[[136.4891254,34.8659961],[136.4892098,34.8659832],[136.4894284,34.8659553],[136.4895476,34.8659468],[136.4897001,34.8659725],[136.4898182,34.8660042],[136.4899547,34.8660428],[136.4900264,34.8660801],[136.4900892,34.8661148],[136.4902161,34.8662118],[136.4903,34.8663137],[136.490372,34.866415],[136.4904664,34.8665102],[136.4905492,34.8665823],[136.4906689,34.8666541],[136.4908633,34.8667232],[136.4909378,34.8667595],[136.4910181,34.8668023],[136.4910993,34.8668803],[136.4911663,34.866987],[136.4915071,34.8675729],[136.4916163,34.8677568],[136.4917458,34.8680199],[136.4918388,34.8682658]]}},{"type":"Feature","properties":{"id":67362095,"name":"東海道","highway":"residential","role":null},"geometry":{"type":"LineString","coordinates":[[136.4582763,34.8535042],[136.4583955,34.8536483],[136.4584569,34.8537338],[136.4585712,34.8539669],[136.4586085,34.8540664],[136.458799,34.854617],[136.4588433,34.8547342],[136.458932,34.8549451],[136.4590185,34.8551129],[136.4591065,34.8552789],[136.4591753,34.8553556],[136.4592412,34.8554211],[136.4592929,34.8554549],[136.4593562,34.8554987],[136.4594916,34.8555796],[136.4598913,34.8557585],[136.4600528,34.8558287],[136.4602582,34.855911],[136.4604468,34.8559812],[136.4606836,34.8560528],[136.4607483,34.8560666],[136.4611959,34.8561428],[136.4616641,34.856208],[136.4623394,34.8562966],[136.4628083,34.8563581],[136.4630442,34.8563987],[136.4634189,34.8564535],[136.4636907,34.8564819],[136.4637563,34.8564909],[136.463831,34.8564992],[136.4638896,34.8565058],[136.4642551,34.8565225],[136.4646889,34.8565543],[136.4650118,34.8565779],[136.4652879,34.8566025],[136.4654781,34.8566349],[136.4656475,34.8566705],[136.4659038,34.8567146],[136.4663609,34.8568225],[136.4666725,34.8568872],[136.4667737,34.8569169],[136.4670038,34.856966],[136.4673334,34.8570358],[136.4680126,34.8571796],[136.4682873,34.8572165],[136.4688459,34.8572765],[136.4690545,34.8572932],[136.4692483,34.8573163],[136.4697748,34.8573436],[136.4703483,34.8573746],[136.4704477,34.8573758],[136.470688,34.8573826],[136.471118,34.857404]]}},{"type":"Feature","properties":{"id":70541509,"name":"旧東海道","highway":"service","role":null},"geometry":{"type":"LineString","coordinates":[[139.0213328,35.188115],[139.0212355,35.1881088],[139.0211254,35.188087],[139.0208834,35.1879889]]}},{"type":"Feature","properties":{"id":70541510,"name":"旧東海道","highway":"path","role":null},"geometry":{"type":"LineString","coordinates":[[139.0074751,35.1728226],[139.0074477,35.172875],[139.0071227,35.172776],[139.0069869,35.1726441],[139.006912,35.1725457],[139.0068664,35.1724847],[139.0068311,35.1723981],[139.0068643,35.1722712],[139.0070333,35.1720332],[139.0067606,35.1718198],[139.0066201,35.1717245],[139.0064941,35.1716485],[139.0063777,35.1715921],[139.0062112,35.1715273],[139.0061395,35.1714949],[139.0060667,35.1714425],[139.0060091,35.1713751],[139.0058548,35.17119],[139.0055224,35.1708002],[139.0054515,35.1706895],[139.0053509,35.1705827],[139.0051816,35.1703981],[139.0050921,35.1703258],[139.0049579,35.1702576],[139.0048588,35.1701975],[139.0048341,35.1701375],[139.0048442,35.1700906],[139.0048963,35.1700293],[139.0049083,35.1699888],[139.0048717,35.1699463],[139.0047892,35.1698824],[139.0045082,35.1696941],[139.0042546,35.1694957],[139.0040162,35.1693099],[139.0037828,35.1691137],[139.0036813,35.1690054],[139.0035777,35.1688899],[139.0035272,35.1688256],[139.0034968,35.168774],[139.0034861,35.1686903],[139.0034652,35.1685706],[139.0034483,35.1684978],[139.0034368,35.1684716],[139.0033685,35.1683902],[139.0033272,35.1683243],[139.0032687,35.1681956],[139.0032233,35.1681038],[139.0031515,35.167966],[139.0031298,35.1679245],[139.003091,35.1678957],[139.0030676,35.1678663],[139.0030537,35.1678352],[139.0030463,35.1677766],[139.0030539,35.1676776],[139.0030702,35.1675975],[139.0030991,35.1675575],[139.0031508,35.1675067],[139.0031953,35.1674813],[139.0032228,35.1674256],[139.0032154,35.1673529],[139.0031764,35.1672561],[139.0031425,35.1671927],[139.0031056,35.1671509],[139.0030919,35.1671182],[139.0030906,35.1670879],[139.0031083,35.1669922],[139.0031481,35.1669],[139.0031799,35.1668132],[139.0031898,35.1667261],[139.0031889,35.1666896],[139.003172,35.1666377],[139.0031354,35.1665273],[139.0031118,35.1664079],[139.0030979,35.1663801],[139.003079,35.1663623],[139.0030603,35.1663542],[139.0029261,35.1663158],[139.0028342,35.1662906],[139.0027633,35.1662861],[139.0026797,35.1662702],[139.0025837,35.1662106],[139.0025525,35.1661882],[139.002523,35.1661371],[139.0025061,35.1660841],[139.0024946,35.1660336],[139.002499,35.1659677],[139.0025102,35.1659161],[139.0025156,35.1658343],[139.0025109,35.1658207],[139.0024659,35.165769],[139.0023313,35.1655861],[139.0022887,35.1655014],[139.0022304,35.1652924],[139.0021873,35.1651457],[139.0021338,35.1649835],[139.0020666,35.1648354],[139.0020334,35.1647234],[139.0020311,35.1646691],[139.0020383,35.1646168],[139.0021378,35.1642415],[139.0021822,35.1640318],[139.0021796,35.1639802],[139.0021682,35.1639359],[139.002149,35.1638986],[139.0020761,35.1638221],[139.0018361,35.1636038],[139.0013177,35.1631728],[139.0012981,35.1631464],[139.0013022,35.1631309],[139.0013152,35.1631159],[139.0014369,35.1630212],[139.0016575,35.1628496],[139.0017052,35.1628125]]}},{"type":"Feature","properties":{"id":70542399,"name":"旧東海道","highway":"path","role":null},"geometry":{"type":"LineString","coordinates":[[138.9942948,35.1538152],[138.9942078,35.153746],[138.994166,35.1536867],[138.9940989,35.1536175],[138.9937434,35.1532856],[138.9935157,35.1530739],[138.9933726,35.1529049],[138.9930437,35.1526247],[138.992871,35.1524999],[138.9927165,35.152355],[138.9925831,35.1522508],[138.9922438,35.1521245],[138.9920807,35.1520697],[138.9919423,35.1519824],[138.9917722,35.1518078],[138.9915449,35.1516051],[138.9915064,35.1515788],[138.9914087,35.1515806]]}},{"type":"Feature","properties":{"id":70542401,"name":"旧東海道","highway":"residential","role":null},"geometry":{"type":"LineString","coordinates":[[138.9785041,35.1468663],[138.9784354,35.1468524],[138.9781146,35.1467197],[138.9777375,35.1465712],[138.9773838,35.1464498],[138.977122,35.1463619],[138.9767924,35.146259],[138.9764527,35.1461602],[138.9763073,35.1461308],[138.9762267,35.1461225],[138.9760776,35.1461263],[138.9756855,35.1461518],[138.9756104,35.146157],[138.9753687,35.1461933],[138.9752699,35.1462062],[138.9752305,35.1462055],[138.9751961,35.1462009],[138.9751478,35.1461751],[138.9751009,35.1461379],[138.9749162,35.1459958],[138.974846,35.1459445],[138.9748124,35.1459256],[138.9747675,35.145918],[138.9746853,35.1459057],[138.9746079,35.1458964],[138.9745563,35.1458856],[138.9745121,35.1458699],[138.9744293,35.1458226],[138.9741884,35.1456707],[138.9740842,35.1456144],[138.9740432,35.145581],[138.9739787,35.1455187],[138.973882,35.1454135],[138.9738199,35.14534],[138.9737391,35.1452151],[138.9736364,35.1450607],[138.9735874,35.1450036],[138.9735146,35.1449367],[138.9734524,35.1448956],[138.9733834,35.1448642],[138.9732059,35.14479],[138.9728139,35.1446319],[138.9726647,35.1445529],[138.9726472,35.1445119],[138.9726506,35.144466]]}},{"type":"Feature","properties":{"id":70542571,"name":"旧東海道","highway":"unclassified","role":null},"geometry":{"type":"LineString","coordinates":[[138.9348512,35.1240808],[138.9348008,35.1240661],[138.9346778,35.1240386],[138.9345886,35.1240082],[138.9345193,35.1239697],[138.9344406,35.1239466],[138.9343117,35.1239172],[138.9340538,35.1238641],[138.9338973,35.1238615],[138.9337804,35.1238324],[138.9337017,35.1238346],[138.9336563,35.1238433],[138.933617,35.1238548],[138.9335292,35.123909],[138.9334726,35.1239308],[138.9332749,35.12398],[138.9331748,35.124003],[138.9331092,35.1240072],[138.9330054,35.123998],[138.9327916,35.1239321],[138.9323677,35.1238152],[138.9322323,35.1237751],[138.9321528,35.1237318],[138.9318908,35.1235619],[138.93181,35.123525],[138.931774,35.1235122],[138.9316713,35.1234975],[138.9315566,35.1234544],[138.9314985,35.1234281],[138.9312996,35.1233382],[138.9311997,35.1232931],[138.9310989,35.1232697],[138.9308559,35.1232785],[138.9307694,35.1232778],[138.9306998,35.1232579],[138.9306325,35.1232213],[138.9304197,35.1231314],[138.9301732,35.123019],[138.9301611,35.1230135]]}},{"type":"Feature","properties":{"id":70542573,"name":"旧東海道","highway":"tertiary","role":null},"geometry":{"type":"LineString","coordinates":[[138.9595128,35.1376321],[138.9597043,35.137634],[138.9598302,35.1376303],[138.9598888,35.1376286],[138.9600265,35.1376177],[138.9601996,35.1375999]]}},{"type":"Feature","properties":{"id":70542574,"name":"旧東海道","highway":"residential","role":null},"geometry":{"type":"LineString","coordinates":[[138.9629947,35.1381572],[138.9628755,35.1381428],[138.96278,35.1381133],[138.9626244,35.1380442],[138.9625067,35.137985],[138.9624086,35.1379309],[138.9623162,35.1378902],[138.9622779,35.1378733],[138.9619991,35.1377406],[138.9616817,35.1375884],[138.9616067,35.1375432],[138.961511,35.1374708],[138.9613605,35.1373482],[138.9612955,35.1373088],[138.9611925,35.1372514]]}},{"type":"Feature","properties":{"id":72867554,"name":"旧東海道","highway":"tertiary","role":null},"geometry":{"type":"LineString","coordinates":[[136.471118,34.857404],[136.4716046,34.8573964],[136.4720056,34.8573886],[136.4721156,34.8573838],[136.4733654,34.8573276],[136.4736387,34.8573157],[136.4740939,34.8573023],[136.4743602,34.8573041],[136.4745853,34.8573056],[136.4749807,34.857318],[136.4752773,34.8573578],[136.4754272,34.8573565],[136.4755456,34.8573753],[136.4756618,34.8573871],[136.4764097,34.8574235],[136.4767694,34.8574676],[136.4771987,34.8575562],[136.4777102,34.8577017],[136.4778445,34.8577408],[136.4780693,34.8577852],[136.4790435,34.8579346],[136.4794734,34.8580006],[136.4794982,34.8580053]]}},{"type":"Feature","properties":{"id":72867564,"name":"旧東海道","highway":"residential","role":null},"geometry":{"type":"LineString","coordinates":[[136.4839363,34.8602312],[136.484082,34.8604681],[136.4841876,34.8606267],[136.4842194,34.8606568],[136.4842444,34.8606803],[136.4844489,34.8608373],[136.4845124,34.8608922],[136.4845699,34.8609594],[136.4846082,34.8610181],[136.4846599,34.8611109],[136.4847008,34.8611936],[136.484727,34.8612734],[136.4847428,34.8613628],[136.4847492,34.8614695],[136.4847463,34.8617472],[136.4847361,34.8618901],[136.4847442,34.8620446],[136.4847925,34.8621549],[136.4848428,34.8622348],[136.4850386,34.8625153],[136.4850631,34.8625441],[136.4851606,34.8626584],[136.4852806,34.8627717],[136.4853901,34.8628895],[136.4856016,34.8631744],[136.4856598,34.8632596],[136.4856718,34.8632773]]}},{"type":"Feature","properties":{"id":73223015,"name":"白木西町線","highway":"secondary","role":null},"geometry":{"type":"LineString","coordinates":[[136.4504767,34.8539959],[136.4504099,34.8539737],[136.4503833,34.8539527],[136.4503452,34.8539187],[136.4503207,34.8538851],[136.4503132,34.8538241],[136.4503158,34.8537165],[136.4502181,34.8537301],[136.4496901,34.8538035],[136.4488782,34.8539283],[136.4488512,34.8539349],[136.4483626,34.8540205],[136.447887,34.8541196],[136.4477431,34.8541533],[136.4475378,34.8542101],[136.4474197,34.8542612],[136.4473404,34.8543092],[136.4472902,34.8543396],[136.4473684,34.8544812],[136.4474008,34.8545304],[136.4476207,34.8549086],[136.447037,34.8552483]]}},{"type":"Feature","properties":{"id":73223016,"name":"旧東海道","highway":"residential","role":null},"geometry":{"type":"LineString","coordinates":[[136.4452311,34.8555009],[136.4451758,34.8554889],[136.4451327,34.8554904],[136.4450232,34.8555324],[136.4447061,34.8556346],[136.4442608,34.8557811],[136.4439262,34.8559212],[136.4435318,34.8560981],[136.4432057,34.856216],[136.4429634,34.8563],[136.4425312,34.8564342],[136.4422674,34.8565006],[136.4417489,34.8566312],[136.4415074,34.8566659],[136.4414583,34.8566729],[136.4406906,34.856799],[136.4404531,34.8568282],[136.4396548,34.8569149],[136.4392411,34.8569745],[136.4390858,34.8569898],[136.4387786,34.857015],[136.4386938,34.8570219],[136.4386065,34.8570302],[136.4382163,34.8570789],[136.4380748,34.8570901],[136.4378454,34.8571021],[136.4373062,34.8571149]]}},{"type":"Feature","properties":{"id":73223017,"name":"旧東海道","highway":"residential","role":null},"geometry":{"type":"LineString","coordinates":[[136.4360916,34.8571807],[136.4360096,34.8571863],[136.435807,34.8571968],[136.4357173,34.8572015],[136.4354008,34.8572335],[136.4352652,34.857251],[136.4351416,34.8572783],[136.4350134,34.8573091],[136.4347968,34.8573883],[136.434685,34.8574316],[136.4345337,34.8574992],[136.4341261,34.8576996],[136.4338734,34.8578237],[136.4337548,34.8578889],[136.4336595,34.8579141],[136.4332369,34.8579827],[136.4329677,34.8580232],[136.4328261,34.8580654],[136.4328017,34.8580769],[136.4325655,34.8581875],[136.432401,34.8582456],[136.4322507,34.8582889],[136.4322068,34.8582977],[136.4321597,34.8583071],[136.4319758,34.8583213],[136.4315851,34.8583514],[136.4313858,34.8583449],[136.4312896,34.858341],[136.4310394,34.8583035],[136.4308139,34.8582474],[136.4307111,34.8582218],[136.4305995,34.858182],[136.4305736,34.8581655],[136.4305156,34.8581169],[136.4304261,34.8580196],[136.4303179,34.8579121]]}},{"type":"Feature","properties":{"id":73223021,"name":"旧東海道","highway":"tertiary","role":null},"geometry":{"type":"LineString","coordinates":[[136.4465302,34.8555152],[136.4463828,34.855517],[136.4462363,34.8555157],[136.4460162,34.8555095]]}},{"type":"Feature","properties":{"id":73223026,"name":"旧東海道","highway":"tertiary","role":null},"geometry":{"type":"LineString","coordinates":[[136.4460162,34.8555095],[136.4452311,34.8555009]]}},{"type":"Feature","properties":{"id":73225563,"name":"旧東海道","highway":"residential","role":null},"geometry":{"type":"LineString","coordinates":[[136.447037,34.8552483],[136.4466688,34.8554635],[136.4465302,34.8555152]]}},{"type":"Feature","properties":{"id":73236612,"name":"平野亀山線","highway":"secondary","role":null},"geometry":{"type":"LineString","coordinates":[[136.4930786,34.8705616],[136.4932233,34.8706246],[136.4935145,34.8707629],[136.4937677,34.8708683],[136.4939264,34.8709213],[136.4940316,34.8709387],[136.4941367,34.8709497],[136.494252,34.8709555],[136.4943604,34.8709501],[136.4946959,34.8709308],[136.4948307,34.8709229],[136.4949646,34.8709111],[136.495902,34.8708114],[136.4961675,34.8707873],[136.4962451,34.8707815],[136.4964513,34.8707733]]}},{"type":"Feature","properties":{"id":73244487,"name":"旧東海道","highway":"unclassified","role":null},"geometry":{"type":"LineString","coordinates":[[136.5044977,34.8731328],[136.5044876,34.8731707]]}},{"type":"Feature","properties":{"id":73244502,"name":"旧東海道","highway":"unclassified","role":null},"geometry":{"type":"LineString","coordinates":[[136.5119179,34.8759373],[136.5121399,34.8760236],[136.5122567,34.8760569],[136.5124253,34.8760945],[136.512715,34.8761699],[136.5128422,34.8762005],[136.5129938,34.8762486],[136.5130389,34.8762901],[136.5131121,34.8763326],[136.5142663,34.877005],[136.5146103,34.877197],[136.514703,34.8772382],[136.5148635,34.8772999],[136.5150253,34.8773411],[136.5151375,34.8773582],[136.5152496,34.8773616],[136.5155786,34.8773457],[136.5158241,34.8773392],[136.5159532,34.8773331],[136.5160214,34.8773216],[136.5161141,34.8773061],[136.5165068,34.8772267],[136.5167543,34.8771766],[136.5168816,34.8771685],[136.5170727,34.877151],[136.5171805,34.8771411],[136.5172691,34.8771277],[136.5174651,34.8770795],[136.517642,34.8770437],[136.5177966,34.8770352],[136.5181836,34.8770201],[136.518433,34.877021],[136.5185849,34.8770284],[136.5186694,34.877062],[136.5188601,34.8772131],[136.5192099,34.8774666],[136.5193838,34.8775845],[136.5196751,34.877792],[136.5197235,34.8778371],[136.5198312,34.8779518],[136.519912,34.8780365]]}},{"type":"Feature","properties":{"id":73244507,"name":"旧東海道","highway":"residential","role":null},"geometry":{"type":"LineString","coordinates":[[136.4964513,34.8707733],[136.4964738,34.8708965],[136.4965309,34.870926],[136.4965743,34.8709445],[136.4967519,34.8710245],[136.496946,34.8711136],[136.4970212,34.87112],[136.4971809,34.8711143],[136.497332,34.8710954],[136.4977072,34.8710275],[136.4978668,34.8709791],[136.4983645,34.8708194],[136.4987005,34.8706941],[136.4989956,34.8705762],[136.4994101,34.8704116],[136.4995866,34.8703545],[136.499733,34.8703035],[136.4998752,34.8702546],[136.500049,34.8702057],[136.5001575,34.8702055],[136.5002258,34.8702201],[136.5003289,34.8702389],[136.5005593,34.8702973],[136.5012262,34.8705032],[136.5016677,34.8706281],[136.5018335,34.8706804],[136.5020147,34.8707344],[136.5022689,34.8708168],[136.5023616,34.8708439],[136.502683,34.8709461],[136.5029206,34.8711185],[136.5030179,34.8712057],[136.5030532,34.8712484]]}},{"type":"Feature","properties":{"id":73244518,"name":"旧東海道","highway":"unclassified","role":null},"geometry":{"type":"LineString","coordinates":[[136.5047964,34.8712991],[136.5044977,34.8731328]]}},{"type":"Feature","properties":{"id":73244519,"name":"旧東海道","highway":"tertiary","role":null},"geometry":{"type":"LineString","coordinates":[[136.5288218,34.8865401],[136.5287217,34.8865948]]}},{"type":"Feature","properties":{"id":73244522,"name":"旧東海道","highway":"unclassified","role":null},"geometry":{"type":"LineString","coordinates":[[136.5048052,34.8712522],[136.5047964,34.8712991]]}},{"type":"Feature","properties":{"id":74452192,"name":"品川橋","highway":"tertiary","role":null},"geometry":{"type":"LineString","coordinates":[[139.7445268,35.6170551],[139.7445126,35.6168554],[139.7445062,35.6167861]]}},{"type":"Feature","properties":{"id":75040072,"name":"長沢国府線","highway":"secondary","role":null},"geometry":{"type":"LineString","coordinates":[[137.3251061,34.8360875],[137.3250541,34.8361364],[137.3247704,34.8363789],[137.3245869,34.8365468],[137.3244678,34.8366738],[137.3243512,34.8368348],[137.3242584,34.8369881],[137.3241166,34.8373021],[137.3240176,34.8375667],[137.3239135,34.8377652],[137.3238401,34.8378824],[137.3237544,34.8379955],[137.3236279,34.8381412],[137.3233249,34.8384728],[137.3229933,34.8389158],[137.3228749,34.8391151],[137.3226707,34.8393878],[137.3224578,34.8396087],[137.3224427,34.8396436]]}},{"type":"Feature","properties":{"id":78599510,"name":"旧東海道","highway":"residential","role":null},"geometry":{"type":"LineString","coordinates":[[139.6039788,35.4551941],[139.6038083,35.4549006],[139.6036917,35.4546999]]}},{"type":"Feature","properties":{"id":79191905,"name":"藤枝静岡線","highway":"secondary","role":null},"geometry":{"type":"LineString","coordinates":[[138.3580503,34.9483932],[138.3579906,34.9483334],[138.357937,34.9482882],[138.3578983,34.948252],[138.3578511,34.9482043],[138.357815,34.9481493],[138.3577735,34.948073],[138.3576922,34.9479409],[138.3575935,34.9477971]]}},{"type":"Feature","properties":{"id":80238907,"name":"旧東海道","highway":"residential","role":null},"geometry":{"type":"LineString","coordinates":[[135.8057988,34.993546],[135.8057127,34.9935439],[135.805405,34.9935434],[135.8053285,34.9935337],[135.805209,34.9935185],[135.8051337,34.9935076],[135.8050853,34.9935015],[135.8043691,34.993518]]}},{"type":"Feature","properties":{"id":80247541,"name":"旧東海道","highway":"unclassified","role":null},"geometry":{"type":"LineString","coordinates":[[139.6050575,35.4570682],[139.6050311,35.4570156],[139.6048487,35.4566525],[139.6046781,35.456376],[139.6046404,35.4563148],[139.6044768,35.4560495],[139.6042954,35.4557021],[139.6042643,35.4556521],[139.6040904,35.4553731],[139.6039788,35.4551941]]}},{"type":"Feature","properties":{"id":80916740,"name":"旧東海道","highway":"tertiary","role":null},"geometry":{"type":"LineString","coordinates":[[139.7061772,35.5346031],[139.7062798,35.5346696],[139.7063253,35.5346949],[139.7063444,35.5347041]]}},{"type":"Feature","properties":{"id":80916746,"name":"旧東海道","highway":"tertiary","role":null},"geometry":{"type":"LineString","coordinates":[[139.7018602,35.5319312],[139.7024263,35.5323588],[139.7024668,35.5323894],[139.7025288,35.5324288],[139.7028987,35.5326638],[139.7031375,35.5328155],[139.7031649,35.5328329],[139.7032311,35.532875],[139.7032879,35.5329096],[139.703315,35.532926],[139.7039454,35.5333094],[139.7039934,35.5333385],[139.7040391,35.5333649],[139.7047439,35.5337706],[139.7047805,35.5337917],[139.7048414,35.5338267],[139.7048942,35.5338582],[139.7049317,35.5338806],[139.7054765,35.5342053],[139.7060286,35.5345151],[139.7060646,35.5345353],[139.7061772,35.5346031]]}},{"type":"Feature","properties":{"id":81179091,"name":"鶴見東口駅前通り","highway":"tertiary","role":null},"geometry":{"type":"LineString","coordinates":[[139.6782478,35.5078756],[139.6782608,35.5079742],[139.6782609,35.5080123],[139.6782385,35.5082584],[139.6782319,35.5083449],[139.6781991,35.5085164],[139.6781695,35.5086303],[139.6781557,35.5086832]]}},{"type":"Feature","properties":{"id":81181451,"name":"旧東海道","highway":"tertiary","role":null},"geometry":{"type":"LineString","coordinates":[[139.6808016,35.5140378],[139.6814778,35.5149791]]}},{"type":"Feature","properties":{"id":81181477,"name":"旧東海道","highway":"tertiary","role":null},"geometry":{"type":"LineString","coordinates":[[139.6837353,35.5171739],[139.6837719,35.5172136],[139.6838269,35.5172615],[139.6840404,35.5174467],[139.6841779,35.5175736],[139.6842383,35.5176272],[139.6843269,35.5177058],[139.6845008,35.5178576],[139.6845698,35.5179179],[139.6846701,35.5180064],[139.6850179,35.5183094],[139.6850903,35.5183721],[139.6852093,35.5184759],[139.685376,35.5186223],[139.6855035,35.5187329],[139.685532,35.5187577],[139.6860691,35.5192339],[139.68621,35.5193526],[139.6862677,35.5194019]]}},{"type":"Feature","properties":{"id":82276301,"name":"旧東海道","highway":"tertiary","role":null},"geometry":{"type":"LineString","coordinates":[[139.6757288,35.5000576],[139.6758083,35.5002836],[139.6759139,35.5005729],[139.6759743,35.5007106],[139.6761332,35.5010731],[139.6762953,35.5015353],[139.6763376,35.5017092],[139.6763329,35.5018584],[139.6763031,35.5021176],[139.6762907,35.5022251],[139.6762821,35.5023228]]}},{"type":"Feature","properties":{"id":83804956,"name":"国道1号","highway":"trunk","role":null},"geometry":{"type":"LineString","coordinates":[[137.488199,34.6957736],[137.4879719,34.696215],[137.4877763,34.6965557],[137.48771,34.6966604],[137.4876546,34.6967479],[137.4872093,34.6973927],[137.4867427,34.6980673],[137.4863185,34.6986949],[137.4858553,34.699259],[137.4855632,34.6995477],[137.4852826,34.6998094],[137.4849958,34.7000462],[137.4843446,34.7004899],[137.4833464,34.7011149],[137.482806,34.7014624],[137.4824689,34.7017522],[137.4820839,34.7021464],[137.4818371,34.7025295],[137.4816877,34.7028227],[137.4815541,34.7030915],[137.4813283,34.7034256],[137.4809814,34.7037814],[137.4802264,34.7044782],[137.4801349,34.7045614],[137.4786951,34.7058895],[137.4783614,34.7062015],[137.478183,34.7064088],[137.4780021,34.7066896],[137.4778879,34.7069689],[137.4777424,34.707325],[137.4775696,34.7076778],[137.4773636,34.7080205],[137.4770752,34.7084207],[137.4767831,34.7087603],[137.4764488,34.7090887],[137.4761041,34.7093747],[137.4756194,34.7097047],[137.474346,34.7105089],[137.4733048,34.7111801],[137.4728936,34.7114535],[137.4726509,34.7116453],[137.4725447,34.7117275],[137.4708216,34.713468],[137.4705129,34.7137303],[137.4703894,34.7138064],[137.4694425,34.7144832],[137.4686425,34.7150974],[137.4685362,34.7151706],[137.4680174,34.7156975],[137.4671888,34.716519],[137.467105,34.716602],[137.4668207,34.7168401],[137.4665149,34.7170209],[137.4657028,34.7174768],[137.4635713,34.7186057],[137.4615099,34.7196753],[137.4609037,34.7199575],[137.4605356,34.7201071],[137.460269,34.7202155]]}},{"type":"Feature","properties":{"id":85109532,"name":"国道257号（東海道）","highway":"trunk","role":null},"geometry":{"type":"LineString","coordinates":[[137.7276892,34.7080361],[137.7277261,34.7079078],[137.728066,34.7067241],[137.7282578,34.7060173],[137.7284493,34.7053197],[137.7284194,34.7052345]]}},{"type":"Feature","properties":{"id":85109549,"name":"東海道","highway":"trunk","role":null},"geometry":{"type":"LineString","coordinates":[[137.7270348,34.6999849],[137.7270597,34.7000536],[137.7270863,34.7001266],[137.7271366,34.7002182],[137.7273458,34.7005985],[137.727546,34.7009626],[137.7275864,34.701036],[137.7276182,34.7010916],[137.7276332,34.701118],[137.7278954,34.7015772],[137.7280023,34.7017646],[137.7280492,34.7018499],[137.7280952,34.7019355],[137.7281363,34.7020136],[137.7281404,34.7020214],[137.7281848,34.7021076],[137.7285924,34.7029508],[137.7286167,34.703012],[137.7286349,34.7030672],[137.7286503,34.7031211],[137.7286915,34.7032732],[137.7287261,34.7033932],[137.7287412,34.7034664],[137.7287472,34.7035285],[137.7287421,34.7036833],[137.7287258,34.703889],[137.7287156,34.7039587],[137.7286845,34.7041882],[137.7286513,34.7043635],[137.7285096,34.7048958],[137.7284194,34.7052345]]}},{"type":"Feature","properties":{"id":86305504,"name":"旧東海道","highway":"tertiary","role":null},"geometry":{"type":"LineString","coordinates":[[139.7003213,35.5281536],[139.7002125,35.528095]]}},{"type":"Feature","properties":{"id":86306776,"name":"旧東海道","highway":"tertiary","role":null},"geometry":{"type":"LineString","coordinates":[[139.691752,35.5234993],[139.691628,35.5234097],[139.6913107,35.5232038]]}},{"type":"Feature","properties":{"id":87661640,"name":"環状1号;旧東海道","highway":"primary","role":null},"geometry":{"type":"LineString","coordinates":[[139.6130208,35.4665431],[139.6130627,35.4666056],[139.6132514,35.466887],[139.6136163,35.4674352],[139.6136496,35.4674851],[139.6138854,35.467809],[139.6141008,35.4680651],[139.614291,35.4682444],[139.6144839,35.4683856],[139.6146806,35.4685222],[139.6147509,35.4685694]]}},{"type":"Feature","properties":{"id":87662161,"name":"旧東海道","highway":"tertiary","role":null},"geometry":{"type":"LineString","coordinates":[[139.606627,35.4596615],[139.6065171,35.4595207],[139.6063655,35.4592791],[139.6062237,35.4590531],[139.60618,35.4589833],[139.6060154,35.4587204],[139.6058436,35.4584148],[139.6057295,35.458212],[139.6055275,35.4578752],[139.6053299,35.457541],[139.6051334,35.4571999],[139.6050985,35.4571393],[139.6050575,35.4570682]]}},{"type":"Feature","properties":{"id":87662166,"name":"旧東海道","highway":"tertiary","role":null},"geometry":{"type":"LineString","coordinates":[[139.6108544,35.4648834],[139.610624,35.4647092],[139.6105489,35.4646403],[139.6102191,35.4643377],[139.6100615,35.4641811],[139.6097198,35.4638412],[139.6093494,35.4635066],[139.6091758,35.4633498],[139.6088415,35.4630251],[139.6086668,35.4628516]]}},{"type":"Feature","properties":{"id":87681359,"name":"旧東海道","highway":"unclassified","role":null},"geometry":{"type":"LineString","coordinates":[[139.6156555,35.4690542],[139.6156485,35.4689695],[139.6156439,35.4689139],[139.6156363,35.4688215]]}},{"type":"Feature","properties":{"id":87681394,"name":"上台橋","highway":"tertiary","role":null},"geometry":{"type":"LineString","coordinates":[[139.6189852,35.4697978],[139.6186301,35.4697606]]}},{"type":"Feature","properties":{"id":87681414,"name":"旧東海道","highway":"tertiary","role":null},"geometry":{"type":"LineString","coordinates":[[139.6260282,35.4706307],[139.6259485,35.4706413],[139.6256265,35.4706386],[139.6255446,35.4706381],[139.6251912,35.4706167],[139.625175,35.4706158],[139.6251458,35.4706123],[139.6244408,35.4705426],[139.6236697,35.4704708],[139.6231287,35.4704109],[139.6225884,35.4703292],[139.6220746,35.470252],[139.6217283,35.4701777],[139.6211152,35.4700261],[139.6210818,35.4700197],[139.6201459,35.4698723],[139.6199409,35.4698398],[139.6189852,35.4697978]]}},{"type":"Feature","properties":{"id":87681490,"name":"旧東海道","highway":"tertiary","role":null},"geometry":{"type":"LineString","coordinates":[[139.617241,35.469473],[139.6164919,35.4693047],[139.6160918,35.4692089]]}},{"type":"Feature","properties":{"id":87681510,"name":"旧東海道","highway":"tertiary","role":null},"geometry":{"type":"LineString","coordinates":[[139.6186301,35.4697606],[139.6185817,35.4697529],[139.618178,35.4696883],[139.6173317,35.4694938],[139.617241,35.469473]]}},{"type":"Feature","properties":{"id":88209795,"name":"国道1号","highway":"trunk","role":null},"geometry":{"type":"LineString","coordinates":[[137.2299447,34.9080139],[137.2301469,34.907802],[137.2302899,34.9076716],[137.2304879,34.9075242],[137.2305819,34.9074713],[137.2306891,34.9074111],[137.2308688,34.9073108],[137.2326717,34.9063043],[137.2331159,34.9060382],[137.2335465,34.9057197],[137.2339048,34.9053653],[137.2341006,34.9051406],[137.2342735,34.9049211],[137.2344389,34.9046857],[137.2347678,34.9041896],[137.2349694,34.9038703],[137.2352568,34.9034732]]}},{"type":"Feature","properties":{"id":91562466,"name":"旧東海道","highway":"tertiary","role":null},"geometry":{"type":"LineString","coordinates":[[139.7440263,35.6068195],[139.7440145,35.6067541],[139.7439737,35.6064831],[139.7439081,35.6062427],[139.7438821,35.6061424],[139.7438613,35.6060938],[139.7435604,35.6056738],[139.7434921,35.605573],[139.7432972,35.6052038],[139.7432788,35.605169],[139.7430921,35.604763],[139.7430799,35.6047365],[139.7430736,35.6047214],[139.7429575,35.6044701],[139.742625,35.6037714],[139.7425978,35.6037161],[139.7424235,35.6033754],[139.7422539,35.6030441],[139.7422394,35.6030159],[139.7422166,35.6029666],[139.7421945,35.6029256],[139.7416386,35.6018927],[139.7413941,35.6014385],[139.7413211,35.6012797],[139.7412557,35.6011121],[139.7412439,35.6009701],[139.7412427,35.60091],[139.7412452,35.6008741],[139.7412532,35.600811],[139.7412594,35.6006897],[139.741243,35.600562],[139.741167,35.6003733],[139.7411517,35.600337],[139.7410388,35.6000279],[139.7410067,35.599931],[139.7410032,35.5999204],[139.7407538,35.599166],[139.7407039,35.5990656],[139.7406136,35.5988693],[139.7404613,35.5985212],[139.7403398,35.5982718],[139.7402309,35.5981121],[139.7400887,35.597903],[139.7399891,35.5977566],[139.7397962,35.5974885],[139.739684,35.5973306],[139.7396688,35.5973056]]}},{"type":"Feature","properties":{"id":92837449,"name":"旧東海道","highway":"tertiary","role":null},"geometry":{"type":"LineString","coordinates":[[138.4239768,34.9926677],[138.4243083,34.9927047]]}},{"type":"Feature","properties":{"id":92837455,"name":"旧東海道","highway":"tertiary","role":null},"geometry":{"type":"LineString","coordinates":[[138.4243083,34.9927047],[138.4246669,34.9927201],[138.4249366,34.9927286],[138.4251589,34.9927215],[138.4252234,34.9927153]]}},{"type":"Feature","properties":{"id":92860358,"name":"焼津森線","highway":"primary","role":null},"geometry":{"type":"LineString","coordinates":[[138.2844926,34.9025625],[138.2844321,34.9026496],[138.2842107,34.9030143],[138.2840019,34.9033346],[138.2833992,34.9042456],[138.2832203,34.9045296],[138.2827869,34.9053866],[138.282742,34.905468],[138.2826803,34.9056061],[138.2825165,34.9059763],[138.282181,34.906755],[138.2821608,34.9068023],[138.2816214,34.908114],[138.2815948,34.9081783],[138.2815193,34.9083989],[138.2813646,34.9087621],[138.2811722,34.9091781],[138.281129,34.9092669]]}},{"type":"Feature","properties":{"id":93320119,"name":"旧東海道","highway":"tertiary","role":null},"geometry":{"type":"LineString","coordinates":[[139.73906,35.6237487],[139.7390984,35.6237172],[139.7391906,35.6235323],[139.739224,35.6234659],[139.7394952,35.6229422],[139.7397397,35.6224699]]}},{"type":"Feature","properties":{"id":93332307,"name":"伝馬町通り","highway":"unclassified","role":null},"geometry":{"type":"LineString","coordinates":[[138.3855163,34.974828],[138.3856919,34.9748676],[138.3857645,34.9748571],[138.3858482,34.9748374],[138.3859262,34.9748174],[138.3865276,34.9747235],[138.3867375,34.974691],[138.3868154,34.9746802],[138.3869373,34.9746632],[138.3870877,34.9746499],[138.3872383,34.974645]]}},{"type":"Feature","properties":{"id":98288563,"name":"緑瑞穂線","highway":"secondary","role":null},"geometry":{"type":"LineString","coordinates":[[136.9480159,35.0919513],[136.9480361,35.0918993],[136.9480554,35.0918497],[136.9485682,35.091577],[136.9488187,35.0914617],[136.9494198,35.0911891],[136.9495002,35.0911545],[136.9495787,35.0911252],[136.9496477,35.0909846],[136.9496835,35.0909091],[136.9497021,35.090779],[136.949741,35.0903598],[136.9497622,35.0901676],[136.9498776,35.0896975],[136.9499801,35.0892287],[136.9500732,35.0887549],[136.9500768,35.08868],[136.9500769,35.0886213],[136.9500751,35.0885775],[136.9500691,35.0885198],[136.9500548,35.0884217],[136.950046,35.0883721],[136.9499878,35.0881933],[136.9498747,35.0879239],[136.9497834,35.0877132],[136.949652,35.0874063],[136.9495991,35.0872136],[136.9495541,35.087],[136.9495148,35.086807],[136.94955,35.0864825],[136.9495838,35.0863112],[136.9496119,35.0862162],[136.9496405,35.0861316],[136.9496628,35.086083],[136.9497485,35.0859627],[136.9497924,35.0859036],[136.9498847,35.0857233],[136.950008,35.0853695],[136.9500168,35.0853413],[136.9500485,35.0851658],[136.9500543,35.0850306],[136.9500302,35.0846467],[136.9499794,35.0844446],[136.949951,35.0843629],[136.949912,35.0842945],[136.9497552,35.0840858],[136.9496905,35.0840096],[136.949315,35.0835409],[136.949223,35.0833875],[136.9491995,35.0833493],[136.9491774,35.0832908],[136.9491588,35.0832496],[136.9488203,35.0825014],[136.9488133,35.0824876]]}},{"type":"Feature","properties":{"id":98408483,"name":"旧東海道","highway":"unclassified","role":null},"geometry":{"type":"LineString","coordinates":[[138.6556365,35.1564163],[138.655451,35.1563143],[138.6552433,35.1562016],[138.6551388,35.1560866],[138.6550108,35.155995],[138.6549367,35.155961],[138.654847,35.1559377],[138.6542936,35.1559115],[138.6540372,35.1558857],[138.6536007,35.155864],[138.6529968,35.1558075],[138.6525883,35.1557875],[138.652429,35.1558126],[138.6519212,35.1559544],[138.6517943,35.1559839],[138.6514152,35.1560966]]}},{"type":"Feature","properties":{"id":98408487,"name":"旧東海道","highway":"residential","role":null},"geometry":{"type":"LineString","coordinates":[[138.6750786,35.1567247],[138.6755072,35.1572995],[138.6758707,35.1577706],[138.6762443,35.158268],[138.6769826,35.1592069],[138.6773955,35.1597388],[138.6779579,35.1605079]]}},{"type":"Feature","properties":{"id":98724340,"name":"清須下地線","highway":"secondary","role":null},"geometry":{"type":"LineString","coordinates":[[137.3853981,34.774333],[137.3853247,34.77439],[137.3852129,34.7744801],[137.3846771,34.7749114],[137.384059,34.775415],[137.3833766,34.7759723],[137.3826476,34.7766694],[137.3826445,34.7766724],[137.3816551,34.7777425],[137.3812503,34.7781536],[137.3810133,34.7783937],[137.3808293,34.7785287],[137.3805299,34.7786722],[137.3802119,34.7788003],[137.3798538,34.778919],[137.3796114,34.7790132],[137.3794406,34.7791008],[137.379138,34.7793165],[137.3788248,34.7795916]]}},{"type":"Feature","properties":{"id":98724341,"name":"白鳥豊橋線","highway":"secondary","role":null},"geometry":{"type":"LineString","coordinates":[[137.3390112,34.825953],[137.3388354,34.8261331],[137.3384397,34.8265455],[137.3379527,34.8270458],[137.3377306,34.827274],[137.3373922,34.8276759]]}},{"type":"Feature","properties":{"id":99462485,"name":"国道1号","highway":"trunk","role":null},"geometry":{"type":"LineString","coordinates":[[137.0322443,35.0204593],[137.0313839,35.0210508],[137.0304324,35.0216532]]}},{"type":"Feature","properties":{"id":99699004,"name":"旧東海道","highway":"unclassified","role":null},"geometry":{"type":"LineString","coordinates":[[137.3839454,34.7729074],[137.3840266,34.7728402],[137.384068,34.7728062],[137.3841311,34.772757],[137.3842766,34.7726309],[137.3845274,34.7723556],[137.3847017,34.7722365],[137.3853059,34.7718311],[137.3853759,34.7717913],[137.3853959,34.7717783],[137.3854692,34.771698],[137.3855124,34.7716506],[137.3855607,34.7716141],[137.3856144,34.7716042],[137.3856787,34.7715954],[137.3858383,34.7715778],[137.385896,34.771569],[137.3859999,34.7715363],[137.3861843,34.7714786],[137.3863614,34.7714224],[137.3864847,34.7713773],[137.3865223,34.7713519],[137.3865424,34.7713178],[137.3865451,34.7712429],[137.3865309,34.7711515]]}},{"type":"Feature","properties":{"id":107301425,"name":"旧東海道","highway":"unclassified","role":null},"geometry":{"type":"LineString","coordinates":[[137.3224427,34.8396436],[137.3219601,34.8401364],[137.321656,34.8404351],[137.3214375,34.8406224]]}},{"type":"Feature","properties":{"id":110010057,"name":"旧東海道","highway":"tertiary","role":null},"geometry":{"type":"LineString","coordinates":[[138.4876862,35.0288478],[138.487474,35.0283864],[138.4874436,35.0283304],[138.4870253,35.0275616],[138.4865874,35.0267374],[138.4865141,35.0265809],[138.4862315,35.0258755],[138.4861915,35.0257602],[138.4861444,35.0255239],[138.4860629,35.0250469],[138.4859979,35.0245398],[138.4858505,35.0236326]]}},{"type":"Feature","properties":{"id":113359284,"name":"旧東海道","highway":"residential","role":null},"geometry":{"type":"LineString","coordinates":[[138.9299401,35.1229134],[138.9301611,35.1230135]]}},{"type":"Feature","properties":{"id":113359502,"name":"旧東海道","highway":"tertiary","role":null},"geometry":{"type":"LineString","coordinates":[[138.9348512,35.1240808],[138.9349802,35.1239718],[138.9350579,35.1238826]]}},{"type":"Feature","properties":{"id":113360422,"name":"旧東海道","highway":"service","role":null},"geometry":{"type":"LineString","coordinates":[[138.9942948,35.1538152],[138.9943398,35.1539358],[138.9944149,35.1541507],[138.9944353,35.1542032],[138.994478,35.1542876],[138.9945434,35.1544146],[138.9947104,35.1547164],[138.9947601,35.1548034],[138.9948404,35.1549354]]}},{"type":"Feature","properties":{"id":114032358,"name":"旧東海道","highway":"steps","role":null},"geometry":{"type":"LineString","coordinates":[[139.7084304,35.5359133],[139.7084276,35.5359512]]}},{"type":"Feature","properties":{"id":114677908,"name":"国道1号","highway":"trunk","role":null},"geometry":{"type":"LineString","coordinates":[[137.3316335,34.830593],[137.3317563,34.8305101],[137.3320111,34.8303533]]}},{"type":"Feature","properties":{"id":114957650,"name":"旧東海道","highway":"tertiary","role":null},"geometry":{"type":"LineString","coordinates":[[139.7105194,35.5423175],[139.7104773,35.5422611],[139.7104681,35.5422512],[139.7103224,35.5420526],[139.7102263,35.5419239]]}},{"type":"Feature","properties":{"id":114957664,"name":"旧東海道","highway":"unclassified","role":null},"geometry":{"type":"LineString","coordinates":[[139.7116623,35.5438746],[139.711493,35.5436429],[139.7114319,35.5435587],[139.7113221,35.5434287],[139.7112952,35.5433841]]}},{"type":"Feature","properties":{"id":114957934,"name":"旧東海道","highway":"unclassified","role":null},"geometry":{"type":"LineString","coordinates":[[139.7112952,35.5433841],[139.7109741,35.5429063],[139.7107092,35.5425559],[139.7106697,35.5424954],[139.7106192,35.5424289]]}},{"type":"Feature","properties":{"id":115769319,"name":"旧東海道","highway":"unclassified","role":null},"geometry":{"type":"LineString","coordinates":[[139.561614,35.4275372],[139.5615604,35.4275346],[139.5615326,35.4275329],[139.5613646,35.4274973],[139.5613237,35.4274763],[139.5612327,35.4272859],[139.5611876,35.4272656],[139.5609328,35.427235],[139.5608791,35.4272022],[139.5608228,35.4271498],[139.5606822,35.4269192],[139.5605032,35.4266949]]}},{"type":"Feature","properties":{"id":117807457,"name":"旧東海道","highway":"unclassified","role":null},"geometry":{"type":"LineString","coordinates":[[137.0421388,35.008144],[137.0423517,35.007963],[137.0424959,35.0078397],[137.0426062,35.0077423],[137.0428305,35.0075442],[137.0430138,35.0073981],[137.0431898,35.0073093],[137.0432906,35.0072457]]}},{"type":"Feature","properties":{"id":117809099,"name":"旧東海道","highway":"unclassified","role":null},"geometry":{"type":"LineString","coordinates":[[137.0177276,35.0299798],[137.0177721,35.029929],[137.0180991,35.0295559],[137.0182188,35.0294272],[137.0183965,35.0292767],[137.0189491,35.0288548],[137.0191909,35.028674],[137.0198234,35.028267],[137.0201077,35.0280989],[137.0206511,35.027767],[137.02088,35.0276401],[137.021026,35.0275624],[137.0211927,35.0274516],[137.0213432,35.0273739],[137.0214534,35.0272825],[137.0215348,35.0272098],[137.0217196,35.0270332],[137.021914,35.0268472],[137.0220483,35.0266856],[137.022085,35.0266439],[137.0222782,35.0264242],[137.0224927,35.0262046],[137.0227357,35.0259243],[137.0227762,35.0258868],[137.0231076,35.0255382],[137.0231716,35.025472],[137.0232517,35.025411],[137.0233646,35.0253312],[137.0235344,35.0252691],[137.023757,35.025211],[137.0248941,35.0248955],[137.0253017,35.0247791],[137.025719,35.0246865],[137.025888,35.024649],[137.0259953,35.0246835]]}},{"type":"Feature","properties":{"id":118136295,"name":"旧東海道","highway":"tertiary","role":null},"geometry":{"type":"LineString","coordinates":[[138.0186338,34.7730438],[138.0187791,34.7730521],[138.0189301,34.7730621],[138.019516,34.7730891],[138.0195884,34.7730915]]}},{"type":"Feature","properties":{"id":118136298,"name":"旧東海道","highway":"tertiary","role":null},"geometry":{"type":"LineString","coordinates":[[138.0237209,34.7732986],[138.0237489,34.773251],[138.0237809,34.7731966],[138.0238031,34.7731374],[138.0238165,34.7730576],[138.0238307,34.7729449],[138.0238494,34.7728041],[138.0239081,34.772389]]}},{"type":"Feature","properties":{"id":118136316,"name":"旧東海道","highway":"unclassified","role":null},"geometry":{"type":"LineString","coordinates":[[138.0400964,34.781618],[138.0400796,34.781535],[138.0400614,34.7814452],[138.0399714,34.7813048],[138.0398908,34.7812529],[138.0392725,34.7808548],[138.038819,34.7806078],[138.0385357,34.780442],[138.0377894,34.780005],[138.0373187,34.7797295],[138.0363507,34.7791868],[138.0359627,34.7790024],[138.0354108,34.7787522],[138.0354008,34.7787477],[138.035343,34.7787175],[138.0350971,34.778589],[138.0347324,34.7783531]]}},{"type":"Feature","properties":{"id":118554602,"name":"三枚橋","highway":"secondary","role":null},"geometry":{"type":"LineString","coordinates":[[139.1087984,35.23372],[139.1086153,35.2333238]]}},{"type":"Feature","properties":{"id":118554604,"name":"神奈川県道732号湯本元箱根線","highway":"secondary","role":null},"geometry":{"type":"LineString","coordinates":[[139.1086153,35.2333238],[139.1086055,35.2333023],[139.1085894,35.2332484],[139.1085569,35.23315],[139.1085542,35.2330462],[139.1085763,35.2329381],[139.1086778,35.2326739],[139.1086909,35.2325724],[139.1086875,35.2325322],[139.1085943,35.2323552],[139.1085111,35.2322529],[139.1084226,35.232169],[139.108284,35.2320602],[139.1081189,35.2319296],[139.1077658,35.2316914],[139.1076975,35.2316335],[139.1076307,35.2315634],[139.1075653,35.2314695],[139.1074715,35.2313189],[139.1074335,35.2312709],[139.1073148,35.2311698],[139.1070797,35.2309966],[139.1070224,35.2309605],[139.1066002,35.2306945],[139.1065235,35.2306389],[139.1061404,35.230223],[139.1059605,35.2299946],[139.1058445,35.2298867],[139.1057768,35.2298402],[139.1055963,35.2297784],[139.1053667,35.2297089],[139.1048316,35.2295693],[139.1046499,35.2295219],[139.1045345,35.2294916],[139.1044996,35.2294825],[139.1043307,35.2294382],[139.1042294,35.2294105],[139.1040404,35.2293734],[139.1031487,35.2291983],[139.1027579,35.2291216],[139.1025184,35.2290727],[139.101945,35.2289748],[139.1018369,35.2289626],[139.101301,35.2289023],[139.1008042,35.2288463],[139.1007268,35.2288376],[139.1003132,35.2287887],[139.1002631,35.2287803],[139.10021,35.2287669],[139.1001672,35.2287496],[139.0998154,35.2285819],[139.0997581,35.2285583],[139.0996139,35.2285045],[139.0994422,35.2284482],[139.0992289,35.2283875],[139.0991692,35.228366],[139.0991241,35.2283445],[139.0990073,35.228263],[139.0989474,35.2282328],[139.0988733,35.2281969],[139.0987845,35.2281609],[139.098687,35.2281334],[139.098574,35.2281102],[139.0984725,35.2280965],[139.0983515,35.228084],[139.0982243,35.2280725],[139.0981017,35.2280697],[139.0980451,35.2280713],[139.097995,35.2280786],[139.097963,35.2280909],[139.0979217,35.2281153],[139.0978895,35.2281409],[139.0978146,35.2282067],[139.0977817,35.2282256],[139.097736,35.2282465],[139.0976976,35.2282603],[139.0976513,35.2282721],[139.097594,35.2282816],[139.0975227,35.2282899],[139.0974781,35.2282927],[139.0974254,35.2282946],[139.0973728,35.2282857],[139.0973083,35.2282744],[139.0972428,35.2282551],[139.0969318,35.2281453],[139.0968738,35.228129],[139.0968348,35.2281247],[139.0967908,35.2281253],[139.0967402,35.2281316],[139.0965398,35.2281699],[139.0964282,35.2281846],[139.096338,35.2281881],[139.0962527,35.2281875],[139.0961446,35.2281691],[139.0957039,35.2280844],[139.0952952,35.2280084],[139.0952239,35.2279833],[139.0951636,35.2279422],[139.0951225,35.2278985],[139.0951016,35.2278731],[139.095086,35.2278455],[139.0950722,35.2278121],[139.0950623,35.2277786],[139.0950572,35.2277506],[139.0950561,35.2277192],[139.0950603,35.2276867],[139.0951944,35.2272155],[139.0952315,35.2269962],[139.0952457,35.2268887],[139.0952515,35.2268156],[139.0952467,35.2267764],[139.0952341,35.2267465],[139.0951989,35.2267243],[139.0951396,35.2267039]]}},{"type":"Feature","properties":{"id":118899073,"name":"旧東海道","highway":"unclassified","role":null},"geometry":{"type":"LineString","coordinates":[[137.0107933,35.0397399],[137.0110205,35.0398134],[137.0110858,35.0398244],[137.0111455,35.0398231],[137.0112043,35.0397967],[137.0112561,35.0397638],[137.0113504,35.0396809],[137.011399,35.0396189],[137.0114451,35.0395589],[137.0115119,35.0394542],[137.0115454,35.0393862],[137.0115811,35.0393254],[137.0116083,35.0392724],[137.0116813,35.0391682],[137.0119211,35.0390216],[137.0120541,35.0389404],[137.0130005,35.0383318],[137.0130719,35.038293]]}},{"type":"Feature","properties":{"id":120132589,"name":"旧東海道","highway":"tertiary","role":null},"geometry":{"type":"LineString","coordinates":[[137.0502236,35.0051773],[137.0505511,35.0050336],[137.0509072,35.0048803],[137.0509827,35.0048471],[137.0510983,35.0047963],[137.0515703,35.0046029],[137.0521304,35.0043675],[137.0525981,35.0041917],[137.0529565,35.0040616],[137.0533665,35.0038983],[137.053523,35.0038648],[137.0536234,35.0039065]]}},{"type":"Feature","properties":{"id":121179005,"name":"大津能登川長浜線","highway":"primary","role":null},"geometry":{"type":"LineString","coordinates":[[135.9699019,35.0164909],[135.9707455,35.0159534],[135.9709629,35.0158381],[135.9712903,35.0155824],[135.9715482,35.0153712],[135.9720251,35.015008],[135.9721478,35.0149363],[135.9722951,35.0148679],[135.9725183,35.0147698],[135.9727363,35.0146574],[135.973126,35.0143631],[135.9733845,35.0141589],[135.9734303,35.0141375],[135.9735488,35.0140819],[135.9741366,35.0138642],[135.9743303,35.0137876],[135.9749638,35.0135107],[135.9753674,35.0132995],[135.9756599,35.013156],[135.9761004,35.0130075],[135.9772284,35.0126612],[135.977348,35.012644],[135.9774509,35.0126441],[135.9775412,35.0126604],[135.9775914,35.0126776],[135.9776653,35.0127196],[135.9778636,35.012887],[135.97792,35.0129181],[135.977974,35.0129386],[135.9782384,35.0130272],[135.9783239,35.0130783],[135.9783813,35.0131187],[135.9785545,35.0133045],[135.9787374,35.0135007],[135.9788818,35.0136299],[135.9789468,35.0136881]]}},{"type":"Feature","properties":{"id":121179007,"name":"六地蔵草津線","highway":"secondary","role":null},"geometry":{"type":"LineString","coordinates":[[135.9860234,35.0172023],[135.9862241,35.0172869],[135.9866379,35.0177075],[135.9870235,35.0181494],[135.9872977,35.0185406],[135.9873332,35.0185981],[135.9875752,35.0189583],[135.9878267,35.0193971],[135.9879736,35.0195669],[135.9880952,35.0197009],[135.9881204,35.0197348],[135.9882295,35.0198508],[135.988361,35.0199913],[135.9885897,35.0201887],[135.988802,35.020372],[135.9892031,35.0208712],[135.9893144,35.0210356],[135.9893807,35.0211277],[135.9895154,35.0213049],[135.9895448,35.0213588],[135.9895551,35.0214087],[135.9895504,35.0214586],[135.9895444,35.0215116]]}},{"type":"Feature","properties":{"id":121179014,"name":"六地蔵草津線","highway":"secondary","role":null},"geometry":{"type":"LineString","coordinates":[[135.9894999,35.021689],[135.9894947,35.0217159],[135.9896248,35.0217434],[135.9898311,35.0218014],[135.9900044,35.0218876],[135.9901705,35.0220017],[135.9902864,35.0220692],[135.9905307,35.0222327],[135.9907243,35.0223611],[135.9908344,35.0224391],[135.9908871,35.0224803],[135.9910613,35.0226115],[135.9911845,35.0226983],[135.9913087,35.0227829],[135.9914513,35.0228699],[135.9915808,35.0229393],[135.9916928,35.0229891],[135.9920203,35.0231179],[135.9921266,35.0231832],[135.992202,35.0232391],[135.9923384,35.0233538],[135.9924442,35.0234615],[135.9925243,35.0235579],[135.9926385,35.0237424],[135.9926748,35.0238189],[135.9926943,35.0238749],[135.992712,35.0239821],[135.9927316,35.0241715],[135.9927397,35.0242502],[135.9927614,35.0243195],[135.9927701,35.0243474],[135.9928938,35.0245192],[135.9930315,35.0246734],[135.9931515,35.0247943],[135.993337,35.0249748],[135.9934828,35.0250986],[135.9936277,35.0252177],[135.9939078,35.0254389],[135.994094,35.0255746],[135.9941136,35.0255874],[135.9941802,35.0256308]]}},{"type":"Feature","properties":{"id":121179016,"name":"六地蔵草津線旧道","highway":"unclassified","role":null},"geometry":{"type":"LineString","coordinates":[[135.9789468,35.0136881],[135.9790196,35.0137565],[135.9795973,35.0142993],[135.979614,35.0143132],[135.9797258,35.014405],[135.9797935,35.0144534],[135.980432,35.0149099],[135.980457,35.0149283],[135.9807343,35.0151325],[135.981271,35.0155522],[135.9818395,35.0159969]]}},{"type":"Feature","properties":{"id":121179234,"name":"旧東海道","highway":"unclassified","role":null},"geometry":{"type":"LineString","coordinates":[[136.0129848,35.0245882],[136.013535,35.024367],[136.013706,35.024322],[136.0140241,35.0242906],[136.0142711,35.0242623],[136.014344,35.024254],[136.0146666,35.0242178],[136.0150798,35.0241682],[136.0151123,35.0241654],[136.0151823,35.0241618],[136.0152557,35.0241581],[136.0156421,35.0241349],[136.015862,35.0241409],[136.016031,35.0241432]]}},{"type":"Feature","properties":{"id":121179309,"name":"旧東海道","highway":"unclassified","role":null},"geometry":{"type":"LineString","coordinates":[[136.031061,35.0255315],[136.0313137,35.0254193],[136.0314652,35.0253699],[136.0316877,35.0253166],[136.0318368,35.0252715],[136.0322326,35.0251285],[136.0325875,35.0249823],[136.0329142,35.0248293],[136.0331252,35.0247399],[136.0333137,35.0246559],[136.0334493,35.0246104],[136.0336006,35.0245637],[136.0336513,35.0245541],[136.0337868,35.0245284],[136.0338838,35.0245146],[136.0340106,35.0245063]]}},{"type":"Feature","properties":{"id":121179311,"name":"旧東海道","highway":"unclassified","role":null},"geometry":{"type":"LineString","coordinates":[[136.0083125,35.0259522],[136.0080449,35.0259433],[136.0078425,35.0259249],[136.0077395,35.0259156],[136.0073998,35.0258681],[136.0071108,35.0258266],[136.0068919,35.0258044],[136.0066573,35.0257948],[136.0065524,35.0257912],[136.006335,35.0257587],[136.0062657,35.0257479],[136.0060965,35.0257134],[136.0059603,35.0256756],[136.0058382,35.0256293],[136.0056813,35.0255973],[136.0055268,35.0255968],[136.0054489,35.0256086],[136.0053456,35.0256341],[136.0052234,35.0256767],[136.0049672,35.0257974],[136.0048222,35.0258577],[136.0048055,35.0258646],[136.004683,35.0259007],[136.0045915,35.0259143]]}},{"type":"Feature","properties":{"id":121179333,"name":"旧東海道","highway":"unclassified","role":null},"geometry":{"type":"LineString","coordinates":[[136.0196167,35.0259422],[136.0196041,35.0258936],[136.019562,35.0257551],[136.019514,35.02562],[136.0194642,35.0255392],[136.019406,35.025445],[136.0193277,35.0253331],[136.019306,35.0253074],[136.0192232,35.0252096],[136.0192087,35.0251942],[136.0191677,35.0251449],[136.0190614,35.0250308],[136.0190038,35.0249786],[136.0189906,35.0249666],[136.0188555,35.0248622],[136.0187501,35.0248004],[136.0186235,35.0247679],[136.0180503,35.0246688]]}},{"type":"Feature","properties":{"id":121179367,"name":"旧東海道","highway":"unclassified","role":null},"geometry":{"type":"LineString","coordinates":[[136.0340106,35.0245063],[136.0342594,35.0244937],[136.0344299,35.0244907],[136.034722,35.0245156],[136.0348633,35.0244939],[136.0351118,35.0244243],[136.035526,35.024277],[136.0358123,35.0241691],[136.0362133,35.0240529],[136.0365311,35.0239694],[136.0367656,35.0239314]]}},{"type":"Feature","properties":{"id":121180246,"name":"旧東海道","highway":"unclassified","role":null},"geometry":{"type":"LineString","coordinates":[[136.0367656,35.0239314],[136.0369872,35.0239509]]}},{"type":"Feature","properties":{"id":121180441,"name":"旧東海道","highway":"unclassified","role":null},"geometry":{"type":"LineString","coordinates":[[136.031061,35.0255315],[136.0309511,35.025545],[136.0307545,35.0255376],[136.0307264,35.0255348],[136.0306116,35.0255234],[136.0304192,35.0255031],[136.0302777,35.0254944],[136.030124,35.0254944],[136.0299337,35.0254973],[136.0298005,35.0255123],[136.0296314,35.0255373],[136.0294818,35.0255566],[136.0293689,35.0255781],[136.0292812,35.0256139],[136.0291003,35.0257132],[136.0289066,35.0258181],[136.0287887,35.0258694],[136.0286274,35.0259121],[136.0285759,35.0259258],[136.0285233,35.0259372],[136.0283783,35.025961],[136.0282796,35.0259749],[136.0282242,35.0259777],[136.0280354,35.0259786],[136.0278813,35.0259749],[136.027579,35.025974],[136.027192,35.0259569],[136.0270226,35.0259549],[136.0268713,35.0259618],[136.0264338,35.025979],[136.026199,35.02595],[136.0257567,35.0258885],[136.025586,35.0258705],[136.0253562,35.02587],[136.0251212,35.0258784],[136.0247657,35.0258863]]}},{"type":"Feature","properties":{"id":121180512,"name":"旧東海道","highway":"unclassified","role":null},"geometry":{"type":"LineString","coordinates":[[136.0247657,35.0258863],[136.0244626,35.0259102],[136.0242674,35.0259455],[136.0239917,35.025985],[136.0235041,35.0260453],[136.0231509,35.0260801],[136.0230281,35.0260745],[136.0229083,35.0260808]]}},{"type":"Feature","properties":{"id":121180629,"name":"旧東海道","highway":"unclassified","role":null},"geometry":{"type":"LineString","coordinates":[[136.0214262,35.0261723],[136.0212508,35.0261561],[136.0209104,35.0261423]]}},{"type":"Feature","properties":{"id":121180727,"name":"旧東海道","highway":"unclassified","role":null},"geometry":{"type":"LineString","coordinates":[[135.9992537,35.0259749],[135.9991824,35.0259669],[135.9985514,35.0258965],[135.9973506,35.0259399]]}},{"type":"Feature","properties":{"id":121181319,"name":"旧東海道","highway":"unclassified","role":null},"geometry":{"type":"LineString","coordinates":[[136.0200858,35.0260354],[136.0199196,35.0259953],[136.0197629,35.0259768],[136.0196167,35.0259422]]}},{"type":"Feature","properties":{"id":121181356,"name":"旧東海道","highway":"unclassified","role":null},"geometry":{"type":"LineString","coordinates":[[135.9941802,35.0256308],[135.9942287,35.0256662],[135.9944401,35.0258205],[135.99462,35.0259216]]}},{"type":"Feature","properties":{"id":121181416,"name":"旧東海道","highway":"unclassified","role":null},"geometry":{"type":"LineString","coordinates":[[135.99462,35.0259216],[135.9947289,35.0259694],[135.995198,35.026013],[135.9953482,35.0260235],[135.9958676,35.0260095]]}},{"type":"Feature","properties":{"id":121181484,"name":"旧東海道","highway":"unclassified","role":null},"geometry":{"type":"LineString","coordinates":[[135.9958676,35.0260095],[135.9962906,35.0259876],[135.996645,35.0259646],[135.996913,35.025954],[135.9973506,35.0259399]]}},{"type":"Feature","properties":{"id":121181675,"name":"旧東海道","highway":"unclassified","role":null},"geometry":{"type":"LineString","coordinates":[[135.9992537,35.0259749],[135.9993213,35.0259773],[135.999599,35.025987],[135.9998923,35.0260044],[136.0001352,35.0260011],[136.0005115,35.0259887],[136.0006746,35.0259833],[136.0009568,35.025978],[136.0013183,35.0259774],[136.0017264,35.0260001],[136.0018468,35.0260166],[136.0021509,35.0260481],[136.002513,35.0260349],[136.0028101,35.0259862],[136.0028689,35.0259766],[136.0030785,35.0259524],[136.0030923,35.0259527],[136.0032691,35.0259571],[136.0035466,35.0260195],[136.0036534,35.0260201],[136.0040555,35.0259875],[136.0043771,35.025947],[136.0045915,35.0259143]]}},{"type":"Feature","properties":{"id":121181741,"name":"旧東海道","highway":"unclassified","role":null},"geometry":{"type":"LineString","coordinates":[[136.0229083,35.0260808],[136.0227836,35.0260952],[136.022451,35.026159],[136.0222511,35.0262054],[136.0221918,35.0262191],[136.0220708,35.0262243],[136.0219427,35.0262201],[136.0218057,35.0262122],[136.0216153,35.0261951],[136.0214262,35.0261723]]}},{"type":"Feature","properties":{"id":121181807,"name":"旧東海道","highway":"unclassified","role":null},"geometry":{"type":"LineString","coordinates":[[136.0180503,35.0246688],[136.0179639,35.0246589],[136.0176899,35.0246119],[136.0174001,35.024532],[136.0173729,35.0245219],[136.0171309,35.0244328],[136.016748,35.024299],[136.016527,35.024232],[136.016371,35.024192],[136.016031,35.0241432]]}},{"type":"Feature","properties":{"id":121181863,"name":"旧東海道","highway":"unclassified","role":null},"geometry":{"type":"LineString","coordinates":[[136.0129848,35.0245882],[136.0126918,35.0247422],[136.0123592,35.0249218],[136.0121331,35.0250414],[136.0119051,35.0251574],[136.0117725,35.0252818],[136.0116805,35.0253955],[136.0116101,35.0254638],[136.0115763,35.0254965],[136.0114339,35.0255971],[136.0111875,35.0257271],[136.0110404,35.0257904],[136.0109804,35.0258161],[136.0107482,35.0258875]]}},{"type":"Feature","properties":{"id":121181911,"name":"旧東海道","highway":"unclassified","role":null},"geometry":{"type":"LineString","coordinates":[[136.0107482,35.0258875],[136.0105505,35.0259294],[136.0103112,35.0259606],[136.010043,35.025957],[136.0098211,35.0259561],[136.0093524,35.025945],[136.0093459,35.0259447],[136.0089185,35.0259262],[136.0086887,35.0259276],[136.0084698,35.0259381],[136.0083125,35.0259522]]}},{"type":"Feature","properties":{"id":121182679,"name":"六地蔵草津線旧道","highway":"unclassified","role":null},"geometry":{"type":"LineString","coordinates":[[135.9818395,35.0159969],[135.9824577,35.0164898],[135.9824886,35.0165138],[135.9829247,35.0168715],[135.9831233,35.0170383],[135.9831664,35.0170855],[135.9835147,35.0175354],[135.9836348,35.0176154],[135.9836723,35.0176404],[135.9838883,35.0177236],[135.984006,35.0177422],[135.9840253,35.0177453],[135.9843774,35.0177006],[135.9850199,35.0175952],[135.9852271,35.017527],[135.985249,35.0175198],[135.9856732,35.0173328],[135.9860234,35.0172023]]}},{"type":"Feature","properties":{"id":121367309,"name":"旧東海道","highway":"unclassified","role":null},"geometry":{"type":"LineString","coordinates":[[135.9615202,35.0177444],[135.9623211,35.0174804],[135.962449,35.0174383],[135.9636167,35.0170535]]}},{"type":"Feature","properties":{"id":121367559,"name":"旧東海道","highway":"unclassified","role":null},"geometry":{"type":"LineString","coordinates":[[135.9441707,34.9932525],[135.9441845,34.9932995],[135.9442019,34.9933698],[135.9441999,34.9934379]]}},{"type":"Feature","properties":{"id":121367561,"name":"旧東海道","highway":"unclassified","role":null},"geometry":{"type":"LineString","coordinates":[[135.9479948,34.9975398],[135.9479731,34.9974622],[135.9479389,34.9973738],[135.94783,34.9971644],[135.9477228,34.9970258],[135.9477066,34.9970048],[135.9475718,34.996827],[135.9474796,34.9967163],[135.9473759,34.996597],[135.9473703,34.9965905],[135.9472992,34.9965141],[135.9472235,34.9964374],[135.9471199,34.9963447],[135.9470525,34.9962961],[135.9469889,34.9962547],[135.9469378,34.9962252],[135.9468707,34.9961897],[135.9467418,34.996135],[135.946587,34.9960812],[135.9460931,34.9958656],[135.9460138,34.9958371]]}},{"type":"Feature","properties":{"id":121368130,"name":"矢倉橋","highway":"unclassified","role":null},"geometry":{"type":"LineString","coordinates":[[135.9561039,35.0110239],[135.9561213,35.0110525],[135.9564884,35.0117057]]}},{"type":"Feature","properties":{"id":121368228,"name":"旧東海道","highway":"unclassified","role":null},"geometry":{"type":"LineString","coordinates":[[135.9420609,34.9910149],[135.942016,34.9909704]]}},{"type":"Feature","properties":{"id":121368505,"name":"旧東海道","highway":"unclassified","role":null},"geometry":{"type":"LineString","coordinates":[[135.9446825,34.9950014],[135.9446381,34.994856],[135.9445999,34.9947108]]}},{"type":"Feature","properties":{"id":121368862,"name":"旧東海道","highway":"unclassified","role":null},"geometry":{"type":"LineString","coordinates":[[135.9560737,35.0109708],[135.9561039,35.0110239]]}},{"type":"Feature","properties":{"id":121369545,"name":"旧東海道","highway":"unclassified","role":null},"geometry":{"type":"LineString","coordinates":[[135.9564884,35.0117057],[135.9565101,35.0117411]]}},{"type":"Feature","properties":{"id":121369732,"name":"旧東海道","highway":"unclassified","role":null},"geometry":{"type":"LineString","coordinates":[[135.9543642,35.008388],[135.9541107,35.007965],[135.9539087,35.0076228]]}},{"type":"Feature","properties":{"id":121370055,"name":"旧東海道","highway":"unclassified","role":null},"geometry":{"type":"LineString","coordinates":[[135.955291,35.009788],[135.9549326,35.0092405],[135.9548097,35.0090528]]}},{"type":"Feature","properties":{"id":121370859,"name":"旧東海道","highway":"residential","role":null},"geometry":{"type":"LineString","coordinates":[[135.9519567,35.0028346],[135.9519401,35.0029452],[135.951945,35.0029783]]}},{"type":"Feature","properties":{"id":121371329,"name":"旧東海道","highway":"unclassified","role":null},"geometry":{"type":"LineString","coordinates":[[135.9521224,35.0041066],[135.9522206,35.0040393]]}},{"type":"Feature","properties":{"id":121371354,"name":"旧東海道","highway":"residential","role":null},"geometry":{"type":"LineString","coordinates":[[135.9521596,35.0017829],[135.9521641,35.001962],[135.9521529,35.0020659],[135.9521292,35.0022168],[135.9520582,35.0023855],[135.9520033,35.0026029],[135.9519806,35.002726],[135.9519741,35.0027514],[135.9519691,35.0027736]]}},{"type":"Feature","properties":{"id":121371527,"name":"旧東海道","highway":"unclassified","role":null},"geometry":{"type":"LineString","coordinates":[[135.9548097,35.0090528],[135.9546956,35.0088817],[135.9544627,35.0085337],[135.9543642,35.008388]]}},{"type":"Feature","properties":{"id":121372129,"name":"旧東海道","highway":"unclassified","role":null},"geometry":{"type":"LineString","coordinates":[[135.955291,35.009788],[135.9553848,35.0099315],[135.9556405,35.0103227],[135.9559212,35.0107328],[135.9560196,35.0108766],[135.9560737,35.0109708]]}},{"type":"Feature","properties":{"id":121372134,"name":"旧東海道","highway":"unclassified","role":null},"geometry":{"type":"LineString","coordinates":[[135.9483357,34.9980886],[135.9483292,34.9980785]]}},{"type":"Feature","properties":{"id":121372148,"name":"旧東海道","highway":"unclassified","role":null},"geometry":{"type":"LineString","coordinates":[[135.9441999,34.9934379],[135.944265,34.9934566],[135.9443145,34.9934851],[135.9443548,34.9935335],[135.9443993,34.9937035]]}},{"type":"Feature","properties":{"id":121372603,"name":"旧東海道","highway":"unclassified","role":null},"geometry":{"type":"LineString","coordinates":[[135.9405567,34.9894022],[135.9404445,34.9892949],[135.9401781,34.9890399],[135.9400445,34.9889169],[135.9398764,34.9888003],[135.9396406,34.9886405],[135.9396251,34.98863]]}},{"type":"Feature","properties":{"id":121372699,"name":"旧東海道","highway":"unclassified","role":null},"geometry":{"type":"LineString","coordinates":[[135.9441707,34.9932525],[135.9440458,34.9931022]]}},{"type":"Feature","properties":{"id":121372832,"name":"旧東海道","highway":"unclassified","role":null},"geometry":{"type":"LineString","coordinates":[[135.9565101,35.0117411],[135.9565478,35.0117935],[135.9565797,35.0118606],[135.9566898,35.0120923],[135.9566951,35.0121019],[135.9567055,35.0121285],[135.9567168,35.0121662],[135.9567235,35.0121907],[135.9567352,35.0122497],[135.9567461,35.0123126],[135.9567548,35.0123848],[135.9567808,35.0126248],[135.9567849,35.0126507],[135.9567917,35.0126743],[135.9569275,35.0129474],[135.9570051,35.0130941],[135.9570308,35.0131477],[135.9570719,35.0132347],[135.9571034,35.0133388],[135.9571167,35.0133833]]}},{"type":"Feature","properties":{"id":121372850,"name":"旧東海道","highway":"unclassified","role":null},"geometry":{"type":"LineString","coordinates":[[135.9481602,34.9978838],[135.9481136,34.9978334],[135.9480945,34.9977995],[135.9480126,34.9975898]]}},{"type":"Feature","properties":{"id":121372855,"name":"旧東海道","highway":"unclassified","role":null},"geometry":{"type":"LineString","coordinates":[[135.9528527,35.00588],[135.9528262,35.0058175],[135.9523974,35.0049327],[135.952348,35.004831],[135.952264,35.0046126],[135.9521815,35.0043864],[135.95217,35.0043351],[135.9521224,35.0041066]]}},{"type":"Feature","properties":{"id":121372871,"name":"旧東海道","highway":"residential","role":null},"geometry":{"type":"LineString","coordinates":[[135.9521161,35.001463],[135.9520963,35.0013582],[135.9520934,35.0013428],[135.952058,35.0011515],[135.9520273,35.0010678],[135.9520004,35.001002],[135.951957,35.000912],[135.9519103,35.0008093],[135.9518986,35.0007837]]}},{"type":"Feature","properties":{"id":121373031,"name":"旧東海道","highway":"unclassified","role":null},"geometry":{"type":"LineString","coordinates":[[135.9443993,34.9937035],[135.9445449,34.9944689],[135.9445999,34.9947108]]}},{"type":"Feature","properties":{"id":121373084,"name":"旧東海道","highway":"unclassified","role":null},"geometry":{"type":"LineString","coordinates":[[135.944884,34.9956519],[135.944875,34.995604],[135.944821,34.99543],[135.944807,34.995379],[135.9446825,34.9950014]]}},{"type":"Feature","properties":{"id":121373105,"name":"旧東海道","highway":"unclassified","role":null},"geometry":{"type":"LineString","coordinates":[[135.9439615,34.9929637],[135.9438445,34.9927991],[135.9434852,34.9924356],[135.9434653,34.9924152],[135.9433678,34.9923077],[135.9432283,34.9921822],[135.9428971,34.991935],[135.9427962,34.9918557],[135.942695,34.9917456],[135.9424177,34.991427],[135.9422923,34.9912559],[135.9421762,34.9911302],[135.9420609,34.9910149]]}},{"type":"Feature","properties":{"id":121373280,"name":"旧東海道","highway":"unclassified","role":null},"geometry":{"type":"LineString","coordinates":[[135.942016,34.9909704],[135.9418765,34.9908572],[135.9416589,34.9906445],[135.9416136,34.9906001]]}},{"type":"Feature","properties":{"id":121373297,"name":"旧東海道","highway":"residential","role":null},"geometry":{"type":"LineString","coordinates":[[135.9507831,35.0001355],[135.9505587,35.0000407],[135.9503577,34.9999559],[135.9502476,34.9999094],[135.9500197,34.9998132],[135.9498627,34.9997347],[135.9497521,34.9996665],[135.9495917,34.9995544],[135.949485,34.9994798],[135.9494106,34.9994184],[135.9493489,34.9993583],[135.9491567,34.9991376],[135.9489057,34.9988224],[135.9488426,34.9987517],[135.9485793,34.99844],[135.948445,34.9982492],[135.9483357,34.9980886]]}},{"type":"Feature","properties":{"id":121373390,"name":"旧東海道","highway":"footway","role":null},"geometry":{"type":"LineString","coordinates":[[135.9681245,35.0169686],[135.9683968,35.0168909],[135.9686663,35.0168851],[135.9689002,35.0168105],[135.9691959,35.0166898],[135.9693705,35.0166251],[135.969549,35.0165646],[135.9698509,35.0164515]]}},{"type":"Feature","properties":{"id":121373482,"name":"旧東海道","highway":"unclassified","role":null},"geometry":{"type":"LineString","coordinates":[[135.9528527,35.00588],[135.9528855,35.0059634],[135.9529748,35.0061454],[135.9530579,35.0063036],[135.9531575,35.0064727],[135.9532313,35.0065911],[135.9533144,35.0067102],[135.9534948,35.0069812],[135.9535583,35.0070742],[135.9538913,35.0075943],[135.9539087,35.0076228]]}},{"type":"Feature","properties":{"id":121373543,"name":"旧東海道","highway":"unclassified","role":null},"geometry":{"type":"LineString","coordinates":[[135.9652478,35.0168883],[135.9653887,35.0169629],[135.9654719,35.017015],[135.9655484,35.0170481],[135.9656445,35.0170693],[135.9657844,35.0170827],[135.9660779,35.0170898],[135.9662872,35.0170825],[135.9663845,35.0170792],[135.9664387,35.0170924],[135.9664953,35.0171312],[135.9665345,35.0171841],[135.966582,35.0172508]]}},{"type":"Feature","properties":{"id":121503212,"name":"高島大津線","highway":"secondary","role":null},"geometry":{"type":"LineString","coordinates":[[135.860247,35.0034222],[135.8600401,35.0030848]]}},{"type":"Feature","properties":{"id":121503525,"name":"旧東海道","highway":"unclassified","role":null},"geometry":{"type":"LineString","coordinates":[[135.8757933,35.0042126],[135.8755823,35.0041632],[135.8752714,35.0041079],[135.8751458,35.004103],[135.8750547,35.0041074],[135.8747385,35.0041228],[135.8746803,35.0041256],[135.8745372,35.0041216],[135.8743691,35.0041168],[135.8740136,35.0041041],[135.873753,35.0041063],[135.8736283,35.0041211],[135.8735458,35.0041369],[135.87344,35.0041717],[135.8733039,35.0042187],[135.8726371,35.0044453],[135.872304,35.0045704],[135.8718721,35.0047198],[135.8717953,35.0047463]]}},{"type":"Feature","properties":{"id":121503797,"name":"旧東海道","highway":"unclassified","role":null},"geometry":{"type":"LineString","coordinates":[[135.8831236,35.0024293],[135.8824295,35.0026482],[135.8824056,35.0026559],[135.8821805,35.002716],[135.8821448,35.0027255],[135.881942,35.0027654],[135.8817708,35.0027991],[135.8813741,35.0028919],[135.8812451,35.0029221],[135.8809059,35.0030226],[135.8808488,35.0030359]]}},{"type":"Feature","properties":{"id":121503925,"name":"旧東海道","highway":"unclassified","role":null},"geometry":{"type":"LineString","coordinates":[[135.8797823,35.0033056],[135.8801917,35.0032061],[135.8804926,35.0031337],[135.8806398,35.0030964],[135.8808003,35.00305],[135.8808158,35.0030455],[135.8808488,35.0030359]]}},{"type":"Feature","properties":{"id":121504085,"name":"旧東海道","highway":"unclassified","role":null},"geometry":{"type":"LineString","coordinates":[[135.8776363,35.0038725],[135.8782082,35.0036814],[135.8785793,35.0035573],[135.8790337,35.0034406],[135.8794578,35.0033638],[135.8797823,35.0033056]]}},{"type":"Feature","properties":{"id":121504126,"name":"旧東海道","highway":"unclassified","role":null},"geometry":{"type":"LineString","coordinates":[[135.8831236,35.0024293],[135.8837211,35.0022343],[135.8846394,35.0019713]]}},{"type":"Feature","properties":{"id":121504180,"name":"旧東海道","highway":"unclassified","role":null},"geometry":{"type":"LineString","coordinates":[[135.88933,35.0007675],[135.889359,35.0007723],[135.8894413,35.0007794],[135.8895457,35.00078],[135.8896344,35.0007772],[135.8897303,35.000769],[135.8898403,35.0007525],[135.8899007,35.0007378],[135.8899948,35.000682],[135.8900334,35.0006602],[135.8902986,35.0004572],[135.8901714,35.0001738],[135.8901073,35.0000311],[135.8899569,34.9996959],[135.890016,34.999644],[135.8903279,34.9994662],[135.8904258,34.9994071],[135.8913763,34.9988446],[135.8917869,34.9986069],[135.8919519,34.9985114]]}},{"type":"Feature","properties":{"id":121504298,"name":"旧東海道","highway":"unclassified","role":null},"geometry":{"type":"LineString","coordinates":[[135.8846394,35.0019713],[135.8847761,35.0019249],[135.884803,35.0016727],[135.8848912,35.001636],[135.8849676,35.0016169],[135.8852309,35.0015511],[135.8853294,35.0015229],[135.885538,35.001463],[135.8856244,35.0014355],[135.8857955,35.0013809],[135.8860385,35.0012897],[135.8861846,35.0012298],[135.88668,35.0010134],[135.8868791,35.0009361],[135.8870276,35.000888]]}},{"type":"Feature","properties":{"id":121663842,"name":"旧東海道","highway":"tertiary","role":null},"geometry":{"type":"LineString","coordinates":[[136.0493485,35.0193667],[136.049594,35.0192425],[136.0496932,35.0191717],[136.0497849,35.0191081],[136.0499003,35.0189993],[136.0500447,35.0188493],[136.05026,35.0186167],[136.0503861,35.018517],[136.0505487,35.0184225]]}},{"type":"Feature","properties":{"id":121663860,"name":"旧東海道","highway":"unclassified","role":null},"geometry":{"type":"LineString","coordinates":[[136.0466058,35.021356],[136.046902,35.021021],[136.047114,35.020716],[136.0474601,35.0203481]]}},{"type":"Feature","properties":{"id":121663864,"name":"旧東海道","highway":"unclassified","role":null},"geometry":{"type":"LineString","coordinates":[[136.0710099,35.003023],[136.070372,35.003394],[136.069978,35.003601],[136.069872,35.003659],[136.069626,35.003799],[136.0693937,35.0039165],[136.0692207,35.0040065],[136.0691201,35.0040286],[136.0689847,35.0040275],[136.068792,35.003999]]}},{"type":"Feature","properties":{"id":121663912,"name":"旧東海道","highway":"unclassified","role":null},"geometry":{"type":"LineString","coordinates":[[136.1136947,34.9845928],[136.113584,34.984697],[136.113392,34.984822],[136.1132656,34.984906],[136.113104,34.9849538],[136.1129301,34.9849428],[136.1125547,34.9848781],[136.1120078,34.9847668],[136.1115876,34.9846549],[136.1112627,34.9845653],[136.111053,34.9844928]]}},{"type":"Feature","properties":{"id":121663986,"name":"旧東海道","highway":"unclassified","role":null},"geometry":{"type":"LineString","coordinates":[[136.1166103,34.9837449],[136.1163388,34.9837758],[136.1160306,34.9837905],[136.11567,34.983807],[136.115337,34.9838116],[136.115064,34.9838317],[136.1149016,34.983847],[136.1148558,34.9838618],[136.1147466,34.983897],[136.1145405,34.9840119],[136.1143347,34.9841498],[136.1142706,34.9841859]]}},{"type":"Feature","properties":{"id":121663991,"name":"旧東海道","highway":"unclassified","role":null},"geometry":{"type":"LineString","coordinates":[[136.0873173,34.994011],[136.0879738,34.9936561],[136.0888141,34.993263],[136.0890326,34.9931734],[136.0897448,34.9929143],[136.0904309,34.9926452],[136.0904836,34.9926245]]}},{"type":"Feature","properties":{"id":121664083,"name":"旧東海道","highway":"unclassified","role":null},"geometry":{"type":"LineString","coordinates":[[136.1082056,34.9862819],[136.1083945,34.9862063],[136.1087842,34.9859951],[136.108918,34.985926],[136.1091335,34.9858176],[136.1093373,34.9857484],[136.109848,34.985526],[136.109944,34.98547],[136.1100091,34.9854064],[136.1100533,34.9853194],[136.1102397,34.9849932],[136.1103439,34.9848567],[136.1104287,34.984765],[136.1105431,34.9846654],[136.1106919,34.9845614],[136.1107748,34.9845348]]}},{"type":"Feature","properties":{"id":121664105,"name":"旧東海道","highway":"unclassified","role":null},"geometry":{"type":"LineString","coordinates":[[136.0851979,34.9947071],[136.0850993,34.9947665],[136.0849585,34.9948292],[136.0847562,34.9949098],[136.0839902,34.9951944],[136.0838738,34.9952582],[136.0837686,34.9953477],[136.0836707,34.995491],[136.0835056,34.9956977],[136.0833409,34.9958447],[136.0833201,34.9958633],[136.0831726,34.9959987],[136.0830384,34.9961263],[136.0829655,34.9962067],[136.0828665,34.9962917],[136.0827167,34.9964354]]}},{"type":"Feature","properties":{"id":121664205,"name":"旧東海道","highway":"tertiary","role":null},"geometry":{"type":"LineString","coordinates":[[136.1174637,34.9836881],[136.1174988,34.983934],[136.1175463,34.9841925],[136.117535,34.984255]]}},{"type":"Feature","properties":{"id":121664293,"name":"旧東海道","highway":"unclassified","role":null},"geometry":{"type":"LineString","coordinates":[[136.0912049,34.9922845],[136.090899,34.9924546],[136.0904836,34.9926245]]}},{"type":"Feature","properties":{"id":121664318,"name":"旧東海道","highway":"unclassified","role":null},"geometry":{"type":"LineString","coordinates":[[136.0589341,35.0078658],[136.0594828,35.007578],[136.059846,35.007389]]}},{"type":"Feature","properties":{"id":121664332,"name":"旧東海道","highway":"unclassified","role":null},"geometry":{"type":"LineString","coordinates":[[136.066294,35.0042525],[136.0661684,35.0042849]]}},{"type":"Feature","properties":{"id":121664553,"name":"旧東海道　由良谷川隧道","highway":"unclassified","role":null},"geometry":{"type":"LineString","coordinates":[[136.0872677,34.9940285],[136.0870111,34.9941657]]}},{"type":"Feature","properties":{"id":121664573,"name":"旧東海道 大沙川隧道","highway":"unclassified","role":null},"geometry":{"type":"LineString","coordinates":[[136.1019056,34.9882383],[136.1017362,34.9883047]]}},{"type":"Feature","properties":{"id":121664677,"name":"旧東海道","highway":"unclassified","role":null},"geometry":{"type":"LineString","coordinates":[[136.095714,34.989515],[136.095952,34.9895157],[136.0960529,34.9895041],[136.0963389,34.9894817],[136.0968517,34.9894809]]}},{"type":"Feature","properties":{"id":121664759,"name":"旧東海道","highway":"unclassified","role":null},"geometry":{"type":"LineString","coordinates":[[136.1107748,34.9845348],[136.1108047,34.9845273]]}},{"type":"Feature","properties":{"id":121664907,"name":"旧東海道","highway":"unclassified","role":null},"geometry":{"type":"LineString","coordinates":[[136.0872677,34.9940285],[136.0873173,34.994011]]}},{"type":"Feature","properties":{"id":121664941,"name":"旧東海道","highway":"unclassified","role":null},"geometry":{"type":"LineString","coordinates":[[136.1019056,34.9882383],[136.1021503,34.9881276]]}},{"type":"Feature","properties":{"id":121665015,"name":"旧東海道","highway":"unclassified","role":null},"geometry":{"type":"LineString","coordinates":[[136.0369872,35.0239509],[136.037427,35.0239746]]}},{"type":"Feature","properties":{"id":121665098,"name":"旧東海道","highway":"unclassified","role":null},"geometry":{"type":"LineString","coordinates":[[136.0540768,35.0127023],[136.0538885,35.0128715],[136.0537148,35.0130118]]}},{"type":"Feature","properties":{"id":121665196,"name":"旧東海道","highway":"unclassified","role":null},"geometry":{"type":"LineString","coordinates":[[136.0466058,35.021356],[136.0463295,35.0215427],[136.0460613,35.0217074],[136.0457126,35.0219139],[136.045321,35.0221423],[136.0448731,35.0224059],[136.0443501,35.0226651],[136.0439182,35.022887],[136.0437171,35.022966],[136.0435668,35.0230188],[136.0433657,35.0230781],[136.0429178,35.0231923],[136.0423545,35.0233351],[136.0414989,35.0235569],[136.0407371,35.0237173],[136.0403214,35.0237458],[136.0396589,35.0238688],[136.0392646,35.0238732],[136.0387979,35.0239105],[136.0383222,35.0239602],[136.0378484,35.0239682],[136.037427,35.0239746]]}},{"type":"Feature","properties":{"id":121665335,"name":"旧東海道","highway":"unclassified","role":null},"geometry":{"type":"LineString","coordinates":[[136.1021503,34.9881276],[136.1026527,34.9878743],[136.1033043,34.9875266]]}},{"type":"Feature","properties":{"id":121665341,"name":"旧東海道","highway":"unclassified","role":null},"geometry":{"type":"LineString","coordinates":[[136.0741222,35.0013996],[136.0742898,35.0013047],[136.0745346,35.0012103]]}},{"type":"Feature","properties":{"id":121665361,"name":"旧東海道","highway":"unclassified","role":null},"geometry":{"type":"LineString","coordinates":[[136.0528663,35.0112179],[136.0533288,35.0116499],[136.0535315,35.0119494],[136.0537279,35.0122042],[136.0540768,35.0127023]]}},{"type":"Feature","properties":{"id":121665405,"name":"旧東海道","highway":"unclassified","role":null},"geometry":{"type":"LineString","coordinates":[[136.1174637,34.9836881],[136.1172905,34.9837],[136.1168886,34.98372],[136.1166103,34.9837449]]}},{"type":"Feature","properties":{"id":121665425,"name":"旧東海道","highway":"unclassified","role":null},"geometry":{"type":"LineString","coordinates":[[136.0720493,35.0024592],[136.072503,35.0022165],[136.073045,35.0019481]]}},{"type":"Feature","properties":{"id":121665435,"name":"旧東海道","highway":"unclassified","role":null},"geometry":{"type":"LineString","coordinates":[[136.1011023,34.9883508],[136.1012291,34.9883443],[136.1015559,34.9883365],[136.1016511,34.98833],[136.1017362,34.9883047]]}},{"type":"Feature","properties":{"id":121665515,"name":"旧東海道","highway":"unclassified","role":null},"geometry":{"type":"LineString","coordinates":[[136.0802217,34.9984394],[136.0804293,34.9983632]]}},{"type":"Feature","properties":{"id":121665731,"name":"旧東海道","highway":"unclassified","role":null},"geometry":{"type":"LineString","coordinates":[[136.0537148,35.0130118],[136.0530977,35.0134888]]}},{"type":"Feature","properties":{"id":121665767,"name":"旧東海道","highway":"unclassified","role":null},"geometry":{"type":"LineString","coordinates":[[136.0760152,35.000349],[136.0763445,35.0001425],[136.0770145,34.9997612]]}},{"type":"Feature","properties":{"id":121665823,"name":"旧東海道","highway":"unclassified","role":null},"geometry":{"type":"LineString","coordinates":[[136.0950243,34.9897161],[136.095069,34.9896918],[136.0952214,34.9896088],[136.0954709,34.9895355],[136.095714,34.989515]]}},{"type":"Feature","properties":{"id":121665890,"name":"旧東海道","highway":"unclassified","role":null},"geometry":{"type":"LineString","coordinates":[[136.1108047,34.9845273],[136.110819,34.984525],[136.1108669,34.9845172],[136.111014,34.9844932],[136.111053,34.9844928]]}},{"type":"Feature","properties":{"id":121666023,"name":"旧東海道","highway":"unclassified","role":null},"geometry":{"type":"LineString","coordinates":[[136.086749,34.9942609],[136.0867165,34.9942701],[136.086421,34.994354],[136.0860919,34.9944477],[136.0859539,34.994487],[136.0854906,34.9946142],[136.0851979,34.9947071]]}},{"type":"Feature","properties":{"id":121666041,"name":"旧東海道","highway":"unclassified","role":null},"geometry":{"type":"LineString","coordinates":[[136.0528663,35.0112179],[136.053223,35.010905],[136.0532629,35.0108775],[136.0535496,35.0106799],[136.0538208,35.0105152]]}},{"type":"Feature","properties":{"id":121666084,"name":"旧東海道","highway":"unclassified","role":null},"geometry":{"type":"LineString","coordinates":[[136.1142706,34.9841859],[136.114202,34.9842297],[136.114124,34.984274],[136.113796,34.984522],[136.1136947,34.9845928]]}},{"type":"Feature","properties":{"id":121666228,"name":"旧東海道","highway":"unclassified","role":null},"geometry":{"type":"LineString","coordinates":[[136.0550285,35.0098243],[136.0558015,35.0094572],[136.0569081,35.0088892]]}},{"type":"Feature","properties":{"id":121666244,"name":"旧東海道","highway":"unclassified","role":null},"geometry":{"type":"LineString","coordinates":[[136.0827167,34.9964354],[136.0825658,34.9965497],[136.0822529,34.9967747],[136.0820133,34.9969412],[136.0819686,34.9969875]]}},{"type":"Feature","properties":{"id":121666285,"name":"旧東海道","highway":"unclassified","role":null},"geometry":{"type":"LineString","coordinates":[[136.064224,35.0054175],[136.0646071,35.0051954],[136.0647216,35.005129],[136.0649821,35.0049791],[136.0650612,35.0049437],[136.0651444,35.0049065]]}},{"type":"Feature","properties":{"id":121666449,"name":"旧東海道","highway":"unclassified","role":null},"geometry":{"type":"LineString","coordinates":[[136.1070414,34.9863862],[136.1072885,34.9863175],[136.1077503,34.9863244],[136.1079007,34.9863275],[136.1080522,34.986315],[136.1082056,34.9862819]]}},{"type":"Feature","properties":{"id":121666482,"name":"旧東海道","highway":"unclassified","role":null},"geometry":{"type":"LineString","coordinates":[[136.0999557,34.9885415],[136.0998187,34.9885845],[136.0996527,34.9886699],[136.099469,34.988754],[136.0992692,34.9888167],[136.0989616,34.9889115],[136.0988818,34.9889392],[136.0988008,34.9889747]]}},{"type":"Feature","properties":{"id":121666511,"name":"旧東海道","highway":"unclassified","role":null},"geometry":{"type":"LineString","coordinates":[[136.097804,34.9894569],[136.0977241,34.9894639],[136.0974372,34.9894765],[136.0968517,34.9894809]]}},{"type":"Feature","properties":{"id":121666518,"name":"旧東海道","highway":"unclassified","role":null},"geometry":{"type":"LineString","coordinates":[[136.0589341,35.0078658],[136.058661,35.008003],[136.058483,35.008088],[136.0578094,35.0084157],[136.057593,35.008521],[136.0569081,35.0088892]]}},{"type":"Feature","properties":{"id":121666526,"name":"旧東海道","highway":"unclassified","role":null},"geometry":{"type":"LineString","coordinates":[[136.0613325,35.0069011],[136.0616056,35.0068611],[136.0618296,35.0068085],[136.0620964,35.0067437],[136.0622403,35.0066379]]}},{"type":"Feature","properties":{"id":121666536,"name":"旧東海道","highway":"unclassified","role":null},"geometry":{"type":"LineString","coordinates":[[136.068792,35.003999],[136.0682505,35.0039713],[136.0677403,35.0039675],[136.067407,35.003968],[136.0673907,35.0039767]]}},{"type":"Feature","properties":{"id":121666543,"name":"旧東海道","highway":"unclassified","role":null},"geometry":{"type":"LineString","coordinates":[[136.073045,35.0019481],[136.0732543,35.0018344],[136.0737499,35.001599],[136.0739313,35.0015118],[136.0741222,35.0013996]]}},{"type":"Feature","properties":{"id":121666596,"name":"旧東海道","highway":"unclassified","role":null},"geometry":{"type":"LineString","coordinates":[[136.0745346,35.0012103],[136.0747734,35.001072],[136.0756002,35.0006114],[136.0758359,35.000472],[136.0760152,35.000349]]}},{"type":"Feature","properties":{"id":121666603,"name":"旧東海道","highway":"unclassified","role":null},"geometry":{"type":"LineString","coordinates":[[136.0651444,35.0049065],[136.0652229,35.0048552],[136.0659016,35.0044115],[136.066043,35.0043286],[136.0661267,35.0042966],[136.0661684,35.0042849]]}},{"type":"Feature","properties":{"id":121666628,"name":"旧東海道","highway":"unclassified","role":null},"geometry":{"type":"LineString","coordinates":[[136.0710099,35.003023],[136.071149,35.0029491],[136.0716647,35.0026743],[136.0719161,35.0025349],[136.0720493,35.0024592]]}},{"type":"Feature","properties":{"id":121666706,"name":"旧東海道","highway":"unclassified","role":null},"geometry":{"type":"LineString","coordinates":[[136.0538208,35.0105152],[136.05434,35.01024],[136.0544105,35.0102005],[136.054483,35.01016],[136.054785,35.009987],[136.0550285,35.0098243]]}},{"type":"Feature","properties":{"id":121666713,"name":"旧東海道","highway":"unclassified","role":null},"geometry":{"type":"LineString","coordinates":[[136.0770145,34.9997612],[136.0773824,34.9995804],[136.0777634,34.9994046],[136.0779716,34.9992781],[136.0781158,34.9991942]]}},{"type":"Feature","properties":{"id":121666743,"name":"旧東海道","highway":"unclassified","role":null},"geometry":{"type":"LineString","coordinates":[[136.0921776,34.9916952],[136.0921137,34.9917313],[136.0920497,34.9917673],[136.0916547,34.9920144],[136.0914301,34.9921514],[136.0912049,34.9922845]]}},{"type":"Feature","properties":{"id":121666795,"name":"旧東海道","highway":"unclassified","role":null},"geometry":{"type":"LineString","coordinates":[[136.0802217,34.9984394],[136.080192,34.9984481],[136.0800859,34.9984611],[136.0799306,34.9984659],[136.0796135,34.9984954],[136.0794425,34.998525],[136.0792451,34.998598],[136.0791125,34.9986339]]}},{"type":"Feature","properties":{"id":121666818,"name":"旧東海道","highway":"unclassified","role":null},"geometry":{"type":"LineString","coordinates":[[136.0512054,35.0167919],[136.0512109,35.0167711],[136.0512803,35.0165106],[136.0513738,35.0162461],[136.0515068,35.0159671],[136.0516891,35.0155529],[136.0518749,35.0149728],[136.0520487,35.0146255],[136.0521302,35.0144636],[136.0522086,35.0143406],[136.0523341,35.0141899]]}},{"type":"Feature","properties":{"id":121666873,"name":"旧東海道","highway":"unclassified","role":null},"geometry":{"type":"LineString","coordinates":[[136.0622403,35.0066379],[136.0622825,35.0066068],[136.0624181,35.0065067],[136.0626389,35.0063411],[136.0629002,35.006199],[136.0638167,35.0056425],[136.064224,35.0054175]]}},{"type":"Feature","properties":{"id":121666878,"name":"旧東海道","highway":"unclassified","role":null},"geometry":{"type":"LineString","coordinates":[[136.0523341,35.0141899],[136.0524592,35.0140381],[136.0526272,35.0138693],[136.0526461,35.0138503],[136.0527272,35.0137582],[136.0530977,35.0134888]]}},{"type":"Feature","properties":{"id":121666918,"name":"旧東海道","highway":"unclassified","role":null},"geometry":{"type":"LineString","coordinates":[[136.1053728,34.9864983],[136.1055201,34.9864489],[136.1057548,34.9863852],[136.1060385,34.9863354],[136.1063379,34.9863052],[136.1065758,34.9862986],[136.1067317,34.9862722],[136.1069513,34.9861919]]}},{"type":"Feature","properties":{"id":121666919,"name":"旧東海道","highway":"unclassified","role":null},"geometry":{"type":"LineString","coordinates":[[136.0613325,35.0069011],[136.06125,35.006904],[136.060846,35.007028],[136.060463,35.007164],[136.059949,35.00735],[136.059846,35.007389]]}},{"type":"Feature","properties":{"id":121666988,"name":"旧東海道","highway":"unclassified","role":null},"geometry":{"type":"LineString","coordinates":[[136.066294,35.0042525],[136.0663433,35.0042308],[136.066518,35.004154],[136.0667894,35.0040208],[136.067208,35.003974],[136.0673907,35.0039767]]}},{"type":"Feature","properties":{"id":121667017,"name":"旧東海道","highway":"unclassified","role":null},"geometry":{"type":"LineString","coordinates":[[136.0791125,34.9986339],[136.0789689,34.9986973],[136.0786187,34.9989043],[136.0784759,34.9989877],[136.0783364,34.999065],[136.0782046,34.9991436],[136.0781158,34.9991942]]}},{"type":"Feature","properties":{"id":121667076,"name":"旧東海道","highway":"unclassified","role":null},"geometry":{"type":"LineString","coordinates":[[136.0988008,34.9889747],[136.0985746,34.9890882],[136.0985324,34.9891091],[136.0983827,34.9891814],[136.0982182,34.9892589],[136.0980533,34.989343],[136.0979208,34.9894176],[136.097804,34.9894569]]}},{"type":"Feature","properties":{"id":121667106,"name":"旧東海道","highway":"unclassified","role":null},"geometry":{"type":"LineString","coordinates":[[136.1033043,34.9875266],[136.103703,34.9872672],[136.1038011,34.9871964],[136.1039685,34.9871113],[136.1042366,34.9869806],[136.1047173,34.9867701],[136.1053728,34.9864983]]}},{"type":"Feature","properties":{"id":121667131,"name":"旧東海道","highway":"unclassified","role":null},"geometry":{"type":"LineString","coordinates":[[136.0921776,34.9916952],[136.0922353,34.99166],[136.0927264,34.9913602],[136.093565,34.990778],[136.0941731,34.9903119],[136.0948568,34.9898158],[136.0950243,34.9897161]]}},{"type":"Feature","properties":{"id":121667225,"name":"旧東海道","highway":"unclassified","role":null},"geometry":{"type":"LineString","coordinates":[[136.0804293,34.9983632],[136.0805294,34.9983021],[136.0805946,34.9982337],[136.080838,34.9979245],[136.080923,34.9978178],[136.081098,34.997598],[136.081199,34.9974844],[136.081248,34.9974439],[136.081281,34.9974167],[136.081393,34.9973469],[136.0818729,34.9970655],[136.0819686,34.9969875]]}},{"type":"Feature","properties":{"id":121667235,"name":"旧東海道","highway":"tertiary","role":null},"geometry":{"type":"LineString","coordinates":[[136.117457,34.9843612],[136.1175018,34.9843086],[136.117535,34.984255]]}},{"type":"Feature","properties":{"id":121667271,"name":"旧東海道","highway":"unclassified","role":null},"geometry":{"type":"LineString","coordinates":[[136.1011023,34.9883508],[136.1008845,34.9883721],[136.100569,34.9884212],[136.1001289,34.9884928],[136.0999557,34.9885415]]}},{"type":"Feature","properties":{"id":121667308,"name":"旧東海道","highway":"unclassified","role":null},"geometry":{"type":"LineString","coordinates":[[136.1174637,34.9836881],[136.1182481,34.9836786],[136.1184112,34.9836721],[136.1187121,34.98364],[136.1188347,34.9836127],[136.118905,34.983604],[136.119083,34.983559],[136.119495,34.983435],[136.119562,34.983419],[136.119651,34.9833993]]}},{"type":"Feature","properties":{"id":121774966,"name":"旧東海道","highway":"unclassified","role":null},"geometry":{"type":"LineString","coordinates":[[135.8870276,35.000888],[135.8874102,35.0007905],[135.8876139,35.000736],[135.8876639,35.0007226]]}},{"type":"Feature","properties":{"id":121774976,"name":"旧東海道","highway":"unclassified","role":null},"geometry":{"type":"LineString","coordinates":[[135.8876639,35.0007226],[135.8879691,35.0006409],[135.8882956,35.0005419],[135.888857,35.0003701],[135.8888935,35.0003784],[135.8889751,35.0005412],[135.8890224,35.0005744],[135.8892498,35.0007442]]}},{"type":"Feature","properties":{"id":122201723,"name":"旧東海道","highway":"unclassified","role":null},"geometry":{"type":"LineString","coordinates":[[135.913884,34.9763317],[135.9139734,34.9762759],[135.9143096,34.9761556],[135.914416,34.9761356],[135.9145182,34.9761292],[135.914585,34.9761385],[135.9146996,34.9761763],[135.9148009,34.976218],[135.9149183,34.9762849],[135.9152856,34.9765137],[135.9153226,34.9765367],[135.9154596,34.9766005],[135.9157196,34.9767169],[135.9158644,34.976769],[135.9160145,34.9768101],[135.9161158,34.9768305],[135.9161728,34.9768394],[135.9164502,34.9768365],[135.9169558,34.9767735],[135.9170637,34.9767665],[135.9174205,34.9767434],[135.9174775,34.9767377],[135.9178158,34.976731],[135.91786,34.9767301],[135.9182005,34.9767404]]}},{"type":"Feature","properties":{"id":122201762,"name":"旧東海道","highway":"unclassified","role":null},"geometry":{"type":"LineString","coordinates":[[135.9199119,34.9768403],[135.9198146,34.9767779],[135.919761,34.9767636],[135.9195256,34.9767477],[135.919303,34.9767457],[135.9189167,34.9767423],[135.9186512,34.97674],[135.9182005,34.9767404]]}},{"type":"Feature","properties":{"id":122201763,"name":"旧東海道","highway":"unclassified","role":null},"geometry":{"type":"LineString","coordinates":[[135.920012,34.9798157],[135.9200138,34.9799058],[135.9200406,34.980019],[135.9200487,34.9801095],[135.920074,34.9803929],[135.9200755,34.9804299],[135.9200786,34.9804597],[135.9200956,34.9806244],[135.920105,34.9806783],[135.9201214,34.9807419]]}},{"type":"Feature","properties":{"id":122201835,"name":"旧東海道","highway":"unclassified","role":null},"geometry":{"type":"LineString","coordinates":[[135.9281428,34.9834822],[135.9280685,34.9834286],[135.9280021,34.9833865],[135.9278525,34.9833099],[135.9275843,34.9832165],[135.9274726,34.9831812],[135.9272209,34.9830967],[135.9270948,34.9830737],[135.9269269,34.9830617],[135.9266885,34.9830458],[135.9265233,34.9830289],[135.9264954,34.9830228],[135.9263627,34.9829938],[135.9262472,34.9829605],[135.9261744,34.9829221],[135.9259663,34.982727],[135.9254862,34.9822973],[135.9253792,34.9821772],[135.9253413,34.9821122],[135.9252978,34.9820132]]}},{"type":"Feature","properties":{"id":122201894,"name":"旧東海道","highway":"unclassified","role":null},"geometry":{"type":"LineString","coordinates":[[135.9200145,34.9797585],[135.9200473,34.9796178],[135.9200621,34.979525],[135.9200219,34.9788949],[135.9200104,34.9787306]]}},{"type":"Feature","properties":{"id":122201931,"name":"旧東海道","highway":"unclassified","role":null},"geometry":{"type":"LineString","coordinates":[[135.9200104,34.9787306],[135.9200057,34.9786646],[135.9199803,34.9783103],[135.9199776,34.9782527],[135.9199902,34.9780145],[135.9199877,34.9779808],[135.9199749,34.9778081],[135.9199757,34.9774664],[135.9199657,34.9772998],[135.9199628,34.9772509],[135.9199333,34.977074],[135.9199132,34.9768883],[135.9199119,34.9768403]]}},{"type":"Feature","properties":{"id":122201978,"name":"旧東海道","highway":"unclassified","role":null},"geometry":{"type":"LineString","coordinates":[[135.9252978,34.9820132],[135.9251989,34.9818015],[135.9251548,34.9817072],[135.9250727,34.9815315],[135.924941,34.9812496],[135.9248536,34.981111],[135.9247469,34.9809881],[135.9246673,34.9809137],[135.924613,34.980877],[135.9244866,34.9808253],[135.9243253,34.9807902],[135.9242713,34.98078],[135.9242222,34.9807708],[135.9237828,34.9807117],[135.9236348,34.9806958],[135.9234899,34.980698],[135.9230412,34.9807091],[135.9227941,34.9807149],[135.922244,34.9807396],[135.9219557,34.9807412],[135.9219108,34.9807419],[135.9216587,34.98073],[135.921386,34.9807171],[135.9211698,34.9807068],[135.9210612,34.9807062],[135.9209614,34.9807056],[135.9207612,34.9807195],[135.9202565,34.9807628],[135.9201935,34.9807585],[135.9201214,34.9807419]]}},{"type":"Feature","properties":{"id":122325192,"name":"大津能登川長浜線","highway":"primary","role":null},"geometry":{"type":"LineString","coordinates":[[135.9054889,34.9732521],[135.9050526,34.9733598],[135.9049509,34.9733849]]}},{"type":"Feature","properties":{"id":122325193,"name":"大津能登川長浜線","highway":"primary","role":null},"geometry":{"type":"LineString","coordinates":[[135.9057801,34.9731784],[135.9056716,34.9732061],[135.9056363,34.9732148],[135.9054889,34.9732521]]}},{"type":"Feature","properties":{"id":122325196,"name":"大津能登川長浜線","highway":"primary","role":null},"geometry":{"type":"LineString","coordinates":[[135.9075769,34.9727382],[135.9057801,34.9731784]]}},{"type":"Feature","properties":{"id":122325197,"name":"大津能登川長浜線","highway":"primary","role":null},"geometry":{"type":"LineString","coordinates":[[135.9049509,34.9733849],[135.9049335,34.973389],[135.9048174,34.9734165]]}},{"type":"Feature","properties":{"id":122330635,"name":"旧東海道","highway":"unclassified","role":null},"geometry":{"type":"LineString","coordinates":[[135.9379806,34.987394],[135.9382099,34.9875632],[135.9384097,34.987739]]}},{"type":"Feature","properties":{"id":122330641,"name":"旧東海道","highway":"unclassified","role":null},"geometry":{"type":"LineString","coordinates":[[135.9388694,34.988096],[135.9396251,34.98863]]}},{"type":"Feature","properties":{"id":122330695,"name":"旧東海道","highway":"unclassified","role":null},"geometry":{"type":"LineString","coordinates":[[135.9363846,34.9867884],[135.9366542,34.9868393],[135.9371385,34.986966]]}},{"type":"Feature","properties":{"id":122330718,"name":"旧東海道","highway":"unclassified","role":null},"geometry":{"type":"LineString","coordinates":[[135.9371385,34.986966],[135.9375749,34.9871763],[135.9377763,34.9872852],[135.9379806,34.987394]]}},{"type":"Feature","properties":{"id":122330726,"name":"旧東海道","highway":"unclassified","role":null},"geometry":{"type":"LineString","coordinates":[[135.93467,34.9867169],[135.934732,34.9867117],[135.934778,34.9867079],[135.9348544,34.9867018],[135.9352244,34.9866834],[135.9354043,34.9866842],[135.9355988,34.986693],[135.9356153,34.9866939],[135.935807,34.9867044],[135.9358358,34.9867087],[135.9361166,34.9867508],[135.9363846,34.9867884]]}},{"type":"Feature","properties":{"id":122336718,"name":"旧東海道","highway":"unclassified","role":null},"geometry":{"type":"LineString","coordinates":[[135.9302954,34.9851976],[135.930112,34.985143]]}},{"type":"Feature","properties":{"id":122336725,"name":"旧東海道","highway":"unclassified","role":null},"geometry":{"type":"LineString","coordinates":[[135.9316176,34.9855488],[135.9317298,34.9855641],[135.9317766,34.985591],[135.9318116,34.9856228],[135.9318739,34.9856966],[135.9319485,34.9858144],[135.9319966,34.9859008],[135.9320287,34.9859448],[135.9320837,34.9860217],[135.9323543,34.9864003],[135.9324336,34.9865202],[135.9325331,34.9865924],[135.9329063,34.9867737],[135.9330409,34.9868475],[135.93315,34.986865],[135.9332306,34.986869],[135.933296,34.9868723],[135.9334243,34.9868314],[135.9335547,34.9867734],[135.9336853,34.9867517],[135.933858,34.986723],[135.9339384,34.9867163],[135.9341729,34.9867203],[135.9342356,34.986723],[135.9344104,34.9867305],[135.9344964,34.9867348],[135.93467,34.9867169]]}},{"type":"Feature","properties":{"id":122336812,"name":"旧東海道","highway":"unclassified","role":null},"geometry":{"type":"LineString","coordinates":[[135.9302954,34.9851976],[135.9303598,34.9852202],[135.9310605,34.9854317],[135.9315261,34.985536],[135.9316176,34.9855488]]}},{"type":"Feature","properties":{"id":122336857,"name":"旧東海道","highway":"unclassified","role":null},"geometry":{"type":"LineString","coordinates":[[135.9281428,34.9834822],[135.9282669,34.9835857],[135.9284336,34.9837373],[135.928618,34.983905],[135.928823,34.984125],[135.9288444,34.9841498],[135.9289196,34.9842259],[135.9290233,34.9843472],[135.929123,34.9844685],[135.9292553,34.9846488],[135.9293956,34.9848277]]}},{"type":"Feature","properties":{"id":124988388,"name":"旧東海道","highway":"tertiary","role":null},"geometry":{"type":"LineString","coordinates":[[139.6865402,35.5196343],[139.6866035,35.5196942],[139.6866351,35.5197207],[139.6867964,35.5198614],[139.6868172,35.5198823],[139.6869898,35.5200308],[139.6871426,35.5201685],[139.6874577,35.5204258],[139.6876459,35.5205845],[139.6876683,35.5206042],[139.6878801,35.5207835],[139.6880248,35.520906],[139.6882178,35.5210695],[139.6885698,35.5213745],[139.6886036,35.5214041],[139.6886677,35.521467]]}},{"type":"Feature","properties":{"id":125080767,"name":"藤枝静岡線","highway":"secondary","role":null},"geometry":{"type":"LineString","coordinates":[[138.3553176,34.9452788],[138.3552818,34.9452558],[138.3552509,34.9452323],[138.3552304,34.9451872],[138.355229,34.9451099],[138.3552416,34.945029],[138.3550733,34.9450097],[138.3548966,34.9450005],[138.35476,34.9450019],[138.3546242,34.9450107],[138.3545449,34.9450183],[138.3544163,34.945046],[138.3543362,34.9450676],[138.3542763,34.9450886],[138.3542036,34.9451126],[138.3538638,34.9452651],[138.3537173,34.9453306],[138.3534238,34.9454556],[138.3532194,34.9455329],[138.3531294,34.945567],[138.3529561,34.9456137],[138.3528974,34.9456325],[138.3527479,34.9456633],[138.3524587,34.945707],[138.3522915,34.9457457],[138.3521647,34.9457869],[138.3521166,34.9458049],[138.3520395,34.9458337],[138.3518865,34.9459011],[138.3515975,34.9460516],[138.3515421,34.9460837],[138.3503441,34.9466436],[138.3500456,34.9467831],[138.3499832,34.9468123],[138.3498949,34.9468716],[138.3498223,34.9469378],[138.3497857,34.9469842],[138.349749,34.9470365],[138.3497255,34.9470966]]}},{"type":"Feature","properties":{"id":125080779,"name":"旧東海道","highway":"unclassified","role":null},"geometry":{"type":"LineString","coordinates":[[138.4001787,34.9776181],[138.4003047,34.97761],[138.400656,34.9775911],[138.4008266,34.9775868]]}},{"type":"Feature","properties":{"id":125080789,"name":"藤枝静岡線","highway":"secondary","role":null},"geometry":{"type":"LineString","coordinates":[[138.3553912,34.9453238],[138.3553176,34.9452788]]}},{"type":"Feature","properties":{"id":125147466,"name":"呉服町通り","highway":"unclassified","role":null},"geometry":{"type":"LineString","coordinates":[[138.3817796,34.9748781],[138.3826752,34.9745194],[138.3829228,34.9744158],[138.3838138,34.9740381],[138.3847713,34.9736679]]}},{"type":"Feature","properties":{"id":125147474,"name":"藤枝静岡線","highway":"secondary","role":null},"geometry":{"type":"LineString","coordinates":[[138.3497255,34.9470966],[138.3496103,34.9470803],[138.3495224,34.9470867],[138.3494468,34.9471072],[138.3493448,34.9471725],[138.349046,34.94742],[138.3486578,34.9477456],[138.3484102,34.9479397],[138.3481258,34.948125],[138.3480011,34.9481887],[138.3478336,34.9482742],[138.3475928,34.9483677],[138.3474625,34.9484045],[138.3473291,34.9484244],[138.347168,34.9484326],[138.3470044,34.9484388],[138.346857,34.9484473],[138.3468353,34.9484486],[138.3465713,34.9484778],[138.3463636,34.9485126],[138.3461868,34.9485556],[138.3459934,34.9486233],[138.3457777,34.9487148],[138.3455817,34.9488025],[138.3454316,34.9488591],[138.3453124,34.9488957],[138.3451979,34.9489245],[138.3450205,34.9489583],[138.3446789,34.9490073],[138.3446121,34.9490127],[138.3442755,34.9490313],[138.3438396,34.9490337],[138.343534,34.9490597],[138.3434868,34.949065],[138.3432183,34.9490951],[138.3430991,34.9491085],[138.3427764,34.9491496],[138.3424005,34.9491865],[138.3422327,34.9492091],[138.3421283,34.9492231],[138.341421,34.9493636],[138.3406584,34.9495338],[138.3400531,34.9496658],[138.3398708,34.9497056]]}},{"type":"Feature","properties":{"id":125166056,"name":"旧東海道","highway":"unclassified","role":null},"geometry":{"type":"LineString","coordinates":[[136.3356952,34.8974445],[136.3356196,34.8974303],[136.3354422,34.8973968]]}},{"type":"Feature","properties":{"id":125166274,"name":"旧東海道","highway":"unclassified","role":null},"geometry":{"type":"LineString","coordinates":[[136.3222367,34.9121466],[136.3221496,34.9123677],[136.3220288,34.9126704],[136.3220259,34.9126777],[136.3220073,34.9127241],[136.3219179,34.9129285],[136.3218348,34.9131854],[136.3217532,34.9133843],[136.3216282,34.913596],[136.3214911,34.9137829],[136.3207406,34.9145365],[136.320538,34.914751]]}},{"type":"Feature","properties":{"id":125166283,"name":"旧東海道","highway":"unclassified","role":null},"geometry":{"type":"LineString","coordinates":[[136.3182716,34.9161344],[136.3185921,34.9159819],[136.3187979,34.9157903],[136.31892,34.9156853],[136.3190374,34.9155935],[136.3191453,34.9155226],[136.3192724,34.9154622],[136.319663,34.9152954],[136.320079,34.915124],[136.32022,34.915057],[136.320538,34.914751]]}},{"type":"Feature","properties":{"id":125166287,"name":"旧東海道","highway":"unclassified","role":null},"geometry":{"type":"LineString","coordinates":[[136.3170951,34.9160869],[136.3171531,34.9161654],[136.3172471,34.9162488],[136.3173129,34.9162952],[136.3173848,34.9163062],[136.3174568,34.9162982],[136.3176249,34.9162476],[136.3177221,34.9162253],[136.317907,34.916205],[136.318096,34.9161746],[136.3182203,34.9161513],[136.3182716,34.9161344]]}},{"type":"Feature","properties":{"id":125241988,"name":"国道1号","highway":"trunk","role":null},"geometry":{"type":"LineString","coordinates":[[136.3306242,34.9065044],[136.3308861,34.9059765],[136.3309734,34.9058064],[136.3310849,34.9056024],[136.3311527,34.9054988],[136.3313487,34.9052431],[136.3314606,34.905124],[136.331598,34.9049842],[136.3317797,34.9048172],[136.3320974,34.9045868],[136.3324278,34.904386],[136.3334815,34.9037611],[136.3337459,34.9035966],[136.3339184,34.903479],[136.3340045,34.9034199],[136.334263,34.9032118],[136.3343829,34.9030928],[136.3344942,34.902973],[136.3346205,34.9028228],[136.3347245,34.9026834]]}},{"type":"Feature","properties":{"id":125242069,"name":"旧東海道","highway":"service","role":null},"geometry":{"type":"LineString","coordinates":[[136.2977475,34.9292484],[136.2967067,34.928256],[136.2966113,34.9281819]]}},{"type":"Feature","properties":{"id":125242080,"name":"旧東海道","highway":"service","role":null},"geometry":{"type":"LineString","coordinates":[[136.2977475,34.9292484],[136.2978182,34.9292124]]}},{"type":"Feature","properties":{"id":125242095,"name":"旧東海道","highway":"service","role":null},"geometry":{"type":"LineString","coordinates":[[136.301993,34.9265369],[136.3020582,34.9264988],[136.3021155,34.9264669]]}},{"type":"Feature","properties":{"id":125242156,"name":"旧東海道","highway":"service","role":null},"geometry":{"type":"LineString","coordinates":[[136.3015938,34.9270347],[136.3016406,34.9269764],[136.3017298,34.9268245],[136.3018036,34.926695],[136.3018627,34.9266456],[136.301993,34.9265369]]}},{"type":"Feature","properties":{"id":125242219,"name":"旧東海道","highway":"unclassified","role":null},"geometry":{"type":"LineString","coordinates":[[136.2935165,34.9282639],[136.2938462,34.9281256],[136.2940937,34.9280455],[136.2944883,34.9279337],[136.2948321,34.9278353]]}},{"type":"Feature","properties":{"id":125242225,"name":"旧東海道","highway":"unclassified","role":null},"geometry":{"type":"LineString","coordinates":[[136.2948321,34.9278353],[136.2949388,34.9277962],[136.2952117,34.9276806],[136.2955486,34.9275161],[136.2956711,34.9274653]]}},{"type":"Feature","properties":{"id":125242228,"name":"旧東海道","highway":"unclassified","role":null},"geometry":{"type":"LineString","coordinates":[[136.2924711,34.9293605],[136.2926132,34.9291999],[136.2926727,34.9291172],[136.2927192,34.9290303],[136.2927442,34.9289496],[136.2928527,34.9287425],[136.292934,34.9286062],[136.2929926,34.928537],[136.2931048,34.9284594]]}},{"type":"Feature","properties":{"id":125242230,"name":"旧東海道","highway":"service","role":null},"geometry":{"type":"LineString","coordinates":[[136.2985967,34.9286789],[136.298594,34.9286822],[136.298407,34.928813],[136.298215,34.928976],[136.2978182,34.9292124]]}},{"type":"Feature","properties":{"id":125242231,"name":"旧東海道","highway":"unclassified","role":null},"geometry":{"type":"LineString","coordinates":[[136.2956711,34.9274653],[136.2958399,34.9275556],[136.2961071,34.9277829],[136.2964609,34.9280769],[136.2965082,34.9281181],[136.2966113,34.9281819]]}},{"type":"Feature","properties":{"id":125242235,"name":"旧東海道","highway":"unclassified","role":null},"geometry":{"type":"LineString","coordinates":[[136.3015938,34.9270347],[136.3015231,34.927084],[136.3007774,34.9274588],[136.3000931,34.9278234],[136.2995371,34.9280588]]}},{"type":"Feature","properties":{"id":125242243,"name":"旧東海道","highway":"unclassified","role":null},"geometry":{"type":"LineString","coordinates":[[136.2931048,34.9284594],[136.2933172,34.9283531],[136.2935165,34.9282639]]}},{"type":"Feature","properties":{"id":125242245,"name":"旧東海道","highway":"unclassified","role":null},"geometry":{"type":"LineString","coordinates":[[136.2876387,34.9329066],[136.287003,34.933297],[136.286784,34.93345],[136.2865822,34.9336311]]}},{"type":"Feature","properties":{"id":125242288,"name":"旧東海道","highway":"unclassified","role":null},"geometry":{"type":"LineString","coordinates":[[136.2924711,34.9293605],[136.2923723,34.929458],[136.2922834,34.9295311],[136.2921712,34.9296007],[136.2918735,34.9297702],[136.2917906,34.9298413],[136.2916465,34.9299463],[136.2914845,34.9300837],[136.2913299,34.9302287],[136.2908751,34.93064],[136.2905723,34.9309096]]}},{"type":"Feature","properties":{"id":125242289,"name":"旧東海道","highway":"unclassified","role":null},"geometry":{"type":"LineString","coordinates":[[136.2905723,34.9309096],[136.2903454,34.9311075],[136.2901135,34.9313007],[136.290047,34.9313487],[136.2898283,34.9315274],[136.2895756,34.9317093],[136.2893978,34.9318014],[136.2892283,34.9318805],[136.2889233,34.9320441]]}},{"type":"Feature","properties":{"id":125242296,"name":"旧東海道","highway":"unclassified","role":null},"geometry":{"type":"LineString","coordinates":[[136.2876387,34.9329066],[136.2878951,34.932747],[136.2881383,34.9325745],[136.2883317,34.9324377],[136.2886218,34.9322334],[136.2889233,34.9320441]]}},{"type":"Feature","properties":{"id":125242303,"name":"旧東海道","highway":"unclassified","role":null},"geometry":{"type":"LineString","coordinates":[[136.284072,34.9346625],[136.283829,34.9346915],[136.283396,34.9347277],[136.2831131,34.9347575],[136.2830867,34.9347603],[136.2828393,34.9347893],[136.282698,34.9348038],[136.2824771,34.9348074]]}},{"type":"Feature","properties":{"id":125242321,"name":"旧東海道","highway":"residential","role":null},"geometry":{"type":"LineString","coordinates":[[136.3062656,34.9228858],[136.3062844,34.9229726],[136.3060444,34.9230951],[136.3059982,34.9231294],[136.3058224,34.9232359],[136.3057028,34.9232951],[136.3054575,34.9234284],[136.305361,34.923474],[136.3052605,34.9235369],[136.3051851,34.923595],[136.3051025,34.9236693],[136.3049945,34.9237831],[136.3048662,34.9239052],[136.3047677,34.9240021],[136.3046719,34.9240892],[136.3046201,34.9241365],[136.3044097,34.9242818],[136.3041893,34.9244254],[136.3038437,34.9246499],[136.3036008,34.9247886],[136.3035384,34.9248508]]}},{"type":"Feature","properties":{"id":125242322,"name":"旧東海道","highway":"service","role":null},"geometry":{"type":"LineString","coordinates":[[136.3035384,34.9248508],[136.3035276,34.924876],[136.3034988,34.9249511],[136.3034489,34.9252284],[136.3033843,34.9255806],[136.3033539,34.9256914],[136.3033014,34.9257387],[136.3030809,34.9259394],[136.3027758,34.9261862],[136.3026464,34.9262667],[136.3024724,34.9263433],[136.3021155,34.9264669]]}},{"type":"Feature","properties":{"id":125242324,"name":"旧東海道","highway":"unclassified","role":null},"geometry":{"type":"LineString","coordinates":[[136.2824771,34.9348074],[136.2823092,34.9348182],[136.2818188,34.9348038],[136.2814476,34.9347603],[136.2812267,34.9347241],[136.281031,34.934684],[136.280908,34.934662],[136.280617,34.9346661],[136.2804593,34.9346887],[136.2803957,34.9346978]]}},{"type":"Feature","properties":{"id":125242327,"name":"旧東海道","highway":"unclassified","role":null},"geometry":{"type":"LineString","coordinates":[[136.2860977,34.9340384],[136.2860814,34.934052],[136.2858613,34.9341554],[136.2856271,34.9342315],[136.2854062,34.9343112],[136.2850847,34.9344081],[136.2848054,34.9344923],[136.2846198,34.9345466],[136.2843867,34.9346091],[136.2841244,34.9346531],[136.284072,34.9346625]]}},{"type":"Feature","properties":{"id":125301360,"name":"泉水口線","highway":"secondary","role":null},"geometry":{"type":"LineString","coordinates":[[136.1270951,34.9831264],[136.127287,34.9829311]]}},{"type":"Feature","properties":{"id":125301365,"name":"泉水口線","highway":"secondary","role":null},"geometry":{"type":"LineString","coordinates":[[136.1257138,34.984553],[136.1261868,34.9840955],[136.1262756,34.9840081],[136.1265345,34.9837239],[136.1270951,34.9831264]]}},{"type":"Feature","properties":{"id":125301426,"name":"旧東海道","highway":"unclassified","role":null},"geometry":{"type":"LineString","coordinates":[[136.1467302,34.9783172],[136.1462471,34.9784605]]}},{"type":"Feature","properties":{"id":125301428,"name":"旧東海道","highway":"unclassified","role":null},"geometry":{"type":"LineString","coordinates":[[136.1302512,34.9823301],[136.1304594,34.9824303]]}},{"type":"Feature","properties":{"id":125301448,"name":"旧東海道","highway":"unclassified","role":null},"geometry":{"type":"LineString","coordinates":[[136.1373996,34.9813074],[136.1369441,34.9814526],[136.1367135,34.9814993],[136.1365486,34.9815164],[136.1363024,34.9815353],[136.136009,34.9815887],[136.1357412,34.9816453],[136.1353857,34.9817562],[136.1351115,34.981849],[136.1348386,34.9819536],[136.1345902,34.9820459],[136.1342516,34.9821207],[136.13396,34.9821669],[136.1335043,34.9821835],[136.1334705,34.9821845],[136.1331704,34.982191],[136.1328229,34.9822215],[136.132732,34.9822419],[136.132332,34.9822914],[136.1318587,34.9823627],[136.1310309,34.9824402],[136.1308692,34.9824493],[136.1307925,34.9824536],[136.1307049,34.9824688],[136.1305091,34.982483]]}},{"type":"Feature","properties":{"id":125301455,"name":"旧東海道","highway":"unclassified","role":null},"geometry":{"type":"LineString","coordinates":[[136.1462471,34.9784605],[136.1453507,34.9787475],[136.1444118,34.9790445]]}},{"type":"Feature","properties":{"id":125301467,"name":"旧東海道","highway":"unclassified","role":null},"geometry":{"type":"LineString","coordinates":[[136.1304594,34.9824303],[136.1305091,34.982483]]}},{"type":"Feature","properties":{"id":125301472,"name":"旧東海道","highway":"unclassified","role":null},"geometry":{"type":"LineString","coordinates":[[136.1490598,34.9775378],[136.1485847,34.9777169],[136.148211,34.9778377],[136.1479245,34.9779268],[136.1472285,34.9781649],[136.1467302,34.9783172]]}},{"type":"Feature","properties":{"id":125301475,"name":"旧東海道","highway":"unclassified","role":null},"geometry":{"type":"LineString","coordinates":[[136.1444118,34.9790445],[136.1436868,34.9792845],[136.1432317,34.9794352]]}},{"type":"Feature","properties":{"id":125301497,"name":"旧東海道","highway":"unclassified","role":null},"geometry":{"type":"LineString","coordinates":[[136.1302512,34.9823301],[136.130211,34.9823166],[136.1300378,34.9822634],[136.1298417,34.982222],[136.1297202,34.9822131],[136.1295772,34.9822219]]}},{"type":"Feature","properties":{"id":125301535,"name":"旧東海道","highway":"unclassified","role":null},"geometry":{"type":"LineString","coordinates":[[136.1514044,34.9767706],[136.1509672,34.9769271],[136.1502486,34.977171],[136.1500079,34.9772527],[136.1490598,34.9775378]]}},{"type":"Feature","properties":{"id":125301601,"name":"旧東海道","highway":"unclassified","role":null},"geometry":{"type":"LineString","coordinates":[[136.1295772,34.9822219],[136.1292392,34.9822378],[136.1290136,34.9822621],[136.1287286,34.9823065],[136.1285482,34.9823301],[136.1285204,34.9823326]]}},{"type":"Feature","properties":{"id":125305589,"name":"旧東海道","highway":"unclassified","role":null},"geometry":{"type":"LineString","coordinates":[[136.2658308,34.9374905],[136.2654434,34.9374603],[136.2652489,34.9374451],[136.2651012,34.9374408],[136.265012,34.9374407],[136.2648377,34.9374596],[136.2646094,34.9375054],[136.2644283,34.937552],[136.2643116,34.9375916],[136.2642431,34.9376205],[136.2641703,34.9376638]]}},{"type":"Feature","properties":{"id":125305597,"name":"旧東海道","highway":"unclassified","role":null},"geometry":{"type":"LineString","coordinates":[[136.274432,34.9407434],[136.2743598,34.940592],[136.274325,34.94052],[136.2742711,34.9403616],[136.2742549,34.9402839],[136.2742388,34.9401042],[136.2742211,34.9397251],[136.2742094,34.9396522],[136.2741944,34.939606],[136.2740798,34.9393497],[136.2739486,34.9390712],[136.2738938,34.9389976],[136.273843,34.9389397],[136.2736984,34.9388078],[136.273513,34.938639],[136.273489,34.9385857],[136.2734606,34.9385225]]}},{"type":"Feature","properties":{"id":125305600,"name":"旧東海道","highway":"unclassified","role":null},"geometry":{"type":"LineString","coordinates":[[136.2682221,34.9406791],[136.2680481,34.9405511],[136.2678872,34.9404126],[136.2675492,34.9400827],[136.2672622,34.9398277],[136.2671442,34.9396804],[136.2670557,34.9395089],[136.2670128,34.9393638],[136.2669726,34.9392032],[136.2669189,34.9391131],[136.2668116,34.9389702],[136.2665663,34.9386708],[136.2663664,34.9385238],[136.2661759,34.9384161],[136.2659799,34.9383341],[136.2657233,34.9382242],[136.2655312,34.9381259],[136.2654537,34.9380937]]}},{"type":"Feature","properties":{"id":125305614,"name":"旧東海道","highway":"unclassified","role":null},"geometry":{"type":"LineString","coordinates":[[136.2673954,34.9375453],[136.2672292,34.9375228]]}},{"type":"Feature","properties":{"id":125305628,"name":"旧東海道","highway":"unclassified","role":null},"geometry":{"type":"LineString","coordinates":[[136.2677356,34.9374688],[136.2673954,34.9375453]]}},{"type":"Feature","properties":{"id":125305668,"name":"旧東海道","highway":"service","role":null},"geometry":{"type":"LineString","coordinates":[[136.2677356,34.9374688],[136.268118,34.9373491],[136.2681533,34.9373391]]}},{"type":"Feature","properties":{"id":125305678,"name":"旧東海道","highway":"footway","role":null},"geometry":{"type":"LineString","coordinates":[[136.2681533,34.9373391],[136.2687866,34.9371519]]}},{"type":"Feature","properties":{"id":125305697,"name":"旧東海道","highway":"unclassified","role":null},"geometry":{"type":"LineString","coordinates":[[136.2672292,34.9375228],[136.2668417,34.9375173],[136.2663518,34.9375252],[136.2658308,34.9374905]]}},{"type":"Feature","properties":{"id":125305734,"name":"旧東海道","highway":"residential","role":null},"geometry":{"type":"LineString","coordinates":[[136.2758298,34.9391166],[136.2760073,34.9389055],[136.2762384,34.9386098],[136.2762602,34.938564],[136.2762484,34.9385119]]}},{"type":"Feature","properties":{"id":125305814,"name":"旧東海道","highway":"unclassified","role":null},"geometry":{"type":"LineString","coordinates":[[136.273381,34.941269],[136.2735515,34.9411962],[136.2736523,34.9411627],[136.2738059,34.9411391],[136.273926,34.9411096],[136.2740196,34.9410702],[136.274094,34.9409994],[136.2741948,34.9409266],[136.2742885,34.9408538],[136.274352,34.9407995],[136.274432,34.9407434]]}},{"type":"Feature","properties":{"id":125305821,"name":"旧東海道","highway":"service","role":null},"geometry":{"type":"LineString","coordinates":[[136.2707371,34.9378434],[136.2705652,34.9377735],[136.270366,34.9376762],[136.269604,34.9373016],[136.2694017,34.937214],[136.2692186,34.9371387]]}},{"type":"Feature","properties":{"id":125305822,"name":"旧東海道","highway":"residential","role":null},"geometry":{"type":"LineString","coordinates":[[136.274432,34.9407434],[136.2745001,34.9407021],[136.2745598,34.9406689],[136.2746296,34.9406316],[136.2746918,34.9405664],[136.2747319,34.9405154],[136.2748175,34.9404169],[136.274932,34.9402375],[136.2750291,34.9400556],[136.27514,34.9398694],[136.2752463,34.9397163],[136.2754328,34.9395005],[136.2756208,34.9393168],[136.2758298,34.9391166]]}},{"type":"Feature","properties":{"id":125308123,"name":"旧東海道","highway":"unclassified","role":null},"geometry":{"type":"LineString","coordinates":[[136.2798463,34.9352072],[136.2797514,34.9353763],[136.27969,34.935496],[136.2792856,34.9359739],[136.279266,34.935997],[136.2787387,34.936712],[136.2786526,34.9367943],[136.278539,34.936903],[136.278418,34.937028],[136.2782028,34.9372385],[136.2781528,34.9372873],[136.2780398,34.9374435],[136.2778965,34.93766],[136.2778049,34.9377885],[136.2776681,34.9379617],[136.2775696,34.9380424],[136.2774376,34.9381546],[136.2774294,34.9381666],[136.2773815,34.938236]]}},{"type":"Feature","properties":{"id":125341826,"name":"旧東海道","highway":"unclassified","role":null},"geometry":{"type":"LineString","coordinates":[[136.2153459,34.9556928],[136.2152103,34.9557126],[136.2151499,34.9557335],[136.2150455,34.9557828],[136.2150138,34.9557931],[136.2149798,34.9557944],[136.2149545,34.9557902]]}},{"type":"Feature","properties":{"id":125341882,"name":"旧東海道","highway":"unclassified","role":null},"geometry":{"type":"LineString","coordinates":[[136.227069,34.9523],[136.2266852,34.9524255]]}},{"type":"Feature","properties":{"id":125342065,"name":"旧東海道","highway":"unclassified","role":null},"geometry":{"type":"LineString","coordinates":[[136.2290458,34.9512476],[136.2287189,34.9514173],[136.2283978,34.9516141],[136.2282491,34.9517092],[136.2280132,34.9518746],[136.2278788,34.9519753],[136.2277462,34.9520497],[136.2276571,34.9520813]]}},{"type":"Feature","properties":{"id":125342203,"name":"旧東海道","highway":"unclassified","role":null},"geometry":{"type":"LineString","coordinates":[[136.2290458,34.9512476],[136.2292684,34.9511324],[136.229393,34.9510662],[136.2295905,34.9509552],[136.2299338,34.9507346],[136.2300308,34.9506634],[136.2301139,34.9505851]]}},{"type":"Feature","properties":{"id":125342375,"name":"旧東海道","highway":"unclassified","role":null},"geometry":{"type":"LineString","coordinates":[[136.2274671,34.9521573],[136.2274324,34.9521697],[136.227069,34.9523]]}},{"type":"Feature","properties":{"id":125342389,"name":"旧東海道","highway":"unclassified","role":null},"geometry":{"type":"LineString","coordinates":[[136.2175898,34.9553697],[136.2169161,34.955424],[136.2162931,34.9555381],[136.2157829,34.9556377],[136.2153459,34.9556928]]}},{"type":"Feature","properties":{"id":125342469,"name":"旧東海道","highway":"unclassified","role":null},"geometry":{"type":"LineString","coordinates":[[136.2301139,34.9505851],[136.2301884,34.950501],[136.2303527,34.9502896],[136.230499,34.9499335],[136.2305444,34.9498656],[136.2305872,34.9498286],[136.2306624,34.949785],[136.2308176,34.949708],[136.2308846,34.9496802],[136.2309382,34.9496461],[136.2309427,34.9496162],[136.2309412,34.9495911],[136.230931,34.9495645],[136.2309104,34.9495378],[136.2308921,34.9495145],[136.2308331,34.9494435]]}},{"type":"Feature","properties":{"id":125342489,"name":"旧東海道","highway":"unclassified","role":null},"geometry":{"type":"LineString","coordinates":[[136.2215998,34.9548937],[136.2210851,34.954948],[136.2206199,34.9550382],[136.2202783,34.95508],[136.2198287,34.9550996]]}},{"type":"Feature","properties":{"id":125342506,"name":"旧東海道","highway":"unclassified","role":null},"geometry":{"type":"LineString","coordinates":[[136.2230438,34.9545534],[136.2228735,34.9546059],[136.2227446,34.9546379],[136.2221363,34.9548073],[136.2215998,34.9548937]]}},{"type":"Feature","properties":{"id":125342521,"name":"旧東海道","highway":"unclassified","role":null},"geometry":{"type":"LineString","coordinates":[[136.2198287,34.9550996],[136.2195269,34.9551017],[136.2192643,34.9551036],[136.2188932,34.9551706],[136.2186944,34.9552061],[136.2185588,34.9552304],[136.218458,34.9552484],[136.2180604,34.9553082],[136.2175898,34.9553697]]}},{"type":"Feature","properties":{"id":125342584,"name":"旧東海道","highway":"unclassified","role":null},"geometry":{"type":"LineString","coordinates":[[136.2266852,34.9524255],[136.2264749,34.9524976],[136.2262747,34.9525701],[136.2260676,34.9526839],[136.2259124,34.952781],[136.2257264,34.9529133],[136.2254798,34.9530809],[136.2250911,34.9533548]]}},{"type":"Feature","properties":{"id":125342601,"name":"旧東海道","highway":"unclassified","role":null},"geometry":{"type":"LineString","coordinates":[[136.2250911,34.9533548],[136.224986,34.953425],[136.2247944,34.9535645],[136.2245247,34.9537266],[136.2242071,34.953874],[136.2239553,34.9539919],[136.2237486,34.9541368],[136.2234908,34.9543137],[136.2232721,34.9544463],[136.2230438,34.9545534]]}},{"type":"Feature","properties":{"id":125457498,"name":"旧東海道","highway":"residential","role":null},"geometry":{"type":"LineString","coordinates":[[136.1764526,34.9683372],[136.1761154,34.9685386],[136.1758332,34.9687072],[136.1754927,34.9689088],[136.1753873,34.9689631]]}},{"type":"Feature","properties":{"id":125457519,"name":"旧東海道","highway":"residential","role":null},"geometry":{"type":"LineString","coordinates":[[136.1656716,34.972948],[136.1657786,34.973275],[136.1659899,34.9737605],[136.1662754,34.9736855],[136.1671422,34.9734309],[136.1672133,34.97341],[136.1672882,34.9733888],[136.1678168,34.973236],[136.1680749,34.9731655],[136.1682643,34.9731044],[136.1683225,34.9730856],[136.168884,34.97292],[136.1698563,34.9726394],[136.1695298,34.9718464],[136.1693953,34.9714965]]}},{"type":"Feature","properties":{"id":125457534,"name":"旧東海道","highway":"unclassified","role":null},"geometry":{"type":"LineString","coordinates":[[136.1693953,34.9714965],[136.1698763,34.9713995]]}},{"type":"Feature","properties":{"id":125457547,"name":"旧東海道","highway":"residential","role":null},"geometry":{"type":"LineString","coordinates":[[136.1816723,34.9663207],[136.1820651,34.9662269]]}},{"type":"Feature","properties":{"id":125457565,"name":"旧東海道","highway":"unclassified","role":null},"geometry":{"type":"LineString","coordinates":[[136.1708756,34.9710192],[136.1709363,34.9709943]]}},{"type":"Feature","properties":{"id":125457608,"name":"旧東海道","highway":"residential","role":null},"geometry":{"type":"LineString","coordinates":[[136.1714078,34.9708156],[136.1714465,34.9707955],[136.1716853,34.9706814],[136.1718074,34.9706208],[136.1718277,34.9706123]]}},{"type":"Feature","properties":{"id":125457616,"name":"旧東海道","highway":"unclassified","role":null},"geometry":{"type":"LineString","coordinates":[[136.1549877,34.9755972],[136.1538683,34.9759688],[136.1526168,34.9763843],[136.1514044,34.9767706]]}},{"type":"Feature","properties":{"id":125457673,"name":"旧東海道","highway":"residential","role":null},"geometry":{"type":"LineString","coordinates":[[136.1737704,34.9696432],[136.173245,34.9698687],[136.173172,34.9699094],[136.1725564,34.9702396],[136.1723515,34.9703616],[136.1721819,34.9704652],[136.1720881,34.9705026],[136.1720247,34.9705016]]}},{"type":"Feature","properties":{"id":125457787,"name":"旧東海道","highway":"unclassified","role":null},"geometry":{"type":"LineString","coordinates":[[136.1613054,34.9735586],[136.1612272,34.9735839],[136.1606384,34.9737744],[136.1591046,34.974245]]}},{"type":"Feature","properties":{"id":125457808,"name":"旧東海道","highway":"unclassified","role":null},"geometry":{"type":"LineString","coordinates":[[136.1845232,34.9672204],[136.1846201,34.9672541],[136.1846661,34.9672661],[136.1848726,34.9672678],[136.1850446,34.9672498],[136.1855539,34.9672659],[136.1858022,34.9672685],[136.1859364,34.9672633]]}},{"type":"Feature","properties":{"id":125457840,"name":"旧東海道","highway":"residential","role":null},"geometry":{"type":"LineString","coordinates":[[136.161654,34.974022],[136.1617044,34.9740109],[136.1618976,34.9739683],[136.1620358,34.9739346],[136.1622262,34.9738881],[136.1624284,34.9738354],[136.162946,34.9736965],[136.163164,34.9736333],[136.1633544,34.9735812],[136.1636811,34.9734915],[136.1640182,34.9733989],[136.1645587,34.9732538],[136.1646392,34.9732324],[136.1649703,34.9731415],[136.1656716,34.972948]]}},{"type":"Feature","properties":{"id":125458293,"name":"旧東海道","highway":"unclassified","role":null},"geometry":{"type":"LineString","coordinates":[[136.1859364,34.9672633],[136.1861679,34.9672573]]}},{"type":"Feature","properties":{"id":125458350,"name":"旧東海道","highway":"residential","role":null},"geometry":{"type":"LineString","coordinates":[[136.1807753,34.9662802],[136.1814879,34.9663103],[136.1816723,34.9663207]]}},{"type":"Feature","properties":{"id":125458416,"name":"旧東海道","highway":"residential","role":null},"geometry":{"type":"LineString","coordinates":[[136.1776533,34.9676504],[136.177231,34.9678915],[136.1767281,34.9681829],[136.1764526,34.9683372]]}},{"type":"Feature","properties":{"id":125458511,"name":"旧東海道","highway":"residential","role":null},"geometry":{"type":"LineString","coordinates":[[136.1753873,34.9689631],[136.1746573,34.9692826],[136.1737704,34.9696432]]}},{"type":"Feature","properties":{"id":125458589,"name":"旧東海道","highway":"residential","role":null},"geometry":{"type":"LineString","coordinates":[[136.1807753,34.9662802],[136.1806498,34.9663249],[136.1800855,34.9665591],[136.1788484,34.9670732],[136.1788285,34.9670815]]}},{"type":"Feature","properties":{"id":125458614,"name":"旧東海道","highway":"tertiary","role":null},"geometry":{"type":"LineString","coordinates":[[136.161654,34.974022],[136.1615887,34.9739067],[136.161524,34.9738135],[136.1613565,34.9736182],[136.1613054,34.9735586]]}},{"type":"Feature","properties":{"id":125458625,"name":"旧東海道","highway":"unclassified","role":null},"geometry":{"type":"LineString","coordinates":[[136.1567262,34.9750035],[136.1558382,34.9753022],[136.1553367,34.9754796],[136.1549877,34.9755972]]}},{"type":"Feature","properties":{"id":125458710,"name":"旧東海道","highway":"unclassified","role":null},"geometry":{"type":"LineString","coordinates":[[136.1591046,34.974245],[136.1588727,34.974312],[136.1570907,34.9748949],[136.1567262,34.9750035]]}},{"type":"Feature","properties":{"id":125458715,"name":"旧東海道","highway":"residential","role":null},"geometry":{"type":"LineString","coordinates":[[136.1788285,34.9670815],[136.1786231,34.9671786],[136.1782631,34.9673553],[136.1780132,34.9674803],[136.1777054,34.9676329],[136.1776533,34.9676504]]}},{"type":"Feature","properties":{"id":125458725,"name":"旧東海道","highway":"unclassified","role":null},"geometry":{"type":"LineString","coordinates":[[136.1708756,34.9710192],[136.1703272,34.9712149],[136.1700303,34.9713359],[136.1698763,34.9713995]]}},{"type":"Feature","properties":{"id":125458951,"name":"旧東海道","highway":"residential","role":null},"geometry":{"type":"LineString","coordinates":[[136.1836455,34.9665923],[136.1836078,34.966513],[136.1835844,34.9664522],[136.1835449,34.9663694],[136.1834898,34.9663429],[136.1834355,34.9663168],[136.1832816,34.9662554],[136.1829463,34.9661406],[136.182883,34.9661189],[136.1828552,34.966112],[136.1827975,34.9661054],[136.1827421,34.9661049],[136.1826577,34.966111],[136.1825508,34.9661215],[136.1824231,34.9661456],[136.1820651,34.9662269]]}},{"type":"Feature","properties":{"id":125462896,"name":"大野名坂線","highway":"secondary","role":null},"geometry":{"type":"LineString","coordinates":[[136.205831,34.9579299],[136.2052109,34.9580568]]}},{"type":"Feature","properties":{"id":125462904,"name":"大野名坂線","highway":"secondary","role":null},"geometry":{"type":"LineString","coordinates":[[136.2087086,34.9574883],[136.208199,34.9575522],[136.2079286,34.9575854],[136.2074748,34.9576411],[136.2070749,34.9576986],[136.2065772,34.9577875],[136.2065188,34.9577986],[136.2064916,34.9578038],[136.205831,34.9579299]]}},{"type":"Feature","properties":{"id":125462937,"name":"旧東海道","highway":"unclassified","role":null},"geometry":{"type":"LineString","coordinates":[[136.1912173,34.9646041],[136.1912105,34.964627],[136.191121,34.9649281],[136.1910939,34.9650079],[136.1910682,34.9650838]]}},{"type":"Feature","properties":{"id":125462943,"name":"旧東海道","highway":"unclassified","role":null},"geometry":{"type":"LineString","coordinates":[[136.2133308,34.9560819],[136.2133323,34.9561267],[136.2133365,34.9562541],[136.2132525,34.9562975],[136.2129963,34.9563844],[136.2123291,34.9565908],[136.2120243,34.9567501],[136.2119566,34.9567805],[136.2117415,34.9568769],[136.2110965,34.9571774],[136.2109627,34.957238],[136.2109286,34.9572534],[136.2107386,34.9573693],[136.2102836,34.9576192],[136.2101245,34.9576988],[136.2099743,34.9577676],[136.2098241,34.9578183],[136.2096562,34.9578871],[136.2092497,34.958003],[136.2090424,34.9580695]]}},{"type":"Feature","properties":{"id":125462946,"name":"旧東海道","highway":"unclassified","role":null},"geometry":{"type":"LineString","coordinates":[[136.1987078,34.9579988],[136.1986955,34.9580652],[136.1986934,34.9580769],[136.1986711,34.9581166],[136.1985927,34.9581573],[136.1984729,34.95825],[136.1976522,34.9589872],[136.1968388,34.959767],[136.1968022,34.9598021]]}},{"type":"Feature","properties":{"id":125462951,"name":"旧東海道","highway":"unclassified","role":null},"geometry":{"type":"LineString","coordinates":[[136.1932436,34.9625579],[136.1931764,34.9626216]]}},{"type":"Feature","properties":{"id":125462957,"name":"旧東海道","highway":"unclassified","role":null},"geometry":{"type":"LineString","coordinates":[[136.2090424,34.9580695],[136.2089107,34.9579057],[136.2087342,34.9575412],[136.2087086,34.9574883]]}},{"type":"Feature","properties":{"id":125462966,"name":"旧東海道","highway":"unclassified","role":null},"geometry":{"type":"LineString","coordinates":[[136.195131,34.9609054],[136.1950798,34.9609434],[136.19504,34.9609731]]}},{"type":"Feature","properties":{"id":125462987,"name":"旧東海道","highway":"unclassified","role":null},"geometry":{"type":"LineString","coordinates":[[136.1914743,34.963765],[136.1914101,34.9639424],[136.1912173,34.9646041]]}},{"type":"Feature","properties":{"id":125462997,"name":"旧東海道","highway":"unclassified","role":null},"geometry":{"type":"LineString","coordinates":[[136.19504,34.9609731],[136.1947344,34.9612228],[136.194552,34.9613369],[136.1943503,34.9614608],[136.1941919,34.961573],[136.1939662,34.9617855],[136.193658,34.9621434],[136.1932436,34.9625579]]}},{"type":"Feature","properties":{"id":125463005,"name":"旧東海道","highway":"unclassified","role":null},"geometry":{"type":"LineString","coordinates":[[136.1968022,34.9598021],[136.1965813,34.9600072],[136.1959207,34.9604082],[136.195505,34.960649],[136.195131,34.9609054]]}},{"type":"Feature","properties":{"id":125463006,"name":"旧東海道","highway":"unclassified","role":null},"geometry":{"type":"LineString","coordinates":[[136.2052109,34.9580568],[136.2052015,34.9581028],[136.2051928,34.9581455],[136.2051184,34.9581861],[136.2046089,34.9583524],[136.2041534,34.9585465]]}},{"type":"Feature","properties":{"id":125463015,"name":"旧東海道","highway":"unclassified","role":null},"geometry":{"type":"LineString","coordinates":[[136.2016966,34.9584035],[136.2016534,34.9583873],[136.2009518,34.9581732],[136.2003746,34.9580032],[136.200226,34.9578712],[136.2001232,34.9577957],[136.2001161,34.9577677],[136.2001116,34.9577239]]}},{"type":"Feature","properties":{"id":125463018,"name":"旧東海道","highway":"unclassified","role":null},"geometry":{"type":"LineString","coordinates":[[136.1910682,34.9650838],[136.1910193,34.9652357],[136.1910005,34.9652748],[136.1909724,34.9653041],[136.1909456,34.9653317],[136.1909045,34.9653554],[136.1908066,34.9654019],[136.1907209,34.965442],[136.1906242,34.9655035]]}},{"type":"Feature","properties":{"id":125463019,"name":"旧東海道","highway":"unclassified","role":null},"geometry":{"type":"LineString","coordinates":[[136.1931764,34.9626216],[136.193054,34.9627318],[136.1928811,34.9629187],[136.1927587,34.9630053],[136.1926262,34.9630683],[136.1926098,34.9630761],[136.192466,34.9631276],[136.1923881,34.9631707],[136.1922858,34.9632492],[136.1920265,34.9634578],[136.1919125,34.9635388],[136.1918234,34.9635885],[136.1915114,34.9637477],[136.1914743,34.963765]]}},{"type":"Feature","properties":{"id":125463021,"name":"旧東海道","highway":"unclassified","role":null},"geometry":{"type":"LineString","coordinates":[[136.1906242,34.9655035],[136.1905162,34.9655874],[136.190197,34.9658373],[136.1895901,34.9663053],[136.1893694,34.9664533],[136.1891511,34.9665733],[136.1889971,34.9666438],[136.1888318,34.9667167],[136.1886742,34.9667708]]}},{"type":"Feature","properties":{"id":125463030,"name":"旧東海道","highway":"unclassified","role":null},"geometry":{"type":"LineString","coordinates":[[136.2041534,34.9585465],[136.2039437,34.958613],[136.2037589,34.9586536],[136.2035424,34.9586777],[136.2031388,34.9586629],[136.2027465,34.9586333],[136.2025529,34.9585989],[136.2024241,34.958576],[136.2024137,34.9585734],[136.2020138,34.9584726],[136.2016966,34.9584035]]}},{"type":"Feature","properties":{"id":125464454,"name":"旧東海道","highway":"unclassified","role":null},"geometry":{"type":"LineString","coordinates":[[136.2557097,34.9376279],[136.2555461,34.9376612],[136.2552461,34.9377699],[136.255096,34.937833],[136.25489,34.937968],[136.25472,34.938143],[136.2544118,34.9385603],[136.2542532,34.9387042],[136.2540814,34.9388246],[136.2540418,34.9388524]]}},{"type":"Feature","properties":{"id":125464467,"name":"旧東海道","highway":"unclassified","role":null},"geometry":{"type":"LineString","coordinates":[[136.2630426,34.9377187],[136.2629586,34.9377206],[136.2627049,34.9377264],[136.2623223,34.937765]]}},{"type":"Feature","properties":{"id":125464469,"name":"旧東海道","highway":"unclassified","role":null},"geometry":{"type":"LineString","coordinates":[[136.2623223,34.937765],[136.262052,34.937815]]}},{"type":"Feature","properties":{"id":125464494,"name":"旧東海道","highway":"unclassified","role":null},"geometry":{"type":"LineString","coordinates":[[136.2595557,34.9378137],[136.2594011,34.9377738],[136.2592508,34.937734],[136.2590098,34.9376547]]}},{"type":"Feature","properties":{"id":125464502,"name":"旧東海道","highway":"unclassified","role":null},"geometry":{"type":"LineString","coordinates":[[136.2580298,34.9372794],[136.2578255,34.9372661],[136.2572384,34.9373373]]}},{"type":"Feature","properties":{"id":125464508,"name":"旧東海道","highway":"unclassified","role":null},"geometry":{"type":"LineString","coordinates":[[136.2606494,34.9379296],[136.2603329,34.9379184],[136.2601613,34.9379074],[136.2598153,34.9378656],[136.2595557,34.9378137]]}},{"type":"Feature","properties":{"id":125464513,"name":"旧東海道","highway":"unclassified","role":null},"geometry":{"type":"LineString","coordinates":[[136.2590098,34.9376547],[136.2589312,34.9376166],[136.2588598,34.9375856],[136.2586665,34.93749],[136.2583286,34.9373548],[136.258127,34.937298],[136.2580298,34.9372794]]}},{"type":"Feature","properties":{"id":125464517,"name":"旧東海道","highway":"unclassified","role":null},"geometry":{"type":"LineString","coordinates":[[136.262052,34.937815],[136.2619054,34.9378324],[136.2616601,34.9378537],[136.261253,34.937889],[136.2610852,34.9379067],[136.2609058,34.9379193],[136.2606494,34.9379296]]}},{"type":"Feature","properties":{"id":125464519,"name":"旧東海道","highway":"unclassified","role":null},"geometry":{"type":"LineString","coordinates":[[136.2572384,34.9373373],[136.2568648,34.9374066],[136.2564234,34.9374901],[136.2562283,34.9375425],[136.2557097,34.9376279]]}},{"type":"Feature","properties":{"id":125577673,"name":"本通","highway":"secondary","role":null},"geometry":{"type":"LineString","coordinates":[[138.3693648,34.9616336],[138.3693795,34.9616994],[138.369407,34.9617659],[138.3694395,34.961826],[138.3694875,34.9618973],[138.3695784,34.9620132],[138.3696294,34.9620764]]}},{"type":"Feature","properties":{"id":125587915,"name":"国道1号","highway":"trunk","role":null},"geometry":{"type":"LineString","coordinates":[[138.359976,34.9494715],[138.359782,34.949363],[138.3591076,34.9489944],[138.3588623,34.9488498],[138.3583833,34.948583],[138.3582426,34.9485046],[138.3581952,34.9484779],[138.3580503,34.9483932]]}},{"type":"Feature","properties":{"id":125621668,"name":"旧東海道","highway":"unclassified","role":null},"geometry":{"type":"LineString","coordinates":[[136.2517531,34.9392746],[136.2522984,34.9392323],[136.2528363,34.9391757],[136.253216,34.9391301],[136.2534641,34.9390828],[136.2536539,34.9390311],[136.2536855,34.9390225],[136.2539307,34.9389241],[136.2540418,34.9388524]]}},{"type":"Feature","properties":{"id":125621688,"name":"旧東海道","highway":"unclassified","role":null},"geometry":{"type":"LineString","coordinates":[[136.2485731,34.9404356],[136.2488262,34.9403719],[136.2490782,34.9402813],[136.24927,34.9401637],[136.2496108,34.9399377],[136.2498542,34.939801],[136.2500942,34.9396884],[136.2502869,34.9396245],[136.250375,34.939601],[136.2506851,34.9395313],[136.2509973,34.9394477],[136.2515274,34.939303],[136.2517531,34.9392746]]}},{"type":"Feature","properties":{"id":125621879,"name":"旧東海道","highway":"unclassified","role":null},"geometry":{"type":"LineString","coordinates":[[136.2377579,34.9439035],[136.2377933,34.9438719],[136.2379317,34.943798],[136.2381309,34.9436829],[136.2385341,34.9435035]]}},{"type":"Feature","properties":{"id":125622098,"name":"旧東海道","highway":"unclassified","role":null},"geometry":{"type":"LineString","coordinates":[[136.2323905,34.9464151],[136.2324507,34.9461451],[136.2324803,34.9460168]]}},{"type":"Feature","properties":{"id":125622124,"name":"旧東海道","highway":"unclassified","role":null},"geometry":{"type":"LineString","coordinates":[[136.2447416,34.9418943],[136.2447033,34.9418997]]}},{"type":"Feature","properties":{"id":125622250,"name":"旧東海道","highway":"unclassified","role":null},"geometry":{"type":"LineString","coordinates":[[136.2447416,34.9418943],[136.2449053,34.9418504]]}},{"type":"Feature","properties":{"id":125622968,"name":"旧東海道","highway":"unclassified","role":null},"geometry":{"type":"LineString","coordinates":[[136.2307034,34.9488567],[136.2307229,34.9489938],[136.2307398,34.9490936],[136.2307522,34.9492502],[136.230736,34.9492801],[136.2307416,34.9493462],[136.2307716,34.9493816],[136.2308331,34.9494435]]}},{"type":"Feature","properties":{"id":125623051,"name":"旧東海道","highway":"unclassified","role":null},"geometry":{"type":"LineString","coordinates":[[136.2474328,34.9407423],[136.2475179,34.9407248],[136.2478123,34.9406641],[136.2481882,34.9405576],[136.2481987,34.9405546],[136.2485731,34.9404356]]}},{"type":"Feature","properties":{"id":125623085,"name":"旧東海道","highway":"unclassified","role":null},"geometry":{"type":"LineString","coordinates":[[136.2359455,34.9446313],[136.23637,34.9444994],[136.2366109,34.9444193],[136.2368522,34.9443253],[136.2371827,34.9441867],[136.2377579,34.9439035]]}},{"type":"Feature","properties":{"id":125623288,"name":"旧東海道","highway":"unclassified","role":null},"geometry":{"type":"LineString","coordinates":[[136.2447033,34.9418997],[136.2438265,34.9420371],[136.2435137,34.9420893],[136.2427212,34.9422292],[136.2419242,34.9423876]]}},{"type":"Feature","properties":{"id":125623369,"name":"旧東海道","highway":"unclassified","role":null},"geometry":{"type":"LineString","coordinates":[[136.2313346,34.9478815],[136.2310059,34.9481653],[136.2308313,34.9483272],[136.2307828,34.9483812],[136.2307275,34.948467],[136.2307131,34.9484995],[136.2307015,34.9485396],[136.2306912,34.9485828],[136.2306841,34.9486383],[136.2306861,34.9487193],[136.2306908,34.9487899],[136.2307034,34.9488567]]}},{"type":"Feature","properties":{"id":125623453,"name":"旧東海道","highway":"unclassified","role":null},"geometry":{"type":"LineString","coordinates":[[136.2313346,34.9478815],[136.2315131,34.9477035],[136.2316811,34.947526],[136.231823,34.9473625],[136.2318858,34.9472837],[136.2320116,34.9471005],[136.2321324,34.9469249],[136.2322841,34.9467069],[136.2323397,34.9465846],[136.2323905,34.9464151]]}},{"type":"Feature","properties":{"id":125623500,"name":"旧東海道","highway":"unclassified","role":null},"geometry":{"type":"LineString","coordinates":[[136.2419242,34.9423876],[136.2417813,34.9424087],[136.2411847,34.9425404],[136.2404114,34.9427298],[136.2399548,34.942852],[136.2397069,34.9429532],[136.2394058,34.9430956],[136.2389171,34.9433233],[136.2385341,34.9435035]]}},{"type":"Feature","properties":{"id":125623560,"name":"旧東海道","highway":"unclassified","role":null},"geometry":{"type":"LineString","coordinates":[[136.2474328,34.9407423],[136.2472081,34.9407799],[136.2470755,34.9408039],[136.2469855,34.9408226],[136.2469056,34.9408467],[136.2468156,34.9408813],[136.246603,34.9409843],[136.2464119,34.9410915],[136.2460617,34.9413044],[136.2457813,34.9414689],[136.2456979,34.9415098],[136.2451045,34.9417713],[136.2449388,34.9418381],[136.2449053,34.9418504]]}},{"type":"Feature","properties":{"id":125623625,"name":"旧東海道","highway":"unclassified","role":null},"geometry":{"type":"LineString","coordinates":[[136.2324803,34.9460168],[136.2325149,34.9459088],[136.2325882,34.9458039],[136.2326719,34.9457199],[136.2330366,34.9454193],[136.2331545,34.9453221],[136.2332774,34.9452209],[136.2335297,34.9450268],[136.2337116,34.9449043],[136.2337564,34.9448793],[136.2338251,34.94487],[136.2345103,34.9448282],[136.2347246,34.9448417],[136.234835,34.9448568],[136.2349346,34.9448558],[136.2350571,34.9448439],[136.2352119,34.9448159],[136.2354832,34.944766],[136.2355892,34.9447387],[136.2359455,34.9446313]]}},{"type":"Feature","properties":{"id":125629261,"name":"旧東海道","highway":"unclassified","role":null},"geometry":{"type":"LineString","coordinates":[[139.6271101,35.4706592],[139.627151,35.4706691],[139.6271991,35.4706748],[139.6278634,35.4706854],[139.6281418,35.4706898],[139.6283897,35.4706937],[139.6287539,35.4706995],[139.6292621,35.4707075],[139.6293299,35.4707087],[139.6293663,35.4707094],[139.6295898,35.4707172],[139.6296801,35.4707203],[139.6297287,35.4707226],[139.6301317,35.4707346],[139.6305787,35.4707765],[139.6306272,35.4707728],[139.6306769,35.4707639]]}},{"type":"Feature","properties":{"id":125730019,"name":"旧東海道","highway":"unclassified","role":null},"geometry":{"type":"LineString","coordinates":[[138.3995764,34.9776945],[138.3999662,34.9776451],[138.4001787,34.9776181]]}},{"type":"Feature","properties":{"id":125730744,"name":"旧東海道","highway":"tertiary","role":null},"geometry":{"type":"LineString","coordinates":[[138.4076486,34.9800183],[138.4069999,34.9794934],[138.4062605,34.9789881],[138.4060613,34.9788637],[138.4058556,34.9787353],[138.4052466,34.9783552],[138.4051693,34.9783048],[138.4049768,34.9781793],[138.4049651,34.9781723],[138.4048294,34.978091],[138.4046434,34.9779829],[138.4046043,34.9779585],[138.4045211,34.9779173],[138.4044448,34.9778868],[138.4043642,34.9778629],[138.403684,34.9776914],[138.4030321,34.977527],[138.4028344,34.9774772]]}},{"type":"Feature","properties":{"id":125735508,"name":"旧東海道","highway":"tertiary","role":null},"geometry":{"type":"LineString","coordinates":[[138.4125831,34.988607],[138.4124572,34.9885494],[138.4121664,34.9883923],[138.4120865,34.988351],[138.4117919,34.9881823],[138.4116061,34.9880685],[138.4113821,34.9879093],[138.41104,34.9876118],[138.4102091,34.9868552],[138.4099599,34.9866331],[138.4095322,34.9862426],[138.4094684,34.9861765],[138.4094553,34.9861619],[138.4092833,34.9859699],[138.4091858,34.9858536],[138.4090393,34.9856579]]}},{"type":"Feature","properties":{"id":125735511,"name":"旧東海道","highway":"tertiary","role":null},"geometry":{"type":"LineString","coordinates":[[138.4125831,34.988607],[138.412668,34.9886472],[138.4132235,34.9889321],[138.4132382,34.9889394],[138.414055,34.9893453],[138.4140811,34.9893585],[138.4144103,34.9895249],[138.4145441,34.9895925],[138.4145614,34.9896008],[138.4146001,34.9896194],[138.4148357,34.989756],[138.4151567,34.9899605],[138.4153594,34.9900705],[138.4157871,34.9903],[138.4160374,34.990437],[138.4162354,34.9905226],[138.4165205,34.9906439],[138.416546,34.9906501],[138.4166907,34.9906854],[138.4169049,34.9907236],[138.4173533,34.9907849],[138.4176177,34.990816],[138.4176491,34.9908197],[138.4177573,34.9908442],[138.4178871,34.9909058]]}},{"type":"Feature","properties":{"id":125742423,"name":"旧東海道","highway":"tertiary","role":null},"geometry":{"type":"LineString","coordinates":[[138.4298855,34.9931493],[138.4287471,34.9928574],[138.4286648,34.9928417],[138.4285716,34.9928384],[138.4278658,34.992837],[138.4274224,34.9928337],[138.4273692,34.9928297],[138.4273309,34.9928221]]}},{"type":"Feature","properties":{"id":126017123,"name":"国道1号","highway":"trunk","role":null},"geometry":{"type":"LineString","coordinates":[[139.0250381,35.1890427],[139.0249581,35.1889639],[139.0247446,35.1887533],[139.02459,35.1886028],[139.0245771,35.1885885],[139.0243094,35.188293],[139.0241269,35.188087],[139.0240558,35.1880067],[139.023909,35.187887]]}},{"type":"Feature","properties":{"id":126207139,"name":"旧東海道","highway":"tertiary","role":null},"geometry":{"type":"LineString","coordinates":[[138.8448868,35.1006882],[138.8450743,35.1005963]]}},{"type":"Feature","properties":{"id":126207412,"name":"旧東海道","highway":"tertiary","role":null},"geometry":{"type":"LineString","coordinates":[[138.8451486,35.100558],[138.8455788,35.1003311],[138.8456192,35.1003119],[138.8462612,35.1000151],[138.8466092,35.099844],[138.8474667,35.0994346],[138.8480939,35.099066],[138.8485075,35.0988391],[138.8488518,35.0986357],[138.8492145,35.0984264],[138.8495651,35.0982193],[138.8499983,35.0979229],[138.8501312,35.0977569],[138.8511137,35.0970985],[138.8513575,35.0969312],[138.8518501,35.0966028]]}},{"type":"Feature","properties":{"id":126207413,"name":"市道01059号線","highway":"tertiary","role":null},"geometry":{"type":"LineString","coordinates":[[138.7989398,35.1249824],[138.7995128,35.1248106],[138.8001025,35.1246195],[138.8005525,35.1244826],[138.8010496,35.1243314],[138.8014979,35.1241957],[138.8026898,35.1238426],[138.8030016,35.1237414],[138.8033906,35.1235864],[138.803866,35.1233738],[138.8040188,35.1233085],[138.8051216,35.1228378],[138.8058342,35.1225451],[138.806109,35.1224192],[138.8062213,35.1223725],[138.8063959,35.1223021],[138.8069202,35.1220567],[138.8071822,35.1219354],[138.8073858,35.121843],[138.8080262,35.1215236],[138.8081735,35.1214501],[138.8090216,35.1210703],[138.8093209,35.1209259],[138.8094684,35.1208408],[138.8096134,35.1207799],[138.8096807,35.1207572],[138.8097182,35.1207559],[138.8097751,35.1207654],[138.8098151,35.120786],[138.8098476,35.1208096],[138.8099321,35.1209231],[138.8099726,35.1209785],[138.8100088,35.1210169],[138.8100558,35.1210559],[138.8101029,35.1210732],[138.8101576,35.1210879],[138.8102254,35.1210884],[138.8102805,35.1210821],[138.8103198,35.1210673],[138.8103587,35.1210398],[138.8103863,35.121019],[138.8104089,35.1209853],[138.8104191,35.1209241],[138.8104242,35.120866],[138.8104288,35.1207652],[138.8104286,35.1207194],[138.8104283,35.1206583],[138.8104272,35.1206255],[138.8104129,35.1205369],[138.8104011,35.1204571],[138.8104193,35.1204107],[138.810663,35.1202675],[138.8109812,35.1201141],[138.8112793,35.119967],[138.8115093,35.1198602],[138.8118925,35.1196768],[138.812479,35.1194102],[138.8125447,35.1193803],[138.812684,35.1193186],[138.8135158,35.1189304],[138.8138486,35.1187669],[138.8142059,35.118598],[138.8144623,35.1184856],[138.8144917,35.118471],[138.8150925,35.1181897],[138.8153571,35.11806],[138.8156251,35.1179376],[138.8160114,35.1177449],[138.8163922,35.1175677],[138.816917,35.1173458],[138.817243,35.1172033],[138.8173569,35.1171537],[138.8175936,35.1170535],[138.818024,35.1168664],[138.8183463,35.1167227],[138.8188623,35.1164966],[138.8189374,35.1164637],[138.8190169,35.1164288],[138.8190938,35.1163983],[138.8195108,35.116216],[138.8196545,35.116158],[138.8199911,35.1160045],[138.8204465,35.1158059],[138.8210673,35.1155296],[138.8213914,35.1153843],[138.821586,35.115297],[138.821765,35.1152246],[138.8224875,35.1149065],[138.8225221,35.1148912],[138.8229582,35.1147082],[138.8229881,35.1146958],[138.8234363,35.1145096],[138.8237143,35.1143895],[138.8239815,35.1142636],[138.8244849,35.1140267],[138.8249533,35.1138063],[138.8249851,35.1137918],[138.8250608,35.1137572],[138.8254279,35.1135894],[138.8258441,35.113399],[138.8266348,35.1130244],[138.8270758,35.1128084],[138.8272222,35.1127295],[138.8276018,35.1125495],[138.8284983,35.1121114],[138.8287876,35.1119676],[138.8288772,35.1119263],[138.8294443,35.1116141],[138.8295556,35.1115506],[138.8297123,35.1114579],[138.8299208,35.1113345],[138.8302001,35.1111428],[138.8306132,35.110867],[138.8308645,35.1106852],[138.8310391,35.110549],[138.8311012,35.1105071],[138.831258,35.1103866],[138.831339,35.1103244],[138.8314518,35.1102422],[138.8315922,35.1101374],[138.8320929,35.1097636],[138.8328017,35.1092402],[138.8330657,35.1090409],[138.8332953,35.1088675],[138.8334817,35.1087277],[138.8337475,35.1085359],[138.8337843,35.1085103],[138.8349087,35.1076891],[138.8350963,35.1075667],[138.835984,35.1068798],[138.8360056,35.1068636],[138.8365434,35.1064633],[138.8368203,35.1062651],[138.8374613,35.1058129],[138.838154,35.1053234],[138.8385499,35.1050098],[138.8389839,35.1046503],[138.8391384,35.1045118],[138.8391585,35.1044938],[138.8393419,35.1043282],[138.8396987,35.1040207],[138.8401347,35.1036611],[138.8402073,35.1036048],[138.8409414,35.1030236],[138.8411559,35.1028494],[138.8412642,35.1027614],[138.8413059,35.1027275],[138.8415791,35.1025055],[138.8415921,35.102495],[138.8418589,35.1022974],[138.8422592,35.1020279],[138.8423579,35.1019615],[138.8423677,35.1019563],[138.8424044,35.1019367],[138.8429653,35.101638],[138.843226,35.1014992],[138.8436448,35.1012817]]}},{"type":"Feature","properties":{"id":126222040,"name":"四日市朝日線","highway":"primary","role":null},"geometry":{"type":"LineString","coordinates":[[136.6545969,35.0259249],[136.6546388,35.026026],[136.6546914,35.0261528],[136.6548422,35.0264592]]}},{"type":"Feature","properties":{"id":126222052,"name":"四日市朝日線","highway":"primary","role":null},"geometry":{"type":"LineString","coordinates":[[136.6545969,35.0259249],[136.6542239,35.0250195]]}},{"type":"Feature","properties":{"id":126223046,"name":"旧東海道","highway":"unclassified","role":null},"geometry":{"type":"LineString","coordinates":[[136.6549648,35.0267],[136.6551254,35.0268955],[136.6554754,35.027291],[136.6555535,35.0273598],[136.6559047,35.0277426],[136.6560191,35.0278769],[136.6563286,35.0281607],[136.6567534,35.0285986],[136.6569009,35.028751],[136.6570493,35.0289204],[136.6572454,35.0292908],[136.6574457,35.029683],[136.6575079,35.0298154],[136.6579067,35.0306803],[136.6581832,35.0313232],[136.6582097,35.0314299],[136.6582984,35.0316339],[136.6584459,35.032042],[136.6584594,35.0321],[136.6584618,35.032153],[136.6584368,35.0322046],[136.6582899,35.032359],[136.658236,35.0324262],[136.6582211,35.0324634],[136.6582156,35.0325001],[136.6582367,35.0325446],[136.6583125,35.0326049],[136.6584431,35.0327089],[136.658583,35.0328239],[136.658965,35.0331321],[136.6596669,35.0337368],[136.6598936,35.0338961],[136.6599747,35.0339494],[136.6600972,35.0340299],[136.6603735,35.0341821],[136.6604994,35.0342627],[136.6606197,35.0343353],[136.66081,35.0344781],[136.6610728,35.0346658],[136.6611921,35.0347255],[136.6613414,35.0347585],[136.661806,35.0348073],[136.6621328,35.0348573],[136.6623883,35.0348811],[136.6633252,35.0349423],[136.6635905,35.0349899],[136.6639379,35.0350699],[136.6642972,35.0351745],[136.6646052,35.0352417],[136.664716,35.0352693],[136.6649395,35.0353681],[136.6652365,35.0355609],[136.6654275,35.0356758],[136.6655306,35.0357378],[136.6657394,35.0358835],[136.6659454,35.0360841],[136.6659777,35.0361164],[136.6662101,35.0363488],[136.666383,35.036539],[136.6666641,35.0368275],[136.6669504,35.0371074],[136.6672125,35.0373824],[136.6675639,35.0377287],[136.66784,35.0379778],[136.6683663,35.0384702],[136.6684887,35.038583],[136.668516,35.0386081],[136.6685562,35.03865],[136.6687385,35.0387945],[136.6689097,35.0388957],[136.6689515,35.0389078],[136.6690745,35.0389623],[136.6691801,35.039019],[136.669274,35.0390838],[136.6693548,35.0391201],[136.669485,35.0392355],[136.6697305,35.0395129],[136.6699714,35.0398389],[136.6701171,35.0400474],[136.670236,35.0402161],[136.6703512,35.0403385],[136.670444,35.0404121],[136.6705544,35.0404664],[136.670795,35.0405717],[136.6709787,35.0406603],[136.6711011,35.0407309],[136.6712931,35.0408379],[136.6714571,35.0409559],[136.6715879,35.0410756],[136.6717691,35.0412368],[136.6719636,35.0414514],[136.6721827,35.0417206],[136.6725379,35.04213],[136.6728046,35.0424371],[136.6732516,35.0429179],[136.6734228,35.0431113],[136.673493,35.0431906],[136.6735689,35.0432647],[136.6736659,35.0433595],[136.6738274,35.0434274],[136.6740505,35.0434897],[136.6741999,35.0435385],[136.6743299,35.0436196],[136.6743606,35.0436443],[136.674529,35.0437798],[136.6747465,35.0439548],[136.6749847,35.0441866],[136.6752621,35.0444632],[136.6753083,35.0445093]]}},{"type":"Feature","properties":{"id":126384350,"name":"川廓通り","highway":"unclassified","role":null},"geometry":{"type":"LineString","coordinates":[[138.8598703,35.0982599],[138.8601191,35.0983606],[138.8604787,35.0985045],[138.8604888,35.0985085],[138.8606213,35.0986154],[138.8608592,35.0989075],[138.8609673,35.0990488],[138.8610144,35.0991171],[138.8610602,35.0991922],[138.8610922,35.0992815]]}},{"type":"Feature","properties":{"id":126644249,"name":"焼津森線","highway":"primary","role":null},"geometry":{"type":"LineString","coordinates":[[138.2828116,34.8958571],[138.2828513,34.8959492],[138.2829221,34.8961248],[138.2830823,34.8965616],[138.2835597,34.897804],[138.2836118,34.897922],[138.2836235,34.8979513]]}},{"type":"Feature","properties":{"id":126644262,"name":"焼津森線","highway":"primary","role":null},"geometry":{"type":"LineString","coordinates":[[138.2838027,34.8985048],[138.2837917,34.8984684]]}},{"type":"Feature","properties":{"id":126644312,"name":"焼津森線","highway":"primary","role":null},"geometry":{"type":"LineString","coordinates":[[138.2844926,34.9025625],[138.2843964,34.9025009]]}},{"type":"Feature","properties":{"id":126644325,"name":"焼津森線","highway":"primary","role":null},"geometry":{"type":"LineString","coordinates":[[138.282472,34.8941755],[138.2824085,34.8942264],[138.2823725,34.8942891],[138.2825459,34.8949686],[138.2825673,34.8950273],[138.2826009,34.8950592],[138.2826181,34.8951372],[138.2826042,34.8951659],[138.282669,34.8954016],[138.2826955,34.8954239],[138.2827341,34.8955672],[138.2827243,34.8955975],[138.2828116,34.8958571]]}},{"type":"Feature","properties":{"id":126644688,"name":"藤枝静岡線","highway":"secondary","role":null},"geometry":{"type":"LineString","coordinates":[[138.2921294,34.9242105],[138.2924197,34.9244929],[138.2925605,34.9246223],[138.2927218,34.9247223],[138.2929028,34.9247957],[138.293048,34.924822],[138.2933638,34.9248446],[138.2940357,34.9248419],[138.29467,34.9248608],[138.2948868,34.9248614],[138.2950084,34.9248862],[138.2951237,34.9249186],[138.2952779,34.924962],[138.2953723,34.9249809],[138.2954715,34.9249869],[138.295635,34.9249888],[138.2961944,34.9249318],[138.2963163,34.9249108],[138.2964218,34.9248804],[138.2965254,34.9248388],[138.2967051,34.9247295],[138.2967773,34.9247031],[138.2968726,34.9247057],[138.2969407,34.9247337],[138.2970378,34.924797],[138.2974028,34.9250174],[138.2975193,34.9250572],[138.2977709,34.9250864],[138.2978704,34.9251162],[138.2979605,34.9251643],[138.2981845,34.9253299],[138.2982357,34.9253514],[138.2983601,34.9253623],[138.2987087,34.9253331],[138.2989923,34.9252657],[138.2997265,34.9250699]]}},{"type":"Feature","properties":{"id":126644692,"name":"藤枝静岡線","highway":"secondary","role":null},"geometry":{"type":"LineString","coordinates":[[138.2899344,34.9230667],[138.2899391,34.9231157],[138.2899506,34.923174],[138.2899875,34.9232237],[138.2900889,34.923273],[138.2906575,34.9234563],[138.2909393,34.9235353],[138.2915758,34.9238464],[138.2916326,34.9238741],[138.2918293,34.9239856],[138.2920231,34.9241252]]}},{"type":"Feature","properties":{"id":126644698,"name":"藤枝静岡線","highway":"secondary","role":null},"geometry":{"type":"LineString","coordinates":[[138.281129,34.9092669],[138.2810899,34.9093506],[138.2808448,34.9098545],[138.2806869,34.9101869],[138.2806361,34.9102879],[138.2804318,34.9107188],[138.2803907,34.9108178]]}},{"type":"Feature","properties":{"id":126644857,"name":"藤枝黒俣線","highway":"primary","role":null},"geometry":{"type":"LineString","coordinates":[[138.2519186,34.8691465],[138.2519934,34.8693004],[138.252326,34.8697436]]}},{"type":"Feature","properties":{"id":126644940,"name":"藤枝黒俣線","highway":"primary","role":null},"geometry":{"type":"LineString","coordinates":[[138.252326,34.8697436],[138.2524939,34.869952],[138.2527131,34.8702169],[138.2528056,34.8703151],[138.2529391,34.8704205]]}},{"type":"Feature","properties":{"id":126644956,"name":"藤枝黒俣線","highway":"primary","role":null},"geometry":{"type":"LineString","coordinates":[[138.2542651,34.8707325],[138.2544081,34.8707635],[138.2546405,34.8708386],[138.2547764,34.8708885],[138.2551051,34.8710772]]}},{"type":"Feature","properties":{"id":126644991,"name":"藤枝黒俣線","highway":"primary","role":null},"geometry":{"type":"LineString","coordinates":[[138.2529391,34.8704205],[138.2529726,34.8704439],[138.2530334,34.8704862],[138.253127,34.8705342],[138.253199,34.8705597],[138.2532557,34.8705761],[138.2532931,34.870587],[138.2534057,34.8706154],[138.2537743,34.8706615],[138.2538535,34.870673],[138.2542651,34.8707325]]}},{"type":"Feature","properties":{"id":126645273,"name":"旧東海道","highway":"tertiary","role":null},"geometry":{"type":"LineString","coordinates":[[138.2487803,34.8589255],[138.2487358,34.857758],[138.2487259,34.856734],[138.2486807,34.8562419],[138.2486386,34.8559548],[138.2485948,34.8557492],[138.2485048,34.8554365],[138.2483917,34.8551409],[138.2483281,34.8550021],[138.2482409,34.8548601],[138.2480921,34.8546563],[138.2479874,34.854542],[138.2478519,34.8544241],[138.2477737,34.854369],[138.2476041,34.8542663],[138.2474227,34.8541734],[138.2472455,34.8540736],[138.2470783,34.8539795],[138.2469194,34.8538559],[138.246901,34.8538416],[138.2467413,34.8537072],[138.2466779,34.853668],[138.2466569,34.8536592],[138.2466048,34.8536372],[138.2465401,34.8536178],[138.246451,34.8536128],[138.2460189,34.853649],[138.2457492,34.8536645],[138.2457073,34.8536629],[138.2456075,34.8536592],[138.2454914,34.8536362],[138.2453809,34.8536006],[138.2452953,34.8535557],[138.2451971,34.8534937],[138.2450994,34.8534039],[138.2449154,34.8531596],[138.2446448,34.8528295]]}},{"type":"Feature","properties":{"id":126645351,"name":"旧東海道","highway":"secondary","role":null},"geometry":{"type":"LineString","coordinates":[[138.2805325,34.8911658],[138.2804377,34.8907904],[138.2802648,34.8902218],[138.2802591,34.8900996],[138.2803464,34.8897181],[138.2804746,34.8889227],[138.2805371,34.8887654],[138.2806427,34.8886087],[138.2806848,34.8885406],[138.2810158,34.8880059],[138.281026,34.8879799],[138.2810361,34.8879441],[138.2810415,34.8878825],[138.2810432,34.8878495],[138.2810445,34.8878238],[138.2810431,34.8877943],[138.2810409,34.8877482],[138.2810289,34.8876372],[138.2810098,34.8875017],[138.2809834,34.8873622],[138.2809607,34.8872713],[138.280926,34.8871697],[138.2808709,34.8870282],[138.2807583,34.8867788],[138.2806518,34.8865862],[138.2805751,34.8864674],[138.2805248,34.8863986],[138.28052,34.8863623],[138.2805306,34.8863259]]}},{"type":"Feature","properties":{"id":126645454,"name":"旧東海道","highway":"residential","role":null},"geometry":{"type":"LineString","coordinates":[[138.2806917,34.9108815],[138.280693,34.9108323]]}},{"type":"Feature","properties":{"id":126645628,"name":"旧東海道","highway":"path","role":null},"geometry":{"type":"LineString","coordinates":[[138.3036957,34.9295788],[138.3037432,34.9296203],[138.3037868,34.9296677],[138.303825,34.9297081],[138.3038993,34.9297792],[138.3039368,34.9298098],[138.3039906,34.9298569],[138.3040352,34.9298921],[138.3043171,34.9300476],[138.3044145,34.9301048],[138.3044387,34.9301249],[138.3044423,34.9301529],[138.3044259,34.9301734],[138.3043993,34.9301858],[138.3041899,34.9301869],[138.3041346,34.9302043],[138.3040982,34.9302265],[138.3039591,34.930359],[138.3039129,34.9303772],[138.3038581,34.9303893],[138.303595,34.9304014],[138.3035662,34.9304145],[138.3035452,34.9304428],[138.3035363,34.9304681],[138.3035353,34.9306678],[138.3035159,34.9306944],[138.3034824,34.9307224],[138.30337,34.930786],[138.3032557,34.9308477],[138.3031527,34.9309326],[138.303075,34.93101]]}},{"type":"Feature","properties":{"id":126645699,"name":"旧東海道","highway":"service","role":null},"geometry":{"type":"LineString","coordinates":[[138.303075,34.93101],[138.30318,34.9311104],[138.3031818,34.9311706],[138.3031612,34.9312159],[138.3030925,34.9312898],[138.3030107,34.9313894],[138.3029458,34.9315367],[138.3028903,34.9317745],[138.3028718,34.9319779],[138.302922,34.932221],[138.302965,34.932569]]}},{"type":"Feature","properties":{"id":126647350,"name":"旧東海道","highway":"tertiary","role":null},"geometry":{"type":"LineString","coordinates":[[138.2639217,34.8745261],[138.2633627,34.8742919],[138.2626974,34.8740132],[138.2623231,34.8738455],[138.2617945,34.8736088],[138.2615537,34.8735009],[138.2613339,34.8734024],[138.2607252,34.8731298],[138.2604292,34.8730092],[138.2598922,34.8727885],[138.2598697,34.8727788],[138.2595142,34.8726533],[138.2583594,34.8722779],[138.2581381,34.8722048],[138.2579232,34.8721464],[138.2574916,34.8720067],[138.2568487,34.8717986],[138.2565159,34.8716909],[138.2564934,34.8716839],[138.2560532,34.8715474],[138.2559334,34.8714979],[138.2556837,34.8713947],[138.2551051,34.8710772]]}},{"type":"Feature","properties":{"id":126647527,"name":"旧東海道","highway":"unclassified","role":null},"geometry":{"type":"LineString","coordinates":[[138.2821244,34.8929936],[138.2820973,34.8928739]]}},{"type":"Feature","properties":{"id":126647857,"name":"旧東海道","highway":"unclassified","role":null},"geometry":{"type":"LineString","coordinates":[[138.2738716,34.8816644],[138.2738137,34.8815977],[138.2737879,34.881568],[138.2732002,34.8808511]]}},{"type":"Feature","properties":{"id":126648301,"name":"旧東海道","highway":"tertiary","role":null},"geometry":{"type":"LineString","coordinates":[[138.2504589,34.865382],[138.2504806,34.865448]]}},{"type":"Feature","properties":{"id":126648353,"name":"八幡橋","highway":"secondary","role":null},"geometry":{"type":"LineString","coordinates":[[138.2805306,34.8863259],[138.2806064,34.8860185]]}},{"type":"Feature","properties":{"id":126648757,"name":"旧東海道","highway":"tertiary","role":null},"geometry":{"type":"LineString","coordinates":[[138.2488331,34.859594],[138.2490123,34.8612929]]}},{"type":"Feature","properties":{"id":126649872,"name":"旧東海道","highway":"tertiary","role":null},"geometry":{"type":"LineString","coordinates":[[138.2487893,34.8590664],[138.2487803,34.8589255]]}},{"type":"Feature","properties":{"id":126650175,"name":"旧東海道","highway":"tertiary","role":null},"geometry":{"type":"LineString","coordinates":[[138.2488177,34.8594475],[138.2488022,34.8592397],[138.2487893,34.8590664]]}},{"type":"Feature","properties":{"id":126650825,"name":"旧東海道","highway":"residential","role":null},"geometry":{"type":"LineString","coordinates":[[138.2824826,34.9206646],[138.2824467,34.9205083]]}},{"type":"Feature","properties":{"id":126651199,"name":"旧東海道","highway":"tertiary","role":null},"geometry":{"type":"LineString","coordinates":[[138.2644385,34.8747854],[138.2646822,34.8749639]]}},{"type":"Feature","properties":{"id":126651659,"name":"旧東海道","highway":"tertiary","role":null},"geometry":{"type":"LineString","coordinates":[[138.2488331,34.859594],[138.2488177,34.8594475]]}},{"type":"Feature","properties":{"id":126651837,"name":"旧東海道","highway":"tertiary","role":null},"geometry":{"type":"LineString","coordinates":[[138.2507414,34.8662817],[138.2507623,34.8663438],[138.2508772,34.8667277],[138.2509716,34.866953],[138.2510782,34.8672077],[138.251089,34.8672335]]}},{"type":"Feature","properties":{"id":126651863,"name":"旧東海道","highway":"tertiary","role":null},"geometry":{"type":"LineString","coordinates":[[138.2496697,34.8637711],[138.2501237,34.8645369]]}},{"type":"Feature","properties":{"id":126652064,"name":"旧東海道","highway":"tertiary","role":null},"geometry":{"type":"LineString","coordinates":[[138.2692746,34.877763],[138.2690662,34.8776459],[138.2684625,34.8773106],[138.2682182,34.877175]]}},{"type":"Feature","properties":{"id":126652116,"name":"旧東海道","highway":"tertiary","role":null},"geometry":{"type":"LineString","coordinates":[[138.241532,34.84903],[138.2414487,34.8489658],[138.2413701,34.8488729]]}},{"type":"Feature","properties":{"id":126652397,"name":"旧東海道","highway":"secondary","role":null},"geometry":{"type":"LineString","coordinates":[[138.2806248,34.8859394],[138.2806064,34.8860185]]}},{"type":"Feature","properties":{"id":126652719,"name":"旧東海道","highway":"tertiary","role":null},"geometry":{"type":"LineString","coordinates":[[138.2507414,34.8662817],[138.2504806,34.865448]]}},{"type":"Feature","properties":{"id":126652813,"name":"旧東海道","highway":"tertiary","role":null},"geometry":{"type":"LineString","coordinates":[[138.2682182,34.877175],[138.2673683,34.8766977],[138.2667773,34.8763357]]}},{"type":"Feature","properties":{"id":126653054,"name":"旧東海道","highway":"tertiary","role":null},"geometry":{"type":"LineString","coordinates":[[138.2699577,34.8782126],[138.2696501,34.8779898],[138.2695213,34.8779042],[138.2692746,34.877763]]}},{"type":"Feature","properties":{"id":126653557,"name":"旧東海道","highway":"tertiary","role":null},"geometry":{"type":"LineString","coordinates":[[138.2639217,34.8745261],[138.2641844,34.8746476],[138.2644385,34.8747854]]}},{"type":"Feature","properties":{"id":126653647,"name":"旧東海道","highway":"unclassified","role":null},"geometry":{"type":"LineString","coordinates":[[138.2821964,34.893721],[138.2822639,34.8934786],[138.2821244,34.8929936]]}},{"type":"Feature","properties":{"id":126653732,"name":"旧東海道","highway":"secondary","role":null},"geometry":{"type":"LineString","coordinates":[[138.2738716,34.8816644],[138.2741684,34.8816455],[138.2743187,34.8816312],[138.2744381,34.8816123],[138.2745745,34.8815867],[138.2747384,34.8815453],[138.2748487,34.8815149],[138.2749036,34.8814978],[138.274994,34.8814653],[138.275116,34.8814148],[138.2752871,34.8813357],[138.2755742,34.8811874],[138.2758716,34.8816596],[138.2761467,34.8820964],[138.2761693,34.8821323],[138.2763923,34.8824653],[138.2764555,34.8825596],[138.2765716,34.8827403],[138.2767025,34.8830149],[138.276756,34.8831274],[138.2768351,34.8832325],[138.2768808,34.8832798],[138.2768939,34.8832934],[138.2770282,34.8833854],[138.2771755,34.8834761],[138.2777906,34.8837674],[138.2779284,34.8838564],[138.2780518,34.8839454],[138.2784553,34.8842807],[138.2786999,34.8844804],[138.278932,34.8846606],[138.2791617,34.8848545],[138.2794878,34.885121],[138.2798092,34.8853571],[138.2804157,34.8857858],[138.2806248,34.8859394]]}},{"type":"Feature","properties":{"id":126654078,"name":"旧東海道","highway":"tertiary","role":null},"geometry":{"type":"LineString","coordinates":[[138.251784,34.868805],[138.2519186,34.8691465]]}},{"type":"Feature","properties":{"id":126654096,"name":"旧東海道","highway":"tertiary","role":null},"geometry":{"type":"LineString","coordinates":[[138.2703739,34.8786083],[138.2701136,34.8783591],[138.2699577,34.8782126]]}},{"type":"Feature","properties":{"id":126654191,"name":"旧東海道","highway":"tertiary","role":null},"geometry":{"type":"LineString","coordinates":[[138.2441781,34.8521399],[138.24415,34.8521001],[138.2439667,34.851784],[138.2436536,34.85125],[138.2435087,34.8510175],[138.2433658,34.8508156],[138.2432834,34.8507086],[138.2429928,34.8503398],[138.2427886,34.8500415],[138.2427743,34.8500207],[138.242758,34.8499974],[138.2426635,34.8498625],[138.2423114,34.8495806],[138.2419506,34.8493085],[138.2418946,34.8492663],[138.241532,34.84903]]}},{"type":"Feature","properties":{"id":126654704,"name":"旧東海道","highway":"tertiary","role":null},"geometry":{"type":"LineString","coordinates":[[138.2501237,34.8645369],[138.2502009,34.8646882],[138.2502769,34.8648443],[138.2504589,34.865382]]}},{"type":"Feature","properties":{"id":126654918,"name":"旧東海道","highway":"tertiary","role":null},"geometry":{"type":"LineString","coordinates":[[138.2667773,34.8763357],[138.2654498,34.8754702]]}},{"type":"Feature","properties":{"id":126655182,"name":"旧東海道","highway":"residential","role":null},"geometry":{"type":"LineString","coordinates":[[138.2835022,34.9207769],[138.2833041,34.9207972],[138.2829444,34.9207944],[138.2825015,34.9207671],[138.2824826,34.9206646]]}},{"type":"Feature","properties":{"id":126655379,"name":"旧東海道","highway":"pedestrian","role":null},"geometry":{"type":"LineString","coordinates":[[138.2737242,34.8816166],[138.2737223,34.8815957],[138.2727169,34.8803811],[138.2725876,34.8804374],[138.2725297,34.8804626]]}},{"type":"Feature","properties":{"id":126655794,"name":"旧東海道","highway":"tertiary","role":null},"geometry":{"type":"LineString","coordinates":[[138.2492205,34.8629172],[138.249297,34.8631085],[138.2493906,34.8632978],[138.249506,34.8634936],[138.2496697,34.8637711]]}},{"type":"Feature","properties":{"id":126655796,"name":"旧東海道","highway":"tertiary","role":null},"geometry":{"type":"LineString","coordinates":[[138.251089,34.8672335],[138.251325,34.8677379],[138.251593,34.8683178],[138.2516133,34.8683691],[138.251784,34.868805]]}},{"type":"Feature","properties":{"id":126656218,"name":"旧東海道","highway":"unclassified","role":null},"geometry":{"type":"LineString","coordinates":[[138.3002561,34.9246407],[138.300152,34.9247135],[138.3000405,34.9247834],[138.2999428,34.9248449]]}},{"type":"Feature","properties":{"id":126656781,"name":"旧東海道","highway":"tertiary","role":null},"geometry":{"type":"LineString","coordinates":[[138.2646822,34.8749639],[138.2654498,34.8754702]]}},{"type":"Feature","properties":{"id":126656876,"name":"旧東海道","highway":"residential","role":null},"geometry":{"type":"LineString","coordinates":[[138.3029527,34.929267],[138.3030264,34.9293145],[138.3031498,34.9293353],[138.3034553,34.9294843],[138.3036957,34.9295788]]}},{"type":"Feature","properties":{"id":126657174,"name":"旧東海道","highway":"tertiary","role":null},"geometry":{"type":"LineString","coordinates":[[138.2490123,34.8612929],[138.2491244,34.86253],[138.249153,34.8626999],[138.2492205,34.8629172]]}},{"type":"Feature","properties":{"id":126657434,"name":"旧東海道","highway":"unclassified","role":null},"geometry":{"type":"LineString","coordinates":[[138.2805325,34.8911658],[138.2810395,34.8915915],[138.2812455,34.8917715],[138.2816897,34.8921961],[138.2818909,34.8924293],[138.2820239,34.8926387],[138.2820738,34.8927971],[138.2820865,34.8928387]]}},{"type":"Feature","properties":{"id":126657671,"name":"旧東海道","highway":"unclassified","role":null},"geometry":{"type":"LineString","coordinates":[[138.3027862,34.9289329],[138.3027536,34.9288452],[138.3026214,34.9283939],[138.3025572,34.9283415],[138.3024807,34.9283277],[138.3024389,34.9283368]]}},{"type":"Feature","properties":{"id":128171484,"name":"旧東海道","highway":"unclassified","role":null},"geometry":{"type":"LineString","coordinates":[[138.3309397,34.9465275],[138.3308214,34.9464369],[138.33071,34.9463132],[138.3306158,34.946215],[138.330556,34.9461465],[138.33051,34.9460672],[138.3304707,34.9459902]]}},{"type":"Feature","properties":{"id":128176350,"name":"旧東海道","highway":"unclassified","role":null},"geometry":{"type":"LineString","coordinates":[[138.3297766,34.9451363],[138.3299336,34.9450188],[138.3300246,34.9449806],[138.330103,34.944947],[138.3301836,34.944908],[138.3302407,34.9448831]]}},{"type":"Feature","properties":{"id":128178252,"name":"旧東海道","highway":"footway","role":null},"geometry":{"type":"LineString","coordinates":[[138.302965,34.932569],[138.3029353,34.9326226],[138.3029031,34.9326973],[138.3028655,34.9327633],[138.3028119,34.93286],[138.3027851,34.9329348],[138.3027958,34.9330052],[138.3027907,34.9330937],[138.3028068,34.9332389],[138.3028604,34.9333312],[138.3030053,34.9334016],[138.3030868,34.9334281],[138.3032306,34.9335071],[138.3033339,34.9336358],[138.3034864,34.9337427],[138.3035615,34.9338152],[138.3035776,34.9338592],[138.3035669,34.9339054],[138.3033979,34.9339933],[138.3032531,34.9341539],[138.3030519,34.9344199],[138.3030492,34.9345629],[138.3031458,34.9347806],[138.3031645,34.9349653],[138.3031324,34.935007],[138.3029178,34.9350884],[138.3028628,34.9351621],[138.3030465,34.9352775],[138.3030733,34.9353149],[138.303068,34.9353589],[138.3029795,34.935394],[138.3029755,34.935411],[138.3030199,34.9354805]]}},{"type":"Feature","properties":{"id":128180004,"name":"旧東海道","highway":"unclassified","role":null},"geometry":{"type":"LineString","coordinates":[[138.3030199,34.9354805],[138.3030857,34.9354685],[138.3031548,34.9354533]]}},{"type":"Feature","properties":{"id":128180005,"name":"旧東海道","highway":"residential","role":null},"geometry":{"type":"LineString","coordinates":[[138.305459,34.9366351],[138.3053966,34.9365769],[138.3049165,34.9364781]]}},{"type":"Feature","properties":{"id":128181620,"name":"藤枝静岡線","highway":"secondary","role":null},"geometry":{"type":"LineString","coordinates":[[138.3077278,34.9373751],[138.3072371,34.9376586],[138.3071371,34.937692],[138.3070382,34.9377121],[138.3069133,34.9377057],[138.3068097,34.9376719],[138.3067128,34.937595],[138.3066526,34.9375097],[138.3066465,34.9374144],[138.3066703,34.9373259],[138.3067132,34.9372469]]}},{"type":"Feature","properties":{"id":128247530,"name":"藤枝静岡線","highway":"secondary","role":null},"geometry":{"type":"LineString","coordinates":[[138.3376311,34.9500634],[138.3375605,34.9500478],[138.3374766,34.950036],[138.3373437,34.9500283],[138.3371754,34.9500148],[138.3362733,34.9499134],[138.3357122,34.9498569],[138.3353192,34.9498422],[138.3351298,34.9498422],[138.3350697,34.9498422],[138.3348469,34.9498527],[138.3344215,34.9498679],[138.3339572,34.9498884],[138.3337859,34.9498888],[138.3336097,34.9498912],[138.3334775,34.9498665],[138.3333903,34.9498277],[138.3333049,34.9497909],[138.3332492,34.9497404],[138.3332174,34.949688],[138.3331788,34.9495936],[138.3329767,34.9491382],[138.3329066,34.9489523],[138.3327846,34.9485165],[138.332723,34.9482787],[138.3326813,34.9481523],[138.3326318,34.9480372],[138.332558,34.9479006],[138.3324737,34.9477736],[138.3323835,34.9476832],[138.3322574,34.9475625],[138.3321427,34.9474718],[138.3320125,34.9473763],[138.3317231,34.9472067],[138.3313856,34.9469495],[138.3312591,34.9468473],[138.3310793,34.94666],[138.3310197,34.9465979],[138.3309397,34.9465275]]}},{"type":"Feature","properties":{"id":128247535,"name":"藤枝静岡線","highway":"secondary","role":null},"geometry":{"type":"LineString","coordinates":[[138.337884,34.9501419],[138.3376311,34.9500634]]}},{"type":"Feature","properties":{"id":128479201,"name":"国道1号","highway":"trunk","role":null},"geometry":{"type":"LineString","coordinates":[[138.5049635,35.045192],[138.5047206,35.0452279]]}},{"type":"Feature","properties":{"id":128502577,"name":"旧東海道","highway":"tertiary","role":null},"geometry":{"type":"LineString","coordinates":[[138.4876862,35.0288478],[138.4882895,35.0301358],[138.4884213,35.0304093],[138.4885751,35.0307154],[138.488821,35.0311093],[138.4888693,35.0311675],[138.4889068,35.0311893],[138.4889538,35.0311993],[138.4889916,35.0312084],[138.4890342,35.0312251],[138.4890701,35.031252],[138.4891156,35.0312933],[138.4891459,35.0313306],[138.4891667,35.0313725],[138.4891937,35.031443],[138.4892135,35.0314906],[138.4892301,35.0315273],[138.4892533,35.0315473],[138.489285,35.0315524]]}},{"type":"Feature","properties":{"id":128504927,"name":"旧東海道","highway":"tertiary","role":null},"geometry":{"type":"LineString","coordinates":[[138.430387,34.9926119],[138.430096,34.9929369],[138.4298855,34.9931493]]}},{"type":"Feature","properties":{"id":128595183,"name":"旧東海道","highway":"tertiary","role":null},"geometry":{"type":"LineString","coordinates":[[138.4436253,35.0012141],[138.4437156,35.0011228],[138.4438067,35.0010229]]}},{"type":"Feature","properties":{"id":128638850,"name":"市場福岡線","highway":"secondary","role":null},"geometry":{"type":"LineString","coordinates":[[137.229788,34.9079011],[137.2296101,34.9080099],[137.2294616,34.9081177],[137.229304,34.9082599],[137.2291962,34.9083871],[137.2291082,34.9085347],[137.2288874,34.9089765],[137.2288017,34.9090964],[137.2287042,34.9091937],[137.2286007,34.909238],[137.2283494,34.9093327],[137.2271066,34.909781],[137.22652,34.9099839],[137.2252482,34.9104025],[137.2248571,34.9105362],[137.2244318,34.9106901],[137.2239168,34.9108696],[137.2235889,34.9109612],[137.22348,34.9109897],[137.2223622,34.911282],[137.2216906,34.9113296],[137.2211639,34.9114671],[137.2210865,34.9114825]]}},{"type":"Feature","properties":{"id":128638864,"name":"市場福岡線","highway":"secondary","role":null},"geometry":{"type":"LineString","coordinates":[[137.22996,34.907876],[137.229788,34.9079011]]}},{"type":"Feature","properties":{"id":128639515,"name":"旧東海道","highway":"unclassified","role":null},"geometry":{"type":"LineString","coordinates":[[137.2091969,34.9180039],[137.2095645,34.9176685],[137.2108424,34.9167407],[137.2116172,34.916181],[137.2122912,34.9155962]]}},{"type":"Feature","properties":{"id":128640294,"name":"旧東海道","highway":"unclassified","role":null},"geometry":{"type":"LineString","coordinates":[[137.2457888,34.8983719],[137.2455499,34.8984115],[137.2451926,34.8984896],[137.2448065,34.8985658],[137.2444179,34.8986273],[137.2439448,34.8987149],[137.2436374,34.8987761],[137.2433999,34.8989032],[137.2431403,34.8990232],[137.2427604,34.8992253],[137.2424909,34.899363],[137.2422725,34.8994594],[137.2418979,34.899615]]}},{"type":"Feature","properties":{"id":128641259,"name":"旧東海道","highway":"tertiary","role":null},"geometry":{"type":"LineString","coordinates":[[137.2017758,34.9248617],[137.2016614,34.9249444],[137.2014216,34.9250952],[137.2013423,34.9251409],[137.2009165,34.9252333]]}},{"type":"Feature","properties":{"id":128641818,"name":"旧東海道","highway":"residential","role":null},"geometry":{"type":"LineString","coordinates":[[137.1759452,34.955881],[137.1756231,34.9551917]]}},{"type":"Feature","properties":{"id":128641821,"name":"旧東海道","highway":"unclassified","role":null},"geometry":{"type":"LineString","coordinates":[[137.2020356,34.9247033],[137.2020706,34.924671],[137.2027215,34.9242814],[137.2028242,34.924303]]}},{"type":"Feature","properties":{"id":128641888,"name":"旧東海道","highway":"unclassified","role":null},"geometry":{"type":"LineString","coordinates":[[137.2017758,34.9248617],[137.2020356,34.9247033]]}},{"type":"Feature","properties":{"id":128642322,"name":"旧東海道","highway":"unclassified","role":null},"geometry":{"type":"LineString","coordinates":[[137.2605091,34.8914176],[137.2605956,34.891359],[137.2606212,34.8913417]]}},{"type":"Feature","properties":{"id":128642416,"name":"旧東海道","highway":"unclassified","role":null},"geometry":{"type":"LineString","coordinates":[[137.2536157,34.8948055],[137.2539183,34.8946923]]}},{"type":"Feature","properties":{"id":128642729,"name":"旧東海道","highway":"residential","role":null},"geometry":{"type":"LineString","coordinates":[[137.1958582,34.9314743],[137.1959267,34.9312146]]}},{"type":"Feature","properties":{"id":128642956,"name":"旧東海道","highway":"unclassified","role":null},"geometry":{"type":"LineString","coordinates":[[137.236898,34.9022958],[137.2370158,34.902172]]}},{"type":"Feature","properties":{"id":128644048,"name":"旧東海道","highway":"tertiary","role":null},"geometry":{"type":"LineString","coordinates":[[137.1937823,34.9413957],[137.193683,34.9414722],[137.1932412,34.9418258],[137.1930391,34.9419746],[137.1927619,34.9421655]]}},{"type":"Feature","properties":{"id":128644060,"name":"旧東海道","highway":"unclassified","role":null},"geometry":{"type":"LineString","coordinates":[[137.2591926,34.8923849],[137.2596022,34.8920406],[137.2599442,34.8917632]]}},{"type":"Feature","properties":{"id":128644180,"name":"旧東海道","highway":"tertiary","role":null},"geometry":{"type":"LineString","coordinates":[[137.1834953,34.9490941],[137.1834633,34.9491572],[137.183446,34.9492255],[137.1834065,34.9494324],[137.1833932,34.9494735],[137.1833422,34.9496458],[137.1832832,34.9497589],[137.1831479,34.949926],[137.1829959,34.9500717],[137.1828622,34.9501861],[137.1826864,34.9503396],[137.182573,34.9504294],[137.1821816,34.95074],[137.1820158,34.9508651],[137.1819723,34.9509255],[137.1815635,34.9514283],[137.181472,34.951611],[137.1813808,34.9516834]]}},{"type":"Feature","properties":{"id":128644301,"name":"旧東海道","highway":"unclassified","role":null},"geometry":{"type":"LineString","coordinates":[[137.2409987,34.8999758],[137.2410179,34.8999679],[137.2415024,34.8997688],[137.2418979,34.899615]]}},{"type":"Feature","properties":{"id":128644543,"name":"旧東海道","highway":"unclassified","role":null},"geometry":{"type":"LineString","coordinates":[[137.2356693,34.903235],[137.23599,34.903024],[137.2360827,34.9029507]]}},{"type":"Feature","properties":{"id":128644641,"name":"旧東海道","highway":"unclassified","role":null},"geometry":{"type":"LineString","coordinates":[[137.2351697,34.9034375],[137.2352568,34.9034732],[137.2354124,34.9034109],[137.2356693,34.903235]]}},{"type":"Feature","properties":{"id":128644715,"name":"旧東海道","highway":"unclassified","role":null},"geometry":{"type":"LineString","coordinates":[[137.2606212,34.8913417],[137.2613046,34.8908557]]}},{"type":"Feature","properties":{"id":128645018,"name":"旧東海道","highway":"unclassified","role":null},"geometry":{"type":"LineString","coordinates":[[137.2122912,34.9155962],[137.2124366,34.9154049]]}},{"type":"Feature","properties":{"id":128645087,"name":"旧東海道","highway":"unclassified","role":null},"geometry":{"type":"LineString","coordinates":[[137.2605091,34.8914176],[137.2601537,34.891635],[137.2599442,34.8917632]]}},{"type":"Feature","properties":{"id":128645091,"name":"旧東海道","highway":"unclassified","role":null},"geometry":{"type":"LineString","coordinates":[[137.2360827,34.9029507],[137.23657,34.902568],[137.236898,34.9022958]]}},{"type":"Feature","properties":{"id":128645101,"name":"旧東海道","highway":"unclassified","role":null},"geometry":{"type":"LineString","coordinates":[[137.2591926,34.8923849],[137.2590144,34.8925248],[137.2588655,34.8926417],[137.2584204,34.8930018]]}},{"type":"Feature","properties":{"id":128646075,"name":"旧東海道","highway":"unclassified","role":null},"geometry":{"type":"LineString","coordinates":[[137.1949464,34.9353231],[137.1949609,34.9353982],[137.1950682,34.9356983],[137.1951579,34.9359678],[137.1953406,34.9363893]]}},{"type":"Feature","properties":{"id":128646334,"name":"旧東海道","highway":"unclassified","role":null},"geometry":{"type":"LineString","coordinates":[[137.1949464,34.9353231],[137.1949486,34.9352839],[137.1949461,34.9351665],[137.1949845,34.9350817]]}},{"type":"Feature","properties":{"id":128646492,"name":"旧東海道","highway":"unclassified","role":null},"geometry":{"type":"LineString","coordinates":[[137.19565,34.937141],[137.195574,34.936938],[137.1953406,34.9363893]]}},{"type":"Feature","properties":{"id":128646587,"name":"旧東海道","highway":"unclassified","role":null},"geometry":{"type":"LineString","coordinates":[[137.238062,34.9015321],[137.2389165,34.9010561],[137.2391781,34.9009271],[137.2394819,34.9007832]]}},{"type":"Feature","properties":{"id":128646668,"name":"旧東海道","highway":"tertiary","role":null},"geometry":{"type":"LineString","coordinates":[[137.1927619,34.9421655],[137.1924074,34.9424424],[137.1922072,34.9425641]]}},{"type":"Feature","properties":{"id":128647295,"name":"旧東海道","highway":"tertiary","role":null},"geometry":{"type":"LineString","coordinates":[[137.1949459,34.9399606],[137.1951124,34.9396918],[137.195198,34.9395554],[137.1952549,34.9394336],[137.1953287,34.9392702],[137.1954541,34.9389611],[137.1955221,34.9387723],[137.1956635,34.9383949],[137.1957092,34.9382277],[137.1957781,34.9379423]]}},{"type":"Feature","properties":{"id":128647319,"name":"旧東海道","highway":"unclassified","role":null},"geometry":{"type":"LineString","coordinates":[[137.2613046,34.8908557],[137.2614233,34.8907516],[137.2615917,34.8906038],[137.2618416,34.8903801],[137.2619015,34.8903294],[137.2619874,34.8902567],[137.2621964,34.8900604],[137.2626469,34.8895945],[137.2628057,34.8894258],[137.2629898,34.8892002]]}},{"type":"Feature","properties":{"id":128647378,"name":"旧東海道","highway":"unclassified","role":null},"geometry":{"type":"LineString","coordinates":[[137.2090619,34.9183728],[137.2089986,34.9183117],[137.2089829,34.9182593],[137.209011,34.9181943],[137.2091969,34.9180039]]}},{"type":"Feature","properties":{"id":128647461,"name":"旧東海道","highway":"unclassified","role":null},"geometry":{"type":"LineString","coordinates":[[137.2124366,34.9154049],[137.2124852,34.9153656],[137.2125336,34.9153263],[137.21259,34.915269],[137.2130353,34.9148239]]}},{"type":"Feature","properties":{"id":128647527,"name":"旧東海道","highway":"unclassified","role":null},"geometry":{"type":"LineString","coordinates":[[137.2584204,34.8930018],[137.2582171,34.8931844],[137.2580245,34.8933175],[137.257608,34.893551],[137.2574538,34.89362],[137.2573234,34.8936601],[137.2571169,34.8937142],[137.2569562,34.8937541],[137.2566248,34.8938363],[137.256302,34.8939163],[137.2562097,34.8939392]]}},{"type":"Feature","properties":{"id":128647594,"name":"旧東海道","highway":"unclassified","role":null},"geometry":{"type":"LineString","coordinates":[[137.238062,34.9015321],[137.2378098,34.9016065],[137.2374203,34.9018381],[137.2371912,34.9020081],[137.2370158,34.902172]]}},{"type":"Feature","properties":{"id":128647622,"name":"旧東海道","highway":"tertiary","role":null},"geometry":{"type":"LineString","coordinates":[[137.1818595,34.9525627],[137.180232,34.9531732]]}},{"type":"Feature","properties":{"id":128648272,"name":"旧東海道","highway":"tertiary","role":null},"geometry":{"type":"LineString","coordinates":[[137.1915453,34.9425908],[137.1916023,34.9426263],[137.1916594,34.9426517],[137.1916986,34.9426495],[137.1922072,34.9425641]]}},{"type":"Feature","properties":{"id":128648370,"name":"旧東海道","highway":"tertiary","role":null},"geometry":{"type":"LineString","coordinates":[[137.1949459,34.9399606],[137.1947982,34.9401627],[137.1942134,34.9408762],[137.194179,34.9409169],[137.1940264,34.941093],[137.1938951,34.9412766],[137.1938336,34.9413432],[137.1937823,34.9413957]]}},{"type":"Feature","properties":{"id":128648421,"name":"旧東海道","highway":"tertiary","role":null},"geometry":{"type":"LineString","coordinates":[[137.1957781,34.9379423],[137.1957923,34.9377149],[137.1957876,34.9375518],[137.1957302,34.9373847],[137.19568,34.937246],[137.19565,34.937141]]}},{"type":"Feature","properties":{"id":128649262,"name":"旧東海道","highway":"residential","role":null},"geometry":{"type":"LineString","coordinates":[[137.1959267,34.9312146],[137.1961231,34.9303998],[137.196274,34.9297403],[137.1962774,34.9297294],[137.1963001,34.9296515],[137.1963407,34.9295827],[137.196894,34.928854],[137.1971733,34.9284733],[137.197351,34.9282478],[137.1983042,34.9270743],[137.198768,34.9266124]]}},{"type":"Feature","properties":{"id":128649264,"name":"旧東海道","highway":"unclassified","role":null},"geometry":{"type":"LineString","coordinates":[[137.2394819,34.9007832],[137.239982,34.9004961],[137.2400338,34.9004688],[137.2406237,34.9001583],[137.2409987,34.8999758]]}},{"type":"Feature","properties":{"id":128649400,"name":"旧東海道","highway":"unclassified","role":null},"geometry":{"type":"LineString","coordinates":[[137.2629898,34.8892002],[137.2630786,34.8891025]]}},{"type":"Feature","properties":{"id":128649445,"name":"旧東海道","highway":"unclassified","role":null},"geometry":{"type":"LineString","coordinates":[[137.1861291,34.9480862],[137.185464,34.9482587],[137.1847002,34.9485062],[137.1843919,34.9486331]]}},{"type":"Feature","properties":{"id":128708795,"name":"国道1号","highway":"trunk","role":null},"geometry":{"type":"LineString","coordinates":[[137.1249548,34.9710018],[137.1250909,34.9709122],[137.1256221,34.9705679],[137.1261166,34.9702247],[137.1267139,34.969789],[137.1270784,34.9695816],[137.1277264,34.9692829],[137.1284065,34.9690505],[137.1284733,34.9690342],[137.1292368,34.9688463],[137.1294753,34.9687836],[137.1306735,34.9684824],[137.1309946,34.9683506],[137.1313421,34.9681375],[137.1318131,34.9677952],[137.1327143,34.9671527],[137.1335985,34.9664587],[137.1343963,34.9659603],[137.1344832,34.9658998],[137.1347801,34.9657511],[137.1352745,34.9655015],[137.1358542,34.9652837],[137.1361727,34.965163],[137.1367453,34.9649459]]}},{"type":"Feature","properties":{"id":128708800,"name":"国道1号","highway":"trunk","role":null},"geometry":{"type":"LineString","coordinates":[[137.1248273,34.9710803],[137.1249548,34.9710018]]}},{"type":"Feature","properties":{"id":128709722,"name":"旧東海道","highway":"unclassified","role":null},"geometry":{"type":"LineString","coordinates":[[137.1394688,34.9646268],[137.1392028,34.9647324],[137.1387465,34.964885],[137.1387147,34.9648956],[137.1383893,34.9649691],[137.1382034,34.9650045],[137.138039,34.9650272],[137.1379111,34.965048],[137.1377617,34.9650671],[137.137543,34.9650625],[137.137322,34.9651082],[137.1370263,34.9651294],[137.1367453,34.9649459]]}},{"type":"Feature","properties":{"id":128710234,"name":"旧東海道","highway":"unclassified","role":null},"geometry":{"type":"LineString","coordinates":[[137.162127,34.9602769],[137.1621469,34.9606356],[137.1621394,34.9609351]]}},{"type":"Feature","properties":{"id":128710491,"name":"総門通り","highway":"unclassified","role":null},"geometry":{"type":"LineString","coordinates":[[137.1669477,34.958028],[137.1671753,34.9579883],[137.1676533,34.9578804]]}},{"type":"Feature","properties":{"id":128710501,"name":"旧東海道","highway":"unclassified","role":null},"geometry":{"type":"LineString","coordinates":[[137.1415032,34.9634162],[137.1418095,34.9632148],[137.1418684,34.9631761]]}},{"type":"Feature","properties":{"id":128710790,"name":"旧東海道","highway":"unclassified","role":null},"geometry":{"type":"LineString","coordinates":[[137.1459468,34.9610871],[137.1462897,34.9609344],[137.1463815,34.9608846],[137.1468579,34.9606618]]}},{"type":"Feature","properties":{"id":128710797,"name":"旧東海道","highway":"tertiary","role":null},"geometry":{"type":"LineString","coordinates":[[137.1705353,34.9575302],[137.1713344,34.9572847],[137.1715204,34.9572291],[137.1719757,34.9570944],[137.1731979,34.9567116],[137.1740093,34.9564723]]}},{"type":"Feature","properties":{"id":128710943,"name":"木まち通り","highway":"tertiary","role":null},"geometry":{"type":"LineString","coordinates":[[137.1584253,34.9619335],[137.1589588,34.9618565],[137.1597161,34.9617472],[137.160274,34.9616667]]}},{"type":"Feature","properties":{"id":128710997,"name":"旧東海道","highway":"unclassified","role":null},"geometry":{"type":"LineString","coordinates":[[137.1450726,34.9614904],[137.1443942,34.9618147],[137.1442969,34.9618542],[137.1442334,34.9618903]]}},{"type":"Feature","properties":{"id":128712513,"name":"旧東海道","highway":"unclassified","role":null},"geometry":{"type":"LineString","coordinates":[[137.1638963,34.9595737],[137.1630883,34.9595564]]}},{"type":"Feature","properties":{"id":128712666,"name":"旧東海道","highway":"tertiary","role":null},"geometry":{"type":"LineString","coordinates":[[137.1579129,34.9601869],[137.1579828,34.9601836]]}},{"type":"Feature","properties":{"id":128713983,"name":"旧東海道","highway":"unclassified","role":null},"geometry":{"type":"LineString","coordinates":[[137.1690709,34.9579675],[137.1688205,34.9574895]]}},{"type":"Feature","properties":{"id":128714510,"name":"八丁往還通り","highway":"unclassified","role":null},"geometry":{"type":"LineString","coordinates":[[137.1516852,34.957119],[137.1528488,34.9568501]]}},{"type":"Feature","properties":{"id":128714738,"name":"旧東海道","highway":"unclassified","role":null},"geometry":{"type":"LineString","coordinates":[[137.1621394,34.9609351],[137.1621633,34.9616576]]}},{"type":"Feature","properties":{"id":128715072,"name":"旧東海道","highway":"unclassified","role":null},"geometry":{"type":"LineString","coordinates":[[137.1513085,34.9584944],[137.1514154,34.9587089]]}},{"type":"Feature","properties":{"id":128716465,"name":"旧東海道","highway":"unclassified","role":null},"geometry":{"type":"LineString","coordinates":[[137.1468579,34.9606618],[137.146919,34.9606291],[137.1476649,34.9602939],[137.1479454,34.9601636]]}},{"type":"Feature","properties":{"id":128716873,"name":"八丁往還通り","highway":"unclassified","role":null},"geometry":{"type":"LineString","coordinates":[[137.1507485,34.95731],[137.1513595,34.9571737],[137.1516098,34.9571327],[137.1516852,34.957119]]}},{"type":"Feature","properties":{"id":128717321,"name":"旧東海道","highway":"unclassified","role":null},"geometry":{"type":"LineString","coordinates":[[137.1450726,34.9614904],[137.1452203,34.9614215],[137.1458637,34.961133],[137.1459468,34.9610871]]}},{"type":"Feature","properties":{"id":128718615,"name":"松葉通り","highway":"tertiary","role":null},"geometry":{"type":"LineString","coordinates":[[137.1544484,34.9565586],[137.1538245,34.9567217],[137.153168,34.956816]]}},{"type":"Feature","properties":{"id":128718774,"name":"板屋本通り","highway":"unclassified","role":null},"geometry":{"type":"LineString","coordinates":[[137.1561085,34.9570341],[137.1561432,34.9562276]]}},{"type":"Feature","properties":{"id":128718875,"name":"総門通り","highway":"unclassified","role":null},"geometry":{"type":"LineString","coordinates":[[137.1676533,34.9578804],[137.167777,34.9578266],[137.1681514,34.9577143],[137.1683353,34.9576552],[137.1688205,34.9574895]]}},{"type":"Feature","properties":{"id":128719309,"name":"旧東海道・八帖往還通り","highway":"unclassified","role":null},"geometry":{"type":"LineString","coordinates":[[137.1513085,34.9584944],[137.1507485,34.95731]]}},{"type":"Feature","properties":{"id":128719800,"name":"旧東海道","highway":"unclassified","role":null},"geometry":{"type":"LineString","coordinates":[[137.1561085,34.9570341],[137.1560829,34.9574677],[137.1560432,34.9574984],[137.1560421,34.9575724],[137.1560364,34.9575938],[137.1560258,34.9578881],[137.1560248,34.9581572],[137.1560341,34.958424],[137.1560355,34.9584654]]}},{"type":"Feature","properties":{"id":128720056,"name":"旧東海道","highway":"unclassified","role":null},"geometry":{"type":"LineString","coordinates":[[137.142986,34.9626405],[137.1424613,34.9628887],[137.1420523,34.9630775],[137.1418684,34.9631761]]}},{"type":"Feature","properties":{"id":128720338,"name":"松葉通り","highway":"tertiary","role":null},"geometry":{"type":"LineString","coordinates":[[137.1550149,34.9563954],[137.1549296,34.9564196],[137.1544484,34.9565586]]}},{"type":"Feature","properties":{"id":128720782,"name":"旧東海道","highway":"unclassified","role":null},"geometry":{"type":"LineString","coordinates":[[137.1561432,34.9562276],[137.1554584,34.9563324],[137.1552334,34.9563678],[137.1551574,34.9563798],[137.1550149,34.9563954]]}},{"type":"Feature","properties":{"id":128721289,"name":"旧東海道","highway":"unclassified","role":null},"geometry":{"type":"LineString","coordinates":[[137.1394688,34.9646268],[137.140007,34.964368],[137.140213,34.964249],[137.140438,34.964126],[137.1406543,34.9639833],[137.140801,34.963894],[137.1410613,34.9637169],[137.1415032,34.9634162]]}},{"type":"Feature","properties":{"id":128721551,"name":"旧東海道","highway":"unclassified","role":null},"geometry":{"type":"LineString","coordinates":[[137.1442334,34.9618903],[137.1436983,34.9621499],[137.1434844,34.9623043],[137.142986,34.9626405]]}},{"type":"Feature","properties":{"id":129732471,"name":"旧東海道","highway":"residential","role":null},"geometry":{"type":"LineString","coordinates":[[138.3040309,34.9356257],[138.3039819,34.9356435],[138.3039192,34.9356735],[138.3038422,34.9357],[138.3036444,34.9357163],[138.3035392,34.9357303],[138.3034392,34.9357585],[138.3033729,34.9357743],[138.3033292,34.9357768],[138.3032361,34.9357802],[138.3032929,34.9357281],[138.3033499,34.9357018],[138.3034985,34.9356334],[138.3035919,34.9355844],[138.3036522,34.9355378],[138.3037165,34.9354622],[138.3037414,34.9354118]]}},{"type":"Feature","properties":{"id":129732473,"name":"旧東海道","highway":"residential","role":null},"geometry":{"type":"LineString","coordinates":[[138.3049165,34.9364781],[138.3048463,34.9364371]]}},{"type":"Feature","properties":{"id":130423364,"name":"湯本元箱根線","highway":"secondary","role":null},"geometry":{"type":"LineString","coordinates":[[139.0729639,35.2195255],[139.0727851,35.2194935],[139.072717,35.2194995],[139.0726734,35.2195105],[139.072621,35.2195435],[139.0725786,35.2195993],[139.0725593,35.2196646],[139.0725539,35.219735],[139.0725641,35.2198092],[139.0725962,35.2200076],[139.0726025,35.2200783],[139.0725937,35.2201371],[139.0725715,35.2201921],[139.0725368,35.2202399],[139.0725015,35.2202747],[139.072443,35.2203015],[139.0723763,35.2203125],[139.0723096,35.220308],[139.072245,35.2202871],[139.0721834,35.2202527],[139.0721391,35.2202089],[139.0720938,35.2201447],[139.0720383,35.2200441],[139.0718143,35.2196199],[139.0717427,35.2195219],[139.0708994,35.2186246],[139.0706816,35.2184414],[139.0700626,35.218067],[139.0699529,35.2179978],[139.06988,35.2179519],[139.0696929,35.2178234]]}},{"type":"Feature","properties":{"id":130423384,"name":"湯本元箱根線","highway":"secondary","role":null},"geometry":{"type":"LineString","coordinates":[[139.0589015,35.2092524],[139.0588102,35.2089118],[139.0588006,35.208876],[139.0587721,35.2088244],[139.058723,35.2087944],[139.0586694,35.2087799],[139.0585983,35.2087874]]}},{"type":"Feature","properties":{"id":130423392,"name":"神奈川県道732号湯本元箱根線","highway":"secondary","role":null},"geometry":{"type":"LineString","coordinates":[[139.0833111,35.2224528],[139.0831522,35.2223863],[139.0830945,35.2223757],[139.0830422,35.2223738],[139.0829586,35.2223765],[139.0827688,35.2224023],[139.0826779,35.2224079],[139.0826003,35.2223974],[139.0824824,35.2223651],[139.0823735,35.2223295],[139.0817421,35.2221088],[139.0815178,35.2220537],[139.0811229,35.2219703],[139.0808598,35.2219357],[139.080517,35.2219161],[139.0803474,35.2219069],[139.0802866,35.2219025],[139.0802198,35.2218941],[139.080164,35.2218844]]}},{"type":"Feature","properties":{"id":130423396,"name":"神奈川県道732号湯本元箱根線","highway":"secondary","role":null},"geometry":{"type":"LineString","coordinates":[[139.0834029,35.2224947],[139.0833111,35.2224528]]}},{"type":"Feature","properties":{"id":130423400,"name":"神奈川県道732号湯本元箱根線","highway":"secondary","role":null},"geometry":{"type":"LineString","coordinates":[[139.0732455,35.219566],[139.0729639,35.2195255]]}},{"type":"Feature","properties":{"id":130423403,"name":"神奈川県道732号湯本元箱根線","highway":"secondary","role":null},"geometry":{"type":"LineString","coordinates":[[139.0590284,35.2094169],[139.0589794,35.2093911],[139.0589519,35.2093607],[139.0589252,35.209325],[139.0589015,35.2092524]]}},{"type":"Feature","properties":{"id":130423568,"name":"旧東海道","highway":"path","role":null},"geometry":{"type":"LineString","coordinates":[[139.0623664,35.2114056],[139.0623213,35.2113409],[139.0622813,35.2112687],[139.0622266,35.2111842],[139.0621294,35.211117],[139.0619621,35.2110414],[139.0619296,35.2109783],[139.0619463,35.2108551],[139.0618991,35.2107718]]}},{"type":"Feature","properties":{"id":130424411,"name":"旧東海道","highway":"path","role":null},"geometry":{"type":"LineString","coordinates":[[139.0617536,35.2106775],[139.0618991,35.2107718]]}},{"type":"Feature","properties":{"id":130424463,"name":"旧東海道","highway":"path","role":null},"geometry":{"type":"LineString","coordinates":[[139.0441957,35.2034285],[139.0443119,35.2034219],[139.0445514,35.2033928],[139.0446307,35.2033765],[139.0447729,35.2032843],[139.0449013,35.203189],[139.045218,35.2029814],[139.0454225,35.2028922],[139.0454922,35.202867],[139.0457342,35.2028035],[139.0461487,35.2027144],[139.0467187,35.2026054],[139.046994,35.2025691],[139.0471288,35.2025631],[139.0473883,35.2025427],[139.0476302,35.2025157],[139.0480547,35.2024027],[139.0484743,35.202318],[139.048529,35.2023114],[139.048828,35.2023774],[139.0490379,35.2024166],[139.0491365,35.2024417],[139.0494129,35.2024906],[139.0494387,35.2024952],[139.0495271,35.2024997],[139.0496136,35.2024878],[139.0497036,35.2024636],[139.0498068,35.2024633],[139.050411,35.2025535],[139.0506985,35.2026187],[139.0508218,35.2026465],[139.0508435,35.2026433],[139.0508915,35.2025028]]}},{"type":"Feature","properties":{"id":130430784,"name":"旧東海道","highway":"path","role":null},"geometry":{"type":"LineString","coordinates":[[139.0564806,35.206144],[139.0564599,35.2061219],[139.0564136,35.2060511],[139.056293,35.2058689],[139.0561414,35.2057113],[139.0560446,35.2055905],[139.0559684,35.2056017],[139.0559043,35.2055913],[139.0558262,35.2055521],[139.0557652,35.2054872],[139.055731,35.2054593],[139.0556858,35.2054399],[139.0556591,35.2054162],[139.0552494,35.2051586],[139.0551608,35.2051002]]}},{"type":"Feature","properties":{"id":130431285,"name":"旧東海道","highway":"unclassified","role":null},"geometry":{"type":"LineString","coordinates":[[139.127654,35.246153],[139.1275669,35.2461041],[139.127505,35.2460633],[139.1274523,35.2460226],[139.1273471,35.2458985],[139.1272773,35.2457987],[139.1271975,35.2456728],[139.1271476,35.2455733],[139.1271078,35.2454745],[139.1270876,35.2454278],[139.1270319,35.2453818],[139.1269058,35.2452465],[139.1267806,35.2451554],[139.1264816,35.2449818],[139.1262026,35.2448302],[139.1259094,35.2446393],[139.12584,35.2445788],[139.1256863,35.2444974],[139.1254145,35.2443664],[139.1252443,35.2442732],[139.1250242,35.2441165],[139.1248164,35.2439574],[139.1247011,35.2438874],[139.1244224,35.2437167],[139.1241389,35.2435583],[139.1240899,35.2435323],[139.1240284,35.2435112],[139.1239455,35.2434978],[139.1238471,35.243483],[139.1237746,35.2434675],[139.1237206,35.2434432],[139.1235562,35.2433595],[139.1232687,35.2432102],[139.1230494,35.2430978],[139.1229534,35.2430532],[139.1227329,35.2429788],[139.1225741,35.2429396],[139.1224725,35.2428818],[139.1223346,35.242752],[139.1221595,35.2425644],[139.1219799,35.2423485]]}},{"type":"Feature","properties":{"id":130431397,"name":"旧東海道","highway":"path","role":null},"geometry":{"type":"LineString","coordinates":[[139.0348764,35.203748],[139.035316,35.203815],[139.0354127,35.2038305],[139.0354985,35.2038696],[139.0356864,35.2040136],[139.0357154,35.2040215],[139.0357677,35.2040386]]}},{"type":"Feature","properties":{"id":130431537,"name":"旧東海道","highway":"path","role":null},"geometry":{"type":"LineString","coordinates":[[139.0617536,35.2106775],[139.0617141,35.2106671],[139.0616809,35.2105974],[139.0616827,35.2104818],[139.0616761,35.2104293],[139.0616617,35.2103516],[139.0616056,35.2102235],[139.0615388,35.2101019],[139.0614724,35.2099874],[139.0614235,35.2098832],[139.0612583,35.2098445],[139.0611789,35.2098497],[139.0611071,35.2098642],[139.0610477,35.2098806],[139.0610167,35.2098674]]}},{"type":"Feature","properties":{"id":131229299,"name":"国道1号","highway":"trunk","role":null},"geometry":{"type":"LineString","coordinates":[[138.5047206,35.0452279],[138.5045057,35.0452573],[138.5043953,35.0452631],[138.5042828,35.0452643],[138.5040959,35.0452576],[138.5039123,35.0452332],[138.5037256,35.0451928],[138.503559,35.045144],[138.503302,35.0450528],[138.5029155,35.0449156],[138.5028205,35.0448865],[138.5022304,35.0446618],[138.5020566,35.044591],[138.5020226,35.0445772],[138.5009423,35.0441374],[138.5000395,35.0437567],[138.4993374,35.0434023],[138.4991068,35.04328],[138.4988528,35.0431287],[138.4986971,35.0430044],[138.4985337,35.042871],[138.4982958,35.0426369],[138.4981145,35.0424139],[138.4980196,35.0422741],[138.4979841,35.0421937],[138.4979322,35.0420866],[138.4977876,35.0417271],[138.4976594,35.0414326],[138.4975293,35.0411762],[138.4973023,35.0407287],[138.4971522,35.0404048],[138.4971355,35.0403685]]}},{"type":"Feature","properties":{"id":131229306,"name":"国道1号","highway":"trunk","role":null},"geometry":{"type":"LineString","coordinates":[[138.4971355,35.0403685],[138.4969865,35.0400668]]}},{"type":"Feature","properties":{"id":134423671,"name":"旧東海道","highway":"tertiary","role":null},"geometry":{"type":"LineString","coordinates":[[136.613785,34.9605931],[136.613322,34.9603759],[136.6122442,34.959876],[136.6115326,34.9595216],[136.6112793,34.9593954],[136.6111245,34.9593218],[136.6110723,34.9592973],[136.6107761,34.9591551],[136.6104253,34.9589688],[136.6102408,34.9588562],[136.6100782,34.9587496]]}},{"type":"Feature","properties":{"id":135490851,"name":"伝馬町通り","highway":"tertiary","role":null},"geometry":{"type":"LineString","coordinates":[[138.3872383,34.974645],[138.3873464,34.9746452],[138.3874546,34.9746494],[138.3875869,34.9746692],[138.3877092,34.9746882],[138.3878319,34.9747183],[138.3879367,34.9747502],[138.3881091,34.9748024],[138.3882304,34.9748397],[138.388355,34.9748799],[138.389688,34.97533],[138.3906329,34.9756257],[138.3910109,34.9757508],[138.3917257,34.9759873],[138.3924467,34.9762298],[138.3926259,34.9762938],[138.3934791,34.9765925],[138.3944395,34.9769249],[138.3950246,34.9771267],[138.3953372,34.9772345],[138.3955677,34.9773026],[138.3956533,34.9773289],[138.3967504,34.9776572],[138.3968657,34.9776932],[138.397006,34.977737],[138.3975107,34.9777492],[138.3978289,34.9777576],[138.3985747,34.9777426],[138.3989037,34.977729],[138.3989817,34.9777268],[138.3991527,34.9777201],[138.3995764,34.9776945]]}},{"type":"Feature","properties":{"id":135861789,"name":"七間町通り","highway":"tertiary","role":null},"geometry":{"type":"LineString","coordinates":[[138.3802024,34.9724484],[138.3799144,34.971994],[138.3796874,34.9716362]]}},{"type":"Feature","properties":{"id":135861790,"name":"七間町通り","highway":"unclassified","role":null},"geometry":{"type":"LineString","coordinates":[[138.3817796,34.9748781],[138.3814949,34.9744437],[138.3812433,34.9740893]]}},{"type":"Feature","properties":{"id":137216091,"name":"新金谷停車場線","highway":"secondary","role":null},"geometry":{"type":"LineString","coordinates":[[138.131766,34.8261034],[138.1318608,34.8262242]]}},{"type":"Feature","properties":{"id":137216092,"name":"新金谷停車場線","highway":"secondary","role":null},"geometry":{"type":"LineString","coordinates":[[138.1318608,34.8262242],[138.1319995,34.8263959],[138.1320804,34.826489],[138.132164,34.8265699],[138.1322496,34.8266384],[138.1323446,34.8267059],[138.1324378,34.8267583],[138.1325565,34.8268084],[138.1327492,34.8268698],[138.1328977,34.8269152],[138.1330508,34.8269533],[138.1331681,34.8269752],[138.1332888,34.8269893],[138.1334378,34.8269968],[138.1337156,34.8269955]]}},{"type":"Feature","properties":{"id":137306348,"name":"新金谷停車場線","highway":"secondary","role":null},"geometry":{"type":"LineString","coordinates":[[138.1342052,34.8270043],[138.1342586,34.8270062],[138.1349296,34.8270305],[138.1352899,34.8270308],[138.1355476,34.8270103],[138.1358484,34.8269436],[138.1359561,34.8269012]]}},{"type":"Feature","properties":{"id":137306361,"name":"新金谷停車場線","highway":"secondary","role":null},"geometry":{"type":"LineString","coordinates":[[138.1337156,34.8269955],[138.1342052,34.8270043]]}},{"type":"Feature","properties":{"id":137307402,"name":"旧東海道","highway":"unclassified","role":null},"geometry":{"type":"LineString","coordinates":[[138.1418355,34.8274463],[138.1411225,34.8271245],[138.1410977,34.8271132],[138.1406162,34.8269378],[138.1405337,34.8269224],[138.1404943,34.826915],[138.1404031,34.8268979]]}},{"type":"Feature","properties":{"id":139639850,"name":"旧東海道","highway":"residential","role":null},"geometry":{"type":"LineString","coordinates":[[138.3302407,34.9448831],[138.3302187,34.9448279],[138.330127,34.9446457],[138.3297132,34.9442932],[138.3294893,34.9441109],[138.3293116,34.9436153],[138.3290318,34.9433495],[138.3276243,34.9425967],[138.3271576,34.9422915],[138.3268012,34.9421556],[138.3264574,34.9420998],[138.3260776,34.9420514],[138.3258176,34.9420397],[138.3256871,34.941992],[138.3250536,34.9415858],[138.3245059,34.9412414],[138.324266,34.9412017],[138.3238338,34.9412827],[138.3236116,34.9412994],[138.3234312,34.9412541],[138.3231937,34.9411765],[138.3230633,34.9411974],[138.3229891,34.9412472],[138.3229659,34.9413196],[138.3229633,34.9413937],[138.3229797,34.9415589],[138.3229825,34.9416173],[138.3229778,34.9417643],[138.322831,34.9418801],[138.3221597,34.9419511],[138.3219118,34.9417991],[138.3210542,34.9415885],[138.3206713,34.9414294],[138.320394,34.9412691],[138.3202978,34.9412264],[138.3201804,34.9410439],[138.3201968,34.9409847],[138.3202366,34.9409197]]}},{"type":"Feature","properties":{"id":140690110,"name":"旧東海道","highway":"residential","role":null},"geometry":{"type":"LineString","coordinates":[[136.6901495,35.0552677],[136.6897998,35.0553352],[136.6894808,35.0554102],[136.6890474,35.055609],[136.6889172,35.0556687],[136.6887411,35.0557565],[136.6884109,35.0559239],[136.6882975,35.0559783],[136.6879796,35.0561309],[136.6877985,35.0562204],[136.6875702,35.0563301],[136.6872602,35.0564793],[136.6867922,35.0566976],[136.6863353,35.0568367],[136.6859643,35.0569435],[136.6854645,35.057041],[136.6841925,35.057267],[136.6835882,35.0573781],[136.6833616,35.0574097],[136.6818897,35.0576139]]}},{"type":"Feature","properties":{"id":142591773,"name":"旧東海道","highway":"residential","role":null},"geometry":{"type":"LineString","coordinates":[[136.6955378,35.0631639],[136.695772,35.0639646],[136.6959529,35.0647821],[136.6960382,35.0653273],[136.6960427,35.0653462],[136.6960893,35.0656424],[136.6961517,35.0660207],[136.6961795,35.0662205],[136.6962371,35.0665632],[136.6962738,35.0668167],[136.6962875,35.0669025],[136.696384,35.0674649],[136.696474,35.0680341],[136.6965051,35.0682502]]}},{"type":"Feature","properties":{"id":142663084,"name":"七里の渡","highway":null,"role":null},"geometry":{"type":"LineString","coordinates":[[136.6965423,35.0682585],[136.6966689,35.0681863],[136.6968235,35.0680866],[136.6968352,35.0680781],[136.6968232,35.068009],[136.6966762,35.0680368],[136.696511,35.0680435],[136.6965423,35.0682585]]}},{"type":"Feature","properties":{"id":142779830,"name":"旧東海道","highway":"service","role":null},"geometry":{"type":"LineString","coordinates":[[139.4873126,35.3467965],[139.4874757,35.3467205],[139.4876811,35.3466484],[139.4878372,35.3465831],[139.4879669,35.3465177]]}},{"type":"Feature","properties":{"id":142909839,"name":"旧東海道","highway":"tertiary","role":null},"geometry":{"type":"LineString","coordinates":[[138.4736743,35.0150568],[138.4722469,35.0145337],[138.4721695,35.0145054],[138.4710451,35.0141177],[138.4707312,35.0140095],[138.4701298,35.0138027],[138.469643,35.0136434],[138.4695585,35.0136158],[138.4689709,35.0133948]]}},{"type":"Feature","properties":{"id":144111047,"name":"国道1号","highway":"trunk","role":null},"geometry":{"type":"LineString","coordinates":[[137.0090086,35.0415303],[137.0085783,35.0419567]]}},{"type":"Feature","properties":{"id":144111051,"name":"国道1号","highway":"trunk","role":null},"geometry":{"type":"LineString","coordinates":[[137.0066445,35.0441935],[137.0065535,35.0443225]]}},{"type":"Feature","properties":{"id":144111065,"name":"国道1号","highway":"trunk","role":null},"geometry":{"type":"LineString","coordinates":[[137.0085783,35.0419567],[137.0081913,35.0423455],[137.0079751,35.0425626],[137.0076469,35.042912],[137.0076307,35.0429312],[137.0073414,35.0432725],[137.0072182,35.0434344],[137.0070781,35.0436186],[137.0069512,35.0437853],[137.006864,35.0438999],[137.0067713,35.0440217],[137.0066927,35.0441283],[137.0066445,35.0441935]]}},{"type":"Feature","properties":{"id":144111068,"name":"国道1号","highway":"trunk","role":null},"geometry":{"type":"LineString","coordinates":[[137.0065535,35.0443225],[137.0065366,35.0443467],[137.0065166,35.0443732],[137.0063856,35.0445465],[137.0062632,35.0447097],[137.0061,35.0449272],[137.0058721,35.0452285],[137.0057383,35.0454054],[137.0056705,35.0454948],[137.0056034,35.0455834],[137.0054879,35.045736],[137.0054422,35.0457964]]}},{"type":"Feature","properties":{"id":144111295,"name":"旧東海道","highway":"tertiary","role":null},"geometry":{"type":"LineString","coordinates":[[137.013922,35.0375619],[137.0139532,35.0375325],[137.0140625,35.037414],[137.0142085,35.037247],[137.0143082,35.0371275],[137.0144264,35.0369566],[137.0145853,35.0366831],[137.0147069,35.0364539],[137.0149043,35.0360626],[137.0149891,35.0358993],[137.015022,35.0358061],[137.0150313,35.0357719]]}},{"type":"Feature","properties":{"id":144112285,"name":"旧東海道","highway":"tertiary","role":null},"geometry":{"type":"LineString","coordinates":[[137.013922,35.0375619],[137.0130719,35.038293]]}},{"type":"Feature","properties":{"id":144245405,"name":"旧東海道","highway":"unclassified","role":null},"geometry":{"type":"LineString","coordinates":[[136.9770347,35.0622154],[136.9770705,35.062153],[136.9770905,35.0621181],[136.9771827,35.0619818],[136.977222,35.0619196],[136.9773041,35.0618894],[136.977604,35.0617794],[136.9777446,35.0617278],[136.9778662,35.061683],[136.9779418,35.0616434],[136.9780597,35.0615704],[136.9781777,35.0614938],[136.9783611,35.0613786],[136.9785878,35.0612361],[136.9786746,35.061184],[136.9787328,35.0611516],[136.9787686,35.0611431],[136.9787998,35.0611389],[136.9789084,35.0611378],[136.9792174,35.061141],[136.979292,35.0611336],[136.979423,35.0611112],[136.9801271,35.0609772],[136.9802253,35.0609713],[136.9803036,35.0609787],[136.9803907,35.0610173]]}},{"type":"Feature","properties":{"id":144747181,"name":"旧東海道","highway":"tertiary","role":null},"geometry":{"type":"LineString","coordinates":[[137.0754328,34.9994167],[137.0756373,34.9991576]]}},{"type":"Feature","properties":{"id":146628286,"name":"旧東海道","highway":"unclassified","role":null},"geometry":{"type":"LineString","coordinates":[[136.9135647,35.117437],[136.9135864,35.1174248],[136.9137168,35.1173581],[136.9140059,35.1172019],[136.9141909,35.1171444],[136.9143647,35.1171246],[136.9145592,35.1171318],[136.9147531,35.11716],[136.9149213,35.1171856],[136.9150991,35.117213],[136.9152251,35.117206],[136.9153377,35.1171925],[136.9154594,35.1171594],[136.915522,35.1171423],[136.9155995,35.1171212],[136.9156551,35.1171051],[136.9157987,35.1170634],[136.9163084,35.1168876],[136.9168093,35.1167221],[136.91732,35.1166024],[136.9180964,35.1163965],[136.9184737,35.1163046],[136.9186046,35.1163083]]}},{"type":"Feature","properties":{"id":149827814,"name":"旧東海道","highway":"unclassified","role":null},"geometry":{"type":"LineString","coordinates":[[136.9078344,35.1211349],[136.9078752,35.1211162],[136.9088124,35.1206874],[136.9088697,35.1206612],[136.9098499,35.1202125],[136.9099232,35.120179]]}},{"type":"Feature","properties":{"id":149827821,"name":"旧東海道","highway":"unclassified","role":null},"geometry":{"type":"LineString","coordinates":[[136.9060484,35.1186874],[136.9061166,35.1187779],[136.9062974,35.1190179],[136.906317,35.1190439],[136.9065603,35.1193668],[136.9065867,35.1194018],[136.906828,35.119723],[136.9069625,35.1199006],[136.9070595,35.1200293],[136.9071035,35.1200352],[136.9071844,35.1200461]]}},{"type":"Feature","properties":{"id":150372262,"name":"おきつ川通り","highway":"tertiary","role":null},"geometry":{"type":"LineString","coordinates":[[138.5341612,35.0600599],[138.5342744,35.059927],[138.5343509,35.0598893],[138.5344317,35.0598609],[138.5344636,35.0598497],[138.5347089,35.0598103],[138.534794,35.0597937]]}},{"type":"Feature","properties":{"id":150871001,"name":"由比停車場線","highway":"secondary","role":null},"geometry":{"type":"LineString","coordinates":[[138.5604942,35.104251],[138.5603579,35.1042084],[138.5601189,35.1041185],[138.5597877,35.1039627],[138.5595179,35.1038599],[138.5589879,35.1036966],[138.558852,35.1036546],[138.5586877,35.1035867],[138.558556,35.1035206],[138.5582539,35.1033712],[138.5579103,35.1032192],[138.5576196,35.1031148],[138.557426,35.1030366],[138.5570239,35.1028367],[138.5566531,35.1026395],[138.5566213,35.1026142],[138.5565885,35.1025882],[138.5564211,35.1024527],[138.5561891,35.1022575],[138.5559146,35.102008],[138.5553176,35.1014516],[138.5552454,35.101343],[138.5550802,35.1011021],[138.5547488,35.1004189],[138.5544726,35.0997149],[138.5543923,35.0995591],[138.554304,35.0994235],[138.5538744,35.0988573],[138.5534944,35.0983649],[138.5529159,35.0978339],[138.5528072,35.097693],[138.5523767,35.0970841]]}},{"type":"Feature","properties":{"id":150871005,"name":"由比停車場線","highway":"secondary","role":null},"geometry":{"type":"LineString","coordinates":[[138.5653597,35.1064191],[138.5646452,35.1060694]]}},{"type":"Feature","properties":{"id":151458489,"name":"砂子通り","highway":"tertiary","role":null},"geometry":{"type":"LineString","coordinates":[[139.7003213,35.5281536],[139.7003815,35.5282047],[139.7003946,35.5282159]]}},{"type":"Feature","properties":{"id":151458492,"name":"旧東海道","highway":"tertiary","role":null},"geometry":{"type":"LineString","coordinates":[[139.7011573,35.5307353],[139.7011891,35.5308162],[139.701189,35.530837],[139.701215,35.5308812],[139.701428,35.5313279],[139.7014467,35.531367],[139.7014765,35.5314295],[139.7015093,35.5314933],[139.7015279,35.5315296],[139.701602,35.5316506],[139.7016943,35.5317677],[139.7017997,35.5318726],[139.7018602,35.5319312]]}},{"type":"Feature","properties":{"id":152413923,"name":"中央通り","highway":"trunk","role":null},"geometry":{"type":"LineString","coordinates":[[139.7737122,35.6824814],[139.7736433,35.6823716],[139.7733084,35.6818499],[139.7730902,35.681488],[139.7730603,35.6814382],[139.773024,35.6813782],[139.7729959,35.6813314],[139.7727655,35.6809471],[139.7727234,35.6808779],[139.7726939,35.6808261],[139.7726339,35.6807309]]}},{"type":"Feature","properties":{"id":154119272,"name":"三島富士線","highway":"primary","role":null},"geometry":{"type":"LineString","coordinates":[[138.6789137,35.1616912],[138.679,35.1617595]]}},{"type":"Feature","properties":{"id":154119283,"name":"吉原停車場吉原線","highway":"secondary","role":null},"geometry":{"type":"LineString","coordinates":[[138.7033951,35.1462709],[138.7035353,35.1457919]]}},{"type":"Feature","properties":{"id":154119287,"name":"吉原停車場吉原線","highway":"secondary","role":null},"geometry":{"type":"LineString","coordinates":[[138.6963256,35.1586072],[138.6961275,35.1586836]]}},{"type":"Feature","properties":{"id":154119706,"name":"旧東海道","highway":"unclassified","role":null},"geometry":{"type":"LineString","coordinates":[[138.6208447,35.1546126],[138.6208026,35.1545957],[138.6207676,35.1545944],[138.6206908,35.1546062],[138.6202534,35.1547142],[138.6201954,35.1547317]]}},{"type":"Feature","properties":{"id":154124442,"name":"旧東海道","highway":"unclassified","role":null},"geometry":{"type":"LineString","coordinates":[[138.6128945,35.140635],[138.6130809,35.1407027]]}},{"type":"Feature","properties":{"id":154125363,"name":"旧東海道","highway":"unclassified","role":null},"geometry":{"type":"LineString","coordinates":[[138.6358957,35.1573788],[138.635346,35.157517],[138.6347646,35.1576452],[138.6347349,35.1575758],[138.634686,35.1575232],[138.6345852,35.1574444],[138.6342618,35.1573466],[138.6336355,35.157227],[138.6334779,35.1571676],[138.6331699,35.1570515],[138.6330587,35.1570115],[138.6327346,35.1568506],[138.6325335,35.1567363],[138.6324072,35.1566012],[138.6323741,35.1565104],[138.6323242,35.1563246],[138.6322452,35.1560636],[138.6321778,35.1558872]]}},{"type":"Feature","properties":{"id":154125463,"name":"旧東海道","highway":"tertiary","role":null},"geometry":{"type":"LineString","coordinates":[[138.6717046,35.1568614],[138.6714352,35.1567498],[138.6712596,35.1566862]]}},{"type":"Feature","properties":{"id":154126429,"name":"旧東海道","highway":"unclassified","role":null},"geometry":{"type":"LineString","coordinates":[[138.6119123,35.1339161],[138.6120736,35.1341569],[138.612191,35.1343323],[138.6122209,35.1344058],[138.6122377,35.1344857],[138.6122403,35.1345119],[138.6122393,35.13456],[138.6122071,35.1349624],[138.6122035,35.1350076],[138.6121948,35.1351745],[138.6121607,35.1353057],[138.6120415,35.1355561]]}},{"type":"Feature","properties":{"id":154126433,"name":"旧東海道","highway":"tertiary","role":null},"geometry":{"type":"LineString","coordinates":[[138.6717046,35.1568614],[138.6722094,35.156446]]}},{"type":"Feature","properties":{"id":154126545,"name":"旧東海道","highway":"tertiary","role":null},"geometry":{"type":"LineString","coordinates":[[138.6707675,35.1563385],[138.6712185,35.1566688]]}},{"type":"Feature","properties":{"id":154128097,"name":"旧東海道","highway":"unclassified","role":null},"geometry":{"type":"LineString","coordinates":[[138.6124546,35.1285593],[138.612561,35.12872],[138.6130284,35.1295218],[138.6134081,35.1302865],[138.613436,35.1303826]]}},{"type":"Feature","properties":{"id":154133166,"name":"旧東海道","highway":"tertiary","role":null},"geometry":{"type":"LineString","coordinates":[[138.6707675,35.1563385],[138.6707255,35.1563131],[138.6706612,35.1562774],[138.6705258,35.1562487],[138.6704701,35.1562553],[138.6703627,35.1562862],[138.6703182,35.1563021],[138.6699054,35.1564407],[138.6696786,35.156506],[138.6695984,35.1565341]]}},{"type":"Feature","properties":{"id":154133563,"name":"吉原停車場吉原線","highway":"secondary","role":null},"geometry":{"type":"LineString","coordinates":[[138.6982116,35.1505931],[138.6983173,35.1505204],[138.698627,35.1502612],[138.6989245,35.1500123],[138.6991178,35.1498025]]}},{"type":"Feature","properties":{"id":154140813,"name":"吉原停車場吉原線","highway":"secondary","role":null},"geometry":{"type":"LineString","coordinates":[[138.6961275,35.1586836],[138.6956462,35.1588901],[138.6944268,35.1593579],[138.6943842,35.1593761],[138.6923554,35.1601922],[138.6921808,35.160262],[138.6918626,35.1603842],[138.6917599,35.1604146],[138.6912634,35.1605822],[138.6908269,35.1607309],[138.6902484,35.1609175],[138.6901633,35.1609449],[138.6900496,35.1610162],[138.690002,35.1610695],[138.6894829,35.1618124],[138.6894166,35.1618351]]}},{"type":"Feature","properties":{"id":154140814,"name":"吉原停車場吉原線","highway":"secondary","role":null},"geometry":{"type":"LineString","coordinates":[[138.7035353,35.1457919],[138.7035385,35.1457831],[138.7035572,35.1457322]]}},{"type":"Feature","properties":{"id":154140868,"name":"旧東海道","highway":"secondary","role":null},"geometry":{"type":"LineString","coordinates":[[138.7380724,35.1367845],[138.7380335,35.1367913],[138.7374756,35.1368877],[138.7372987,35.1369182],[138.7366408,35.1370386],[138.7361317,35.1371268],[138.7360712,35.1371395],[138.7356907,35.1372079],[138.7355276,35.1372352],[138.7349826,35.137315],[138.7348409,35.1373313],[138.7343836,35.1373904],[138.7340238,35.1374444],[138.733264,35.1375423],[138.733126,35.1375601],[138.7326966,35.1376155],[138.732654,35.1376205],[138.7324765,35.1376412],[138.7322661,35.1376657],[138.7319273,35.1376975],[138.7317168,35.137727],[138.7314001,35.1377714],[138.7313396,35.1377798],[138.7304175,35.1379003],[138.7300609,35.1379569],[138.7299368,35.1379764],[138.7292732,35.1381169],[138.728909,35.1382134],[138.7288872,35.138219],[138.7282603,35.1384028],[138.7278304,35.1385238],[138.7267949,35.1388369]]}},{"type":"Feature","properties":{"id":154892434,"name":"旧東海道","highway":"trunk_link","role":null},"geometry":{"type":"LineString","coordinates":[[139.5091853,35.3790295],[139.5087965,35.3788105],[139.5081939,35.3785042],[139.5075171,35.3781606],[139.5073237,35.3780708],[139.5065229,35.3776899],[139.5062651,35.3775639],[139.5060323,35.3774414],[139.5058838,35.377356],[139.50577,35.3772822],[139.5056435,35.377198],[139.5055569,35.3771287],[139.5054241,35.3770265]]}},{"type":"Feature","properties":{"id":154892453,"name":"旧東海道","highway":"trunk_link","role":null},"geometry":{"type":"LineString","coordinates":[[139.5034295,35.374508],[139.5036985,35.3749797],[139.5040538,35.3756028],[139.5046734,35.3765794],[139.5047593,35.3766883],[139.5048011,35.3767562],[139.5049221,35.3769011],[139.5050497,35.3770208],[139.5051661,35.3771288],[139.5052951,35.3772355]]}},{"type":"Feature","properties":{"id":154892461,"name":"国道1号","highway":"trunk","role":null},"geometry":{"type":"LineString","coordinates":[[139.5035527,35.3744489],[139.5032284,35.3739168],[139.5031799,35.3738539],[139.5031181,35.3737616],[139.5028822,35.3734091],[139.5027868,35.3732598],[139.5023656,35.3726196],[139.5018205,35.3717962],[139.5015534,35.3714018],[139.5013695,35.3711125],[139.5010414,35.3705618]]}},{"type":"Feature","properties":{"id":156473154,"name":"高島大津線","highway":"secondary_link","role":null},"geometry":{"type":"LineString","coordinates":[[135.857897,34.998821],[135.8579119,34.9990036],[135.8579548,34.9991397],[135.8579993,34.9992585],[135.8580718,34.9994596],[135.858106,34.9995549],[135.8581468,34.9996491],[135.8582193,34.9997923],[135.8582596,34.9998284]]}},{"type":"Feature","properties":{"id":156491417,"name":"長沢国府線","highway":"secondary","role":null},"geometry":{"type":"LineString","coordinates":[[137.2943633,34.865842],[137.294152,34.8659834]]}},{"type":"Feature","properties":{"id":156491456,"name":"長沢国府線","highway":"secondary","role":null},"geometry":{"type":"LineString","coordinates":[[137.2937515,34.8661575],[137.2937121,34.866176],[137.2934683,34.866275],[137.2931118,34.8664147],[137.2925371,34.8666],[137.2922257,34.8667227],[137.2915059,34.8670808]]}},{"type":"Feature","properties":{"id":156491460,"name":"長沢国府線","highway":"secondary","role":null},"geometry":{"type":"LineString","coordinates":[[137.294152,34.8659834],[137.2940506,34.8660495],[137.2939831,34.8660762],[137.2938954,34.8661057]]}},{"type":"Feature","properties":{"id":158497656,"name":"天王橋","highway":"residential","role":null},"geometry":{"type":"LineString","coordinates":[[139.6036917,35.4546999],[139.603527,35.4544165]]}},{"type":"Feature","properties":{"id":158497660,"name":"旧東海道","highway":"residential","role":null},"geometry":{"type":"LineString","coordinates":[[139.603527,35.4544165],[139.6033052,35.4540473],[139.6032187,35.4539033]]}},{"type":"Feature","properties":{"id":158497671,"name":"環状1号/ 旧東海道","highway":"tertiary","role":null},"geometry":{"type":"LineString","coordinates":[[139.6029581,35.453219],[139.6029183,35.4531672],[139.6022177,35.4523166],[139.6021787,35.4522693],[139.6018555,35.4518719],[139.6015066,35.4514545],[139.6014548,35.4513926]]}},{"type":"Feature","properties":{"id":158906092,"name":"旧東海道","highway":"tertiary","role":null},"geometry":{"type":"LineString","coordinates":[[139.5788478,35.4466441],[139.5796137,35.4464683],[139.5797762,35.4464299],[139.5799023,35.4464001],[139.5801726,35.4463362],[139.5805337,35.4462508],[139.580709,35.446205],[139.5810862,35.4461065],[139.5812652,35.4460689],[139.5813042,35.4460607],[139.5814246,35.4460384],[139.5814733,35.4460294],[139.5816917,35.4459951],[139.5818253,35.4459871],[139.5819149,35.4459808],[139.5823943,35.4459716],[139.5829271,35.4459732],[139.5829864,35.4459734],[139.5836923,35.4459525],[139.5838682,35.4459462],[139.5840634,35.4459338],[139.5841352,35.4459295],[139.5842157,35.4459203],[139.5845885,35.4458776],[139.5846756,35.4458676],[139.5851868,35.4457967],[139.5857264,35.4457218],[139.5866234,35.4456282],[139.5866679,35.4456189],[139.5867086,35.4456049],[139.5867404,35.4455897],[139.5867476,35.445582],[139.5867864,35.4455402],[139.5867914,35.4454806]]}},{"type":"Feature","properties":{"id":160105553,"name":"国道1号","highway":"trunk","role":null},"geometry":{"type":"LineString","coordinates":[[139.5188788,35.3877708],[139.5187221,35.3876326],[139.5185739,35.3874965],[139.5184003,35.3873201],[139.5182848,35.387201],[139.5182041,35.3871092],[139.5181546,35.3870529],[139.5179559,35.3868247],[139.517828,35.3866765],[139.5176837,35.386485],[139.5175808,35.3863357],[139.5174239,35.3860829],[139.5173758,35.3860084],[139.5172515,35.3858155],[139.5171525,35.3856619],[139.5170337,35.3855126],[139.5168216,35.3852794],[139.5166127,35.3851079],[139.5165159,35.3850443],[139.5163055,35.3849379],[139.5159444,35.3848159],[139.5156605,35.3847035],[139.5154975,35.3846133],[139.5152982,35.3844702],[139.5151689,35.3843409],[139.5150469,35.3841424],[139.5149252,35.3838697],[139.5147657,35.3834904],[139.5146548,35.3832609],[139.5144237,35.382713],[139.5143251,35.3825495],[139.5141142,35.3822864],[139.5140151,35.3822003],[139.5138566,35.3820626],[139.5132638,35.3816897],[139.5131635,35.3816191]]}},{"type":"Feature","properties":{"id":160105576,"name":"国道1号","highway":"trunk","role":null},"geometry":{"type":"LineString","coordinates":[[139.5193293,35.3883926],[139.5194092,35.3884047],[139.5198978,35.3884836]]}},{"type":"Feature","properties":{"id":160105578,"name":"国道1号","highway":"trunk","role":null},"geometry":{"type":"LineString","coordinates":[[139.5198978,35.3884836],[139.520377,35.3885577],[139.5206503,35.3886372],[139.5208706,35.3887415],[139.5210974,35.3888878],[139.5211916,35.3889624],[139.5217073,35.3894058]]}},{"type":"Feature","properties":{"id":160566328,"name":"旧東海道","highway":"residential","role":null},"geometry":{"type":"LineString","coordinates":[[136.6933976,35.0637458],[136.6937714,35.0636375],[136.6939504,35.0635814],[136.6943652,35.0634682],[136.6949477,35.063315],[136.6951902,35.0632532],[136.6955378,35.0631639]]}},{"type":"Feature","properties":{"id":160940616,"name":"旧東海道","highway":"residential","role":null},"geometry":{"type":"LineString","coordinates":[[137.0158356,35.0340872],[137.0159431,35.0338668],[137.015947,35.0337254],[137.0159721,35.0335382],[137.0159731,35.0334598],[137.0160567,35.0328507],[137.0161523,35.0322702],[137.0162834,35.0318547],[137.0163407,35.0317026],[137.0163774,35.0316194],[137.0167692,35.0311655],[137.0169984,35.0308809],[137.0170502,35.0308285]]}},{"type":"Feature","properties":{"id":160941342,"name":"旧東海道","highway":"unclassified","role":null},"geometry":{"type":"LineString","coordinates":[[137.0286412,35.0240256],[137.0285786,35.0240111],[137.0284734,35.0239852],[137.0283023,35.0240209],[137.0278509,35.0241038],[137.0275263,35.0241624],[137.0270882,35.0242304],[137.0269744,35.0242496],[137.026878,35.0242855],[137.0266941,35.0243776],[137.0266163,35.0243927],[137.0265069,35.0244138]]}},{"type":"Feature","properties":{"id":161433176,"name":"元町橋","highway":"tertiary","role":null},"geometry":{"type":"LineString","coordinates":[[139.5786488,35.446383],[139.5786023,35.4463242]]}},{"type":"Feature","properties":{"id":161433181,"name":"旧東海道","highway":"tertiary","role":null},"geometry":{"type":"LineString","coordinates":[[139.5786023,35.4463242],[139.5785674,35.4462786],[139.5785496,35.4462554],[139.578292,35.4458778],[139.5781915,35.4457305],[139.5781353,35.4456481]]}},{"type":"Feature","properties":{"id":161440484,"name":"旧東海道(権太坂)","highway":"unclassified","role":null},"geometry":{"type":"LineString","coordinates":[[139.5760471,35.4445038],[139.5760049,35.4444319],[139.5759259,35.4442845],[139.5758675,35.4441566],[139.5758235,35.4440099],[139.5757317,35.4436562],[139.5757045,35.4436236],[139.5756513,35.4435599],[139.5755192,35.4434273],[139.5753745,35.4433375],[139.5751005,35.4431673],[139.5746741,35.442894],[139.5746523,35.4428799],[139.5744295,35.4427362],[139.5742784,35.4426388],[139.5740884,35.4424811],[139.5740292,35.4424274],[139.5739403,35.442344],[139.57388,35.4422849],[139.5737314,35.4421517],[139.5734538,35.4419113],[139.5731409,35.441639],[139.5729053,35.4414131],[139.5727962,35.4412784],[139.5727206,35.4411452],[139.5726418,35.4409695],[139.572591,35.4407244]]}},{"type":"Feature","properties":{"id":161586234,"name":"横浜伊勢原線","highway":"primary","role":null},"geometry":{"type":"LineString","coordinates":[[139.5400033,35.411046],[139.5401339,35.4110755],[139.5402585,35.4111037],[139.5405201,35.4111478],[139.5408828,35.4111787],[139.5414548,35.4112177],[139.5417107,35.4112351],[139.5417571,35.4112358],[139.5418623,35.4112373]]}},{"type":"Feature","properties":{"id":161655430,"name":"旧東海道","highway":"unclassified","role":null},"geometry":{"type":"LineString","coordinates":[[139.5656988,35.434827],[139.5655172,35.4345806],[139.5652877,35.4343354],[139.5652748,35.434323]]}},{"type":"Feature","properties":{"id":161655436,"name":"旧東海道","highway":"tertiary","role":null},"geometry":{"type":"LineString","coordinates":[[139.5666622,35.4364613],[139.5667228,35.4364798],[139.5667639,35.4364924],[139.5668702,35.4365436],[139.566953,35.4365926],[139.5670412,35.4366601],[139.5671535,35.4367609],[139.5672078,35.4367926],[139.5672603,35.4368138]]}},{"type":"Feature","properties":{"id":161955323,"name":"旧東海道 (Old Tokaido)","highway":"unclassified","role":null},"geometry":{"type":"LineString","coordinates":[[139.5604101,35.4265722],[139.5603454,35.4264569],[139.5602059,35.4262169]]}},{"type":"Feature","properties":{"id":161955325,"name":"旧東海道","highway":"tertiary","role":null},"geometry":{"type":"LineString","coordinates":[[139.5590311,35.4242866],[139.5589211,35.4242276],[139.5588138,35.4241314],[139.558791,35.4240957],[139.5587495,35.4240309],[139.5587173,35.4239554],[139.558677,35.4238188],[139.5585697,35.4234429],[139.5585287,35.4233238],[139.5584786,35.4231762],[139.5581996,35.4226735],[139.5579689,35.4223435],[139.557948,35.4223187],[139.5577409,35.4220725],[139.5575902,35.4218644],[139.5572608,35.4213184],[139.5572453,35.4212949],[139.5571879,35.4212158]]}},{"type":"Feature","properties":{"id":162145041,"name":"旧東海道","highway":"unclassified","role":null},"geometry":{"type":"LineString","coordinates":[[139.5652748,35.434323],[139.5652381,35.4342902]]}},{"type":"Feature","properties":{"id":162145044,"name":"旧東海道","highway":"unclassified","role":null},"geometry":{"type":"LineString","coordinates":[[139.5652381,35.4342902],[139.5649307,35.4340122],[139.5648025,35.4337839],[139.5647352,35.4336344],[139.5646909,35.4334857],[139.5646569,35.4333053],[139.5645601,35.4330428],[139.5645175,35.4329271],[139.564386,35.4325989]]}},{"type":"Feature","properties":{"id":162407247,"name":"旧東海道","highway":"unclassified","role":null},"geometry":{"type":"LineString","coordinates":[[139.564386,35.4325989],[139.5643732,35.4325516],[139.5642941,35.4322945],[139.5641773,35.4319909],[139.5641167,35.4319142],[139.5640362,35.4318071],[139.5638739,35.4316542],[139.5636086,35.4314675],[139.5634528,35.4313427],[139.5633616,35.4312455],[139.5633241,35.4311701],[139.5632811,35.4310488],[139.5632318,35.4308413],[139.5632023,35.4307375],[139.5631014,35.430497],[139.5630607,35.4303466],[139.5630604,35.4302963],[139.563087,35.4301508],[139.5631205,35.4299923],[139.5631646,35.4297687],[139.5631684,35.4297494],[139.5631237,35.4295047],[139.5630781,35.4293563],[139.563038,35.4292639],[139.5629676,35.429035],[139.5629448,35.4289291],[139.5629917,35.4288077]]}},{"type":"Feature","properties":{"id":162412321,"name":"旧東海道","highway":null,"role":null},"geometry":{"type":"LineString","coordinates":[[139.5644019,35.4325455],[139.5644461,35.4325798],[139.5645027,35.4325963],[139.5645552,35.4325945],[139.5645876,35.4325851],[139.5646299,35.4325594],[139.5646514,35.4325348],[139.564669,35.4324768],[139.5646583,35.4324337],[139.5646453,35.4324133],[139.5646066,35.4323806],[139.5645604,35.4323631],[139.5645344,35.4323595],[139.5644849,35.4323631],[139.5644671,35.4323694],[139.5644455,35.432377],[139.5643997,35.4324137],[139.5643778,35.4324618],[139.564381,35.4325079],[139.5644019,35.4325455]]}},{"type":"Feature","properties":{"id":162412323,"name":"旧東海道","highway":null,"role":null},"geometry":{"type":"LineString","coordinates":[[139.5640294,35.4326572],[139.5641099,35.4326158],[139.5641984,35.4326167],[139.5642655,35.4326278],[139.5642923,35.432654],[139.5642923,35.4327185],[139.5643218,35.4327371],[139.5643419,35.4327032],[139.5643513,35.432678],[139.5643632,35.4325651],[139.5643425,35.4324977],[139.5642902,35.4325098],[139.5641113,35.4325164],[139.5641096,35.4325022],[139.5637948,35.4325168],[139.5638074,35.4327336],[139.5639489,35.4326867],[139.5640294,35.4326572]]}},{"type":"Feature","properties":{"id":162648293,"name":"旧東海道","highway":"unclassified","role":null},"geometry":{"type":"LineString","coordinates":[[138.2045802,34.8376778],[138.204517,34.8377451],[138.2044835,34.8377806],[138.2043527,34.8377866],[138.2032938,34.837725],[138.2028906,34.8376938],[138.2025385,34.8376588],[138.201926,34.8375493],[138.2011172,34.8373757],[138.2008365,34.8372904],[138.200521,34.8371742],[138.199963,34.8369107],[138.1998866,34.836869],[138.1996085,34.8367171],[138.1990822,34.8364297],[138.1989365,34.8363018]]}},{"type":"Feature","properties":{"id":162743243,"name":"旧東海道","highway":"unclassified","role":null},"geometry":{"type":"LineString","coordinates":[[139.5625967,35.4277484],[139.562457,35.4277153],[139.5622868,35.4276663]]}},{"type":"Feature","properties":{"id":162813682,"name":"新通り","highway":"tertiary","role":null},"geometry":{"type":"LineString","coordinates":[[138.3721132,34.9642375],[138.3719782,34.9640955],[138.3716741,34.9637757],[138.3713708,34.9635037],[138.371263,34.9634113],[138.3710899,34.9633357],[138.3709918,34.9632564],[138.3708384,34.9631245],[138.3706607,34.9629401],[138.3704492,34.9627343],[138.3701894,34.9624826],[138.3701273,34.9624238],[138.3700374,34.9623538],[138.3697883,34.9621566],[138.3696294,34.9620764]]}},{"type":"Feature","properties":{"id":162813686,"name":"新通り","highway":"tertiary","role":null},"geometry":{"type":"LineString","coordinates":[[138.3750589,34.9684201],[138.3750139,34.9683521],[138.3746728,34.9678377],[138.374285,34.9672367]]}},{"type":"Feature","properties":{"id":162813688,"name":"江川町通り","highway":"tertiary","role":null},"geometry":{"type":"LineString","coordinates":[[138.3847713,34.9736679],[138.3850246,34.9740749],[138.3854025,34.9746601],[138.3855163,34.974828]]}},{"type":"Feature","properties":{"id":162813690,"name":"新通り","highway":"tertiary","role":null},"geometry":{"type":"LineString","coordinates":[[138.3732074,34.9656975],[138.3732004,34.9656882],[138.3727098,34.9650368],[138.3721132,34.9642375]]}},{"type":"Feature","properties":{"id":162813695,"name":"新通り","highway":"tertiary","role":null},"geometry":{"type":"LineString","coordinates":[[138.3760077,34.9698974],[138.3754961,34.9691057],[138.375102,34.9684877],[138.3750589,34.9684201]]}},{"type":"Feature","properties":{"id":162813696,"name":"新通り","highway":"tertiary","role":null},"geometry":{"type":"LineString","coordinates":[[138.374285,34.9672367],[138.3740806,34.9669218],[138.373537,34.9661596],[138.3732074,34.9656975]]}},{"type":"Feature","properties":{"id":162932602,"name":"島田岡部線","highway":"secondary","role":null},"geometry":{"type":"LineString","coordinates":[[138.1961037,34.8357056],[138.1955948,34.8356043]]}},{"type":"Feature","properties":{"id":163403354,"name":"旧東海道","highway":"residential","role":null},"geometry":{"type":"LineString","coordinates":[[136.6907659,35.0609545],[136.6909961,35.0608019],[136.6912057,35.0606839],[136.6913973,35.0606038],[136.6915839,35.0605851],[136.6916239,35.0605773]]}},{"type":"Feature","properties":{"id":163874663,"name":"旧東海道","highway":"tertiary","role":null},"geometry":{"type":"LineString","coordinates":[[137.3932622,34.7655019],[137.3932869,34.7655633],[137.3934495,34.7659673]]}},{"type":"Feature","properties":{"id":164024533,"name":"旧東海道","highway":"unclassified","role":null},"geometry":{"type":"LineString","coordinates":[[139.735112,35.5750442],[139.7351044,35.5750347],[139.7350717,35.5749861],[139.7350545,35.5749596],[139.7348756,35.5746838],[139.7347304,35.5744599],[139.7345193,35.5741766],[139.734339,35.5739374],[139.7342263,35.5737969],[139.7341605,35.573738],[139.7340926,35.5736922]]}},{"type":"Feature","properties":{"id":164024534,"name":"旧東海道","highway":"unclassified","role":null},"geometry":{"type":"LineString","coordinates":[[139.7351596,35.5751361],[139.735112,35.5750442]]}},{"type":"Feature","properties":{"id":164074157,"name":"旧東海道","highway":"unclassified","role":null},"geometry":{"type":"LineString","coordinates":[[137.3214375,34.8406224],[137.3202825,34.8415762],[137.3195451,34.8420215],[137.3194214,34.8420945],[137.3193595,34.8421174]]}},{"type":"Feature","properties":{"id":164216682,"name":"浜川橋（泪橋）","highway":"tertiary","role":null},"geometry":{"type":"LineString","coordinates":[[139.7396688,35.5973056],[139.739614,35.5972156]]}},{"type":"Feature","properties":{"id":164216684,"name":"旧東海道","highway":"tertiary","role":null},"geometry":{"type":"LineString","coordinates":[[139.739614,35.5972156],[139.7395666,35.5971288],[139.7395532,35.5971042],[139.7394825,35.5968059],[139.7394359,35.5966095],[139.7394238,35.5965596]]}},{"type":"Feature","properties":{"id":164660041,"name":"旧東海道","highway":"unclassified","role":null},"geometry":{"type":"LineString","coordinates":[[138.1404031,34.8268979],[138.1402012,34.8268622]]}},{"type":"Feature","properties":{"id":164880183,"name":"旧東海道","highway":"residential","role":null},"geometry":{"type":"LineString","coordinates":[[138.1248475,34.8167192],[138.1249179,34.8167173],[138.1249778,34.8167162],[138.1250634,34.8167087],[138.1251544,34.8166895],[138.1252069,34.8166886],[138.1252592,34.8166996],[138.1253042,34.8167156],[138.1253615,34.8167562],[138.1254474,34.8168323],[138.1255094,34.8169009],[138.1255728,34.8169753],[138.125601,34.8170207],[138.1256358,34.8170785]]}},{"type":"Feature","properties":{"id":164880196,"name":"旧東海道","highway":"unclassified","role":null},"geometry":{"type":"LineString","coordinates":[[138.1264857,34.8196264],[138.1262448,34.8198123]]}},{"type":"Feature","properties":{"id":164936647,"name":"旧東海道","highway":"unclassified","role":null},"geometry":{"type":"LineString","coordinates":[[139.5538199,35.421031],[139.5538459,35.4209659],[139.5538693,35.4209074],[139.5539242,35.4208812],[139.5539729,35.4208773],[139.5547816,35.4208928],[139.5556046,35.4209085],[139.5557588,35.420891],[139.5560539,35.4208484]]}},{"type":"Feature","properties":{"id":164936907,"name":"旧東海道 (Old Tokaido)","highway":"unclassified","role":null},"geometry":{"type":"LineString","coordinates":[[139.5560539,35.4208484],[139.5561652,35.4208386],[139.5562644,35.4208386]]}},{"type":"Feature","properties":{"id":164936910,"name":"旧東海道 (Old Tokaido)","highway":"unclassified","role":null},"geometry":{"type":"LineString","coordinates":[[139.5562644,35.4208386],[139.5564173,35.4208418],[139.5564788,35.4208527]]}},{"type":"Feature","properties":{"id":164939982,"name":"旧東海道","highway":"unclassified","role":null},"geometry":{"type":"LineString","coordinates":[[139.5531411,35.4207162],[139.5531652,35.4207708],[139.5531758,35.4208156],[139.5531717,35.4208871]]}},{"type":"Feature","properties":{"id":164939986,"name":"旧東海道","highway":"unclassified","role":null},"geometry":{"type":"LineString","coordinates":[[139.5503119,35.4199181],[139.5504499,35.4199182],[139.5506389,35.4199287],[139.5511003,35.4199428],[139.5514204,35.4199413],[139.5516273,35.4199811],[139.5518482,35.4200582],[139.5520417,35.4201068],[139.5523085,35.4201724],[139.552348,35.4201866]]}},{"type":"Feature","properties":{"id":164988745,"name":"三畑四日市線","highway":"secondary","role":null},"geometry":{"type":"LineString","coordinates":[[136.5982638,34.9358713],[136.5982262,34.9357636],[136.5981993,34.9357113],[136.5981459,34.9356211],[136.5979697,34.9354159]]}},{"type":"Feature","properties":{"id":164989098,"name":"四日市朝日線","highway":"primary","role":null},"geometry":{"type":"LineString","coordinates":[[136.650028,35.0168329],[136.6507585,35.0180229],[136.6508395,35.0181556],[136.6510625,35.0185208],[136.6510669,35.018528],[136.6513006,35.0189107],[136.6516605,35.0195334],[136.651762,35.0197519],[136.6517873,35.0198085],[136.6518044,35.0198613],[136.6520918,35.020677],[136.6524083,35.0216851],[136.6524231,35.0217273],[136.6527133,35.0226935],[136.6528608,35.0234642],[136.6529824,35.0238616],[136.6530707,35.02404],[136.6533393,35.0244469],[136.6534203,35.0245261],[136.6535413,35.0246014],[136.6536513,35.0246399],[136.654061,35.0247846],[136.6541464,35.0248539],[136.6541834,35.024932],[136.6542239,35.0250195]]}},{"type":"Feature","properties":{"id":164991898,"name":"旧東海道","highway":"unclassified","role":null},"geometry":{"type":"LineString","coordinates":[[136.6435043,34.9940414],[136.6435487,34.9941592]]}},{"type":"Feature","properties":{"id":164992167,"name":"旧東海道","highway":"unclassified","role":null},"geometry":{"type":"LineString","coordinates":[[136.626471,34.97326],[136.626253,34.972595]]}},{"type":"Feature","properties":{"id":164992208,"name":"旧東海道","highway":"residential","role":null},"geometry":{"type":"LineString","coordinates":[[136.6291163,34.9804455],[136.6293417,34.9810333],[136.6294639,34.9814316]]}},{"type":"Feature","properties":{"id":164993005,"name":"旧東海道","highway":"unclassified","role":null},"geometry":{"type":"LineString","coordinates":[[136.6082278,34.9573646],[136.6080191,34.9572215]]}},{"type":"Feature","properties":{"id":164993340,"name":"旧東海道","highway":"unclassified","role":null},"geometry":{"type":"LineString","coordinates":[[136.6241391,34.9677826],[136.6235646,34.9679402]]}},{"type":"Feature","properties":{"id":164993586,"name":"旧東海道","highway":"unclassified","role":null},"geometry":{"type":"LineString","coordinates":[[136.56089,34.914643],[136.5606792,34.9145754]]}},{"type":"Feature","properties":{"id":164993866,"name":"旧東海道","highway":"unclassified","role":null},"geometry":{"type":"LineString","coordinates":[[136.649261,35.0124791],[136.6491817,35.0126281],[136.6491256,35.0127333],[136.6490607,35.0128394],[136.6489337,35.0130266],[136.648843,35.0130981],[136.6486964,35.0132388],[136.6481283,35.0137405],[136.648085,35.0137955],[136.6480602,35.0138421]]}},{"type":"Feature","properties":{"id":164994432,"name":"旧東海道","highway":"residential","role":null},"geometry":{"type":"LineString","coordinates":[[136.6037819,34.9521363],[136.6036922,34.9519269]]}},{"type":"Feature","properties":{"id":164997301,"name":"旧東海道","highway":"residential","role":null},"geometry":{"type":"LineString","coordinates":[[136.5800682,34.919028],[136.5801278,34.9190369],[136.5803934,34.9190378],[136.5807307,34.9190389],[136.5808638,34.9190393],[136.5810983,34.9190442],[136.5812859,34.9190482],[136.5813707,34.919058],[136.5814092,34.9190665],[136.5814224,34.9190783],[136.5814386,34.9191062],[136.5816181,34.9197647],[136.5816804,34.9199499]]}},{"type":"Feature","properties":{"id":164998664,"name":"旧東海道","highway":"residential","role":null},"geometry":{"type":"LineString","coordinates":[[136.5816804,34.9199499],[136.5817646,34.9203269],[136.5817966,34.9204795],[136.5818719,34.9207569],[136.5818966,34.9207842],[136.5820008,34.9211807],[136.5820452,34.921346],[136.5821004,34.9216296],[136.5820578,34.9217504]]}},{"type":"Feature","properties":{"id":164999166,"name":"旧東海道","highway":"residential","role":null},"geometry":{"type":"LineString","coordinates":[[136.5957645,34.9342731],[136.5957066,34.9341635],[136.595646,34.9340934],[136.5955094,34.9339823],[136.595408,34.9338879],[136.5951808,34.9336917],[136.5948343,34.9333359],[136.594561,34.9330394],[136.5943428,34.9327913],[136.5938591,34.9322373],[136.5934734,34.9318028],[136.5934151,34.9317399],[136.5933244,34.9316866],[136.5932287,34.9316452],[136.5930948,34.9315869],[136.5930194,34.9315578],[136.5927384,34.93141],[136.5925032,34.9312885],[136.5923042,34.9311671],[136.5922829,34.9311695],[136.5921424,34.9310625],[136.5920885,34.9310011],[136.5919797,34.9308866],[136.5918786,34.9307772],[136.5918066,34.9307147],[136.5916797,34.9306347],[136.591457,34.9304999],[136.5913169,34.9303077],[136.5911296,34.9300521],[136.5911105,34.9300226],[136.591064,34.9299572],[136.5910344,34.929892],[136.5910012,34.9298177],[136.5909371,34.9296495],[136.5908747,34.9294335],[136.5908312,34.9292389],[136.5907664,34.9289246],[136.5907055,34.9286975],[136.5905663,34.9287145],[136.5902825,34.9287566],[136.5897998,34.9288369],[136.5895378,34.9288779],[136.5894238,34.9286889],[136.5893034,34.9284893],[136.589117,34.9281909],[136.5889864,34.9279706],[136.5889224,34.9278724],[136.5888904,34.9278366],[136.5887863,34.9277399],[136.5886099,34.9275706],[136.5883806,34.9273389],[136.5883588,34.9273165],[136.5881691,34.9271279],[136.5880063,34.9269857],[136.5878407,34.9269084],[136.587697,34.9268391],[136.5871128,34.9265129],[136.5868228,34.9263053],[136.5866443,34.9261473]]}},{"type":"Feature","properties":{"id":165000906,"name":"旧東海道","highway":"residential","role":null},"geometry":{"type":"LineString","coordinates":[[136.6241391,34.9677826],[136.6243111,34.9682171],[136.6244658,34.9686011],[136.6245304,34.9686569],[136.624677,34.9687199],[136.6247805,34.9688202],[136.6248513,34.9689537],[136.6249049,34.9691105],[136.6249338,34.969191],[136.6251184,34.969599],[136.6252973,34.9699944],[136.6255205,34.9704261],[136.6256097,34.9706462],[136.6257489,34.970998],[136.6258508,34.971287],[136.6258733,34.9713528],[136.6259353,34.9715781],[136.6260476,34.9720164],[136.6261657,34.9723457],[136.626211,34.972472],[136.6262368,34.9725415],[136.626253,34.972595]]}},{"type":"Feature","properties":{"id":165002108,"name":"旧東海道","highway":"tertiary","role":null},"geometry":{"type":"LineString","coordinates":[[136.6502132,35.0111181],[136.6505321,35.0107798],[136.6506449,35.0106367],[136.6507656,35.0104011]]}},{"type":"Feature","properties":{"id":165002151,"name":"旧東海道","highway":"residential","role":null},"geometry":{"type":"LineString","coordinates":[[136.5802812,34.9179002],[136.580216,34.9178309],[136.5801465,34.9177696],[136.580019,34.9177076],[136.5798576,34.9176398],[136.5796562,34.9176145],[136.5795699,34.9175935],[136.5795081,34.9175526],[136.5794719,34.9175047],[136.5794256,34.9174031],[136.5793852,34.9172733],[136.5793232,34.9171109],[136.5792651,34.9170269],[136.579222,34.9169867],[136.579175,34.916951],[136.5789496,34.9167783],[136.5787453,34.9166427],[136.5785852,34.9165694],[136.5781788,34.9163618],[136.5779568,34.9162093],[136.5777727,34.9160894],[136.5776885,34.9160335],[136.5776072,34.9159954],[136.5774498,34.9159586],[136.5772766,34.9159223],[136.576973,34.9158446],[136.5765921,34.9157325],[136.5762127,34.9156234],[136.5759375,34.9155415],[136.5756551,34.915464],[136.5754648,34.9154106],[136.5752698,34.9153538],[136.5750379,34.9152701],[136.5746357,34.9151149],[136.5744979,34.915065],[136.5743886,34.9150421],[136.574052,34.9149708],[136.5739267,34.9149395],[136.5738642,34.9149418],[136.5738415,34.9149986],[136.5738054,34.9150801]]}},{"type":"Feature","properties":{"id":165004204,"name":"旧東海道","highway":"residential","role":null},"geometry":{"type":"LineString","coordinates":[[136.6480602,35.0138421],[136.6480681,35.0139119],[136.6480983,35.0139732],[136.6487011,35.0148705],[136.6489533,35.0152723],[136.6490918,35.0154729],[136.6491129,35.0155051],[136.6493959,35.0159378],[136.6497503,35.0164274],[136.650028,35.0168329]]}},{"type":"Feature","properties":{"id":165004322,"name":"旧東海道","highway":"unclassified","role":null},"geometry":{"type":"LineString","coordinates":[[136.6435487,34.9941592],[136.6435704,34.9942011],[136.6438234,34.9947662],[136.6439384,34.9950387],[136.6439764,34.9951043],[136.6440898,34.9952581],[136.644227,34.9954118],[136.6443042,34.9955015],[136.6443412,34.9955586],[136.6443642,34.9956072],[136.6443767,34.9956508],[136.6444048,34.9957802],[136.6444289,34.9959264],[136.6444476,34.9961339],[136.6444746,34.9962563],[136.6445253,34.9963895],[136.64459,34.996536],[136.644646,34.9966605],[136.644693,34.996779],[136.6447542,34.9969117],[136.644846,34.9970715],[136.6449233,34.9971778],[136.6449712,34.9972281],[136.6450583,34.9973074],[136.6451532,34.9973854],[136.6452468,34.997481],[136.6453089,34.9975353],[136.6456054,34.9978283],[136.6459874,34.9982679],[136.6461627,34.9984173],[136.6462598,34.9984832],[136.6465343,34.9987091],[136.6468916,34.9989959],[136.646907,34.9990082]]}},{"type":"Feature","properties":{"id":165004619,"name":"旧東海道","highway":"tertiary","role":null},"geometry":{"type":"LineString","coordinates":[[136.6498261,35.0115512],[136.6496567,35.011784],[136.6495556,35.0119376],[136.6494348,35.0121194],[136.649261,35.0124791]]}},{"type":"Feature","properties":{"id":165005293,"name":"旧東海道","highway":"residential","role":null},"geometry":{"type":"LineString","coordinates":[[136.6343749,34.9859193],[136.6342921,34.9859699],[136.6343694,34.9861169],[136.6344177,34.9862339],[136.6344448,34.9863433],[136.6344412,34.9864315],[136.6344195,34.9865039],[136.634366,34.9865682],[136.6342701,34.9866631],[136.6341611,34.9867659],[136.6341151,34.9868158],[136.6340815,34.9868615],[136.634066,34.9869046],[136.6340683,34.9869329],[136.6340807,34.9869673],[136.6341088,34.9870015],[136.6341374,34.9870331],[136.6343947,34.9872442],[136.634442,34.9872791],[136.6346929,34.9874642],[136.6347626,34.9875278],[136.6348789,34.9876404],[136.6351195,34.9879117],[136.6351848,34.9879717],[136.6353262,34.988096],[136.635406,34.9881635],[136.6355812,34.9882873],[136.6358495,34.9884483],[136.635899,34.9884762],[136.636122,34.9886193],[136.6363293,34.9887647],[136.6364194,34.9888193],[136.6366688,34.9889631],[136.6368835,34.9890713],[136.637055,34.9891553],[136.6371654,34.9892094],[136.6373221,34.9892976],[136.6374723,34.9893961],[136.6377175,34.9895687],[136.6379562,34.9897503],[136.6381379,34.9898941],[136.6384811,34.9901409],[136.6389812,34.9904414],[136.6392599,34.9906255],[136.6395566,34.9908443],[136.6398328,34.9910579],[136.6401072,34.9912667],[136.64037,34.991436],[136.640446,34.9914914],[136.6407092,34.9916689],[136.6407887,34.9917307],[136.6409184,34.9918161],[136.6410261,34.9919051],[136.6411312,34.991993],[136.6412854,34.9921375],[136.6415603,34.992409],[136.6417787,34.992596],[136.642251,34.9929044],[136.6426504,34.9931578],[136.6429369,34.9934088],[136.6431994,34.9936456],[136.6432722,34.9937267],[136.6433663,34.9938334],[136.6434649,34.9939683],[136.6434965,34.9940214]]}},{"type":"Feature","properties":{"id":165005440,"name":"旧東海道","highway":"residential","role":null},"geometry":{"type":"LineString","coordinates":[[136.5866443,34.9261473],[136.5864826,34.926019],[136.5861839,34.9257379],[136.5858477,34.9254546],[136.5855783,34.9252335],[136.5855381,34.9251978],[136.585422,34.9250957],[136.585272,34.9249659],[136.5851791,34.9248894],[136.5849335,34.9247123],[136.5847572,34.9246215],[136.5842478,34.9243377],[136.5841707,34.924293],[136.5838486,34.9240829],[136.5838007,34.9240629],[136.583501,34.923831],[136.5832344,34.9236199],[136.5832152,34.9236047]]}},{"type":"Feature","properties":{"id":165005778,"name":"旧東海道","highway":"residential","role":null},"geometry":{"type":"LineString","coordinates":[[136.6053615,34.9546742],[136.6050444,34.9542732],[136.6049304,34.9541157],[136.604756,34.953876],[136.6046196,34.9536631],[136.604454,34.9533839],[136.6042133,34.9529713],[136.604017,34.952591],[136.6039676,34.9524967],[136.6039234,34.9524111],[136.6038611,34.9522924],[136.6037891,34.9521553],[136.6037819,34.9521363]]}},{"type":"Feature","properties":{"id":165006060,"name":"旧東海道","highway":"residential","role":null},"geometry":{"type":"LineString","coordinates":[[136.6036922,34.9519269],[136.6036809,34.9518956],[136.6035519,34.9515871],[136.603507,34.9514797],[136.6033938,34.9512328],[136.6033152,34.9510657],[136.6030278,34.9505535],[136.6027803,34.9501114],[136.6027122,34.9499877],[136.6025192,34.9495937],[136.6023952,34.9492852],[136.6023657,34.9491958],[136.6022919,34.9489927],[136.6022365,34.948841],[136.6022031,34.9487289],[136.6021852,34.9486477],[136.6021664,34.9484908],[136.6021646,34.9483912],[136.6021627,34.9482896],[136.6021717,34.948188],[136.6021818,34.9481239],[136.6021911,34.9480062],[136.6021901,34.9479001],[136.6021582,34.947492],[136.6020907,34.9467877],[136.6020583,34.9464836],[136.6020559,34.946473],[136.6020378,34.9462633],[136.6019988,34.9460277],[136.6019634,34.9458495],[136.6019046,34.9456126],[136.6018591,34.9454271],[136.6017564,34.9450352],[136.6017529,34.9449807],[136.6016344,34.9445659],[136.6015625,34.9443626],[136.6014092,34.9439031],[136.6012909,34.943454],[136.6011447,34.9428331],[136.6008415,34.9417484],[136.6006591,34.9411524],[136.6005777,34.9408919],[136.6005708,34.9408736],[136.6003668,34.9403365],[136.6003132,34.9402488],[136.6002678,34.9401744],[136.600118,34.9399814],[136.5998389,34.9396775],[136.5995619,34.9393967],[136.5993628,34.9391421],[136.599258,34.9390104],[136.5990232,34.9385883],[136.5988277,34.9382562],[136.5986499,34.9378821],[136.5985127,34.9374751],[136.5984094,34.9371305],[136.598386,34.9369965],[136.5983847,34.9369443]]}},{"type":"Feature","properties":{"id":165006745,"name":"旧東海道","highway":"residential","role":null},"geometry":{"type":"LineString","coordinates":[[136.5799868,34.9184847],[136.5799794,34.9184053],[136.5799836,34.918322],[136.5799998,34.9182087],[136.5800173,34.9181845],[136.5800802,34.9181623],[136.5801525,34.9181419],[136.5802467,34.9181065],[136.5802839,34.9180818],[136.5803473,34.9180384],[136.5803642,34.9179906],[136.5803479,34.9179571],[136.5802812,34.9179002]]}},{"type":"Feature","properties":{"id":165006856,"name":"旧東海道","highway":"unclassified","role":null},"geometry":{"type":"LineString","coordinates":[[136.6513935,35.0054926],[136.6512821,35.0054313],[136.6511086,35.0053253],[136.6510143,35.0052511],[136.650891,35.0051555],[136.6508063,35.0050631],[136.6506553,35.0048992],[136.6505583,35.0047491],[136.6504296,35.0045367],[136.6503146,35.0043233],[136.6502078,35.0041267],[136.6501969,35.0040928],[136.6501835,35.0040706],[136.6499728,35.0036971],[136.6498883,35.0035347],[136.6498787,35.0035164]]}},{"type":"Feature","properties":{"id":165007329,"name":"旧東海道","highway":"unclassified","role":null},"geometry":{"type":"LineString","coordinates":[[136.6502132,35.0111181],[136.6498935,35.0114608],[136.6498261,35.0115512]]}},{"type":"Feature","properties":{"id":165007662,"name":"旧東海道","highway":"unclassified","role":null},"geometry":{"type":"LineString","coordinates":[[136.6233635,34.9678542],[136.6232346,34.9678387],[136.622927,34.967673]]}},{"type":"Feature","properties":{"id":165009045,"name":"旧東海道","highway":"residential","role":null},"geometry":{"type":"LineString","coordinates":[[136.626471,34.97326],[136.6264883,34.9733282],[136.626505,34.973373],[136.6265208,34.9734347],[136.6267092,34.9738541],[136.6267353,34.9739142],[136.6270119,34.9745618],[136.6270833,34.9747296],[136.6271846,34.9749562],[136.6275287,34.9757183],[136.6276539,34.9760064],[136.6277301,34.9761634],[136.6277648,34.976233],[136.6280042,34.9767218],[136.6281581,34.9770523],[136.6282118,34.977196],[136.628271,34.9773969],[136.628298,34.9775033],[136.6283726,34.9777789],[136.6285257,34.9784159],[136.6286458,34.9788921],[136.6286495,34.9789055],[136.6286929,34.979072],[136.6287286,34.9792488],[136.6287111,34.979299]]}},{"type":"Feature","properties":{"id":165010259,"name":"旧東海道","highway":"residential","role":null},"geometry":{"type":"LineString","coordinates":[[136.6080191,34.9572215],[136.6079593,34.9572084],[136.6077891,34.9572213],[136.6076871,34.957215],[136.6075941,34.957202],[136.6075619,34.9571914],[136.6075363,34.957183],[136.60744,34.9571296],[136.607327,34.9570297],[136.6071786,34.9568815],[136.6068317,34.9565294],[136.6066722,34.9563543],[136.606349,34.9559917],[136.6060727,34.9556572],[136.6059977,34.9555546],[136.6058753,34.9553833],[136.6054532,34.9547845],[136.6053615,34.9546742]]}},{"type":"Feature","properties":{"id":165365747,"name":"旧東海道","highway":"unclassified","role":null},"geometry":{"type":"LineString","coordinates":[[138.1402012,34.8268622],[138.1401557,34.8268542],[138.1399617,34.8268215],[138.1396474,34.8267895],[138.1394875,34.8267674],[138.1391152,34.8267233],[138.1389293,34.826702],[138.1387929,34.8266935],[138.1386405,34.826691],[138.1384312,34.8266935],[138.1382276,34.8266994],[138.1379025,34.8267266],[138.1377751,34.8267364],[138.1377458,34.8267392],[138.137604,34.8267629],[138.1374569,34.82678],[138.1372611,34.8267871],[138.1370512,34.8267887],[138.1369003,34.8267872],[138.1368559,34.8267901],[138.1366125,34.8268136],[138.1364708,34.8268224],[138.1364285,34.8268245],[138.1363325,34.8268342],[138.1361642,34.8268632],[138.1360691,34.8268755],[138.1359561,34.8269012]]}},{"type":"Feature","properties":{"id":165740841,"name":"旧東海道","highway":"unclassified","role":null},"geometry":{"type":"LineString","coordinates":[[139.5418623,35.4112373],[139.5418993,35.4113084],[139.5419589,35.4114228]]}},{"type":"Feature","properties":{"id":166754519,"name":"旧東海道","highway":"path","role":null},"geometry":{"type":"LineString","coordinates":[[138.5413651,35.0714175],[138.541277,35.070982],[138.541299,35.070776],[138.5412629,35.070586],[138.541277,35.070345],[138.5412774,35.0702113],[138.5412414,35.0701175],[138.5411808,35.0700091],[138.5409904,35.0698274],[138.5407356,35.0694991],[138.5406084,35.0693173],[138.5405923,35.0692204],[138.5405574,35.0691497],[138.5404017,35.0689126],[138.5402906,35.0687805],[138.5401686,35.0687],[138.5399223,35.0685813],[138.5398718,35.0685535]]}},{"type":"Feature","properties":{"id":166754794,"name":"旧東海道","highway":"path","role":null},"geometry":{"type":"LineString","coordinates":[[138.5398718,35.0685535],[138.5397593,35.068463],[138.5396806,35.0683338],[138.5396561,35.0680497],[138.539618,35.0679639],[138.5395632,35.0678702],[138.5393805,35.0675869],[138.5392689,35.0672147],[138.5390082,35.0667824],[138.5389902,35.0666619],[138.5390893,35.0663163],[138.5392638,35.0659709],[138.5392828,35.0659342],[138.5392852,35.0658714],[138.539274,35.0657959],[138.5392463,35.0657637],[138.5391717,35.0656654],[138.5391943,35.0654739],[138.5391812,35.0654353],[138.539205,35.0653781],[138.539131,35.065179],[138.539055,35.065079],[138.5386726,35.0648281],[138.5383742,35.0646441]]}},{"type":"Feature","properties":{"id":166755844,"name":"旧東海道","highway":"unclassified","role":null},"geometry":{"type":"LineString","coordinates":[[138.6124546,35.1285593],[138.6124955,35.1285366]]}},{"type":"Feature","properties":{"id":166758487,"name":"旧東海道","highway":"unclassified","role":null},"geometry":{"type":"LineString","coordinates":[[138.5362905,35.0639914],[138.5353613,35.0646984]]}},{"type":"Feature","properties":{"id":166760230,"name":"旧東海道","highway":"unclassified","role":null},"geometry":{"type":"LineString","coordinates":[[138.5370071,35.0634397],[138.5362905,35.0639914]]}},{"type":"Feature","properties":{"id":166766841,"name":"旧東海道","highway":"tertiary","role":null},"geometry":{"type":"LineString","coordinates":[[138.4389185,34.9963078],[138.4389706,34.9963479],[138.4392301,34.996557],[138.4395083,34.9967692],[138.4397033,34.9969103],[138.4398473,34.9969957],[138.440008,34.9970836],[138.4404254,34.9973222],[138.4409079,34.9975804],[138.4410731,34.997692],[138.4411295,34.9977309],[138.4411754,34.997771],[138.4413437,34.9979236],[138.4415264,34.9981207],[138.4418098,34.998447],[138.442127,34.9988362],[138.4422107,34.9989366],[138.4422929,34.9990427],[138.4424309,34.9992249],[138.4425349,34.9993555],[138.4427686,34.9997468],[138.4427848,34.999778],[138.4429183,34.9999949],[138.4429562,35.0000561]]}},{"type":"Feature","properties":{"id":166768066,"name":"旧東海道","highway":"tertiary","role":null},"geometry":{"type":"LineString","coordinates":[[138.4804532,35.0174123],[138.4792704,35.017026],[138.4792285,35.0170105],[138.4786724,35.0168388],[138.4781939,35.0166572],[138.4781489,35.0166429],[138.477352,35.0163783],[138.4771356,35.0163062],[138.4765216,35.0160962],[138.4763965,35.0160513]]}},{"type":"Feature","properties":{"id":167562301,"name":"清水富士宮線","highway":"primary","role":null},"geometry":{"type":"LineString","coordinates":[[138.4812076,35.0189144],[138.4813775,35.0192617]]}},{"type":"Feature","properties":{"id":167712620,"name":"東海道","highway":"trunk","role":null},"geometry":{"type":"LineString","coordinates":[[137.7421746,34.7081333],[137.7426766,34.7081052]]}},{"type":"Feature","properties":{"id":167712621,"name":"東海道","highway":"trunk","role":null},"geometry":{"type":"LineString","coordinates":[[137.7426766,34.7081052],[137.7429363,34.7080928],[137.743215,34.7080803],[137.743934,34.7080274],[137.7443007,34.7080204],[137.7444622,34.7080577],[137.7447278,34.7081074],[137.7454588,34.7082472],[137.7462453,34.7084327]]}},{"type":"Feature","properties":{"id":167712622,"name":"東海道","highway":"trunk","role":null},"geometry":{"type":"LineString","coordinates":[[137.7370022,34.7081846],[137.737315,34.7081871],[137.7374939,34.708188],[137.7385065,34.7081915],[137.7393695,34.7081904],[137.7404996,34.708185],[137.7413067,34.7081707],[137.7414672,34.7081678],[137.7416479,34.708159],[137.7421746,34.7081333]]}},{"type":"Feature","properties":{"id":167747753,"name":"旧東海道","highway":"unclassified","role":null},"geometry":{"type":"LineString","coordinates":[[138.4356868,34.9942113],[138.4352086,34.994049],[138.4348914,34.9939615],[138.4344285,34.9938324]]}},{"type":"Feature","properties":{"id":167747921,"name":"旧東海道","highway":"residential","role":null},"geometry":{"type":"LineString","coordinates":[[138.4367765,34.9946972],[138.4364208,34.9945025]]}},{"type":"Feature","properties":{"id":167748861,"name":"旧東海道","highway":"unclassified","role":null},"geometry":{"type":"LineString","coordinates":[[138.43072,34.9922242],[138.4315219,34.992565],[138.4318036,34.9926378]]}},{"type":"Feature","properties":{"id":167748927,"name":"旧東海道","highway":"unclassified","role":null},"geometry":{"type":"LineString","coordinates":[[138.4334003,34.9934082],[138.4337666,34.993593],[138.4344285,34.9938324]]}},{"type":"Feature","properties":{"id":167749138,"name":"旧東海道","highway":"tertiary","role":null},"geometry":{"type":"LineString","coordinates":[[138.4389185,34.9963078],[138.4388466,34.9962526],[138.4385964,34.9960536],[138.4381522,34.9957213],[138.4380446,34.9956253],[138.4377445,34.9953258],[138.4376932,34.9952753],[138.437505,34.9951149],[138.4371643,34.9949074],[138.4367765,34.9946972]]}},{"type":"Feature","properties":{"id":167749335,"name":"旧東海道","highway":"unclassified","role":null},"geometry":{"type":"LineString","coordinates":[[138.4318036,34.9926378],[138.4321957,34.9927034],[138.4326102,34.9928607],[138.4328518,34.9930237],[138.4334003,34.9934082]]}},{"type":"Feature","properties":{"id":168664953,"name":"旧東海道","highway":"residential","role":null},"geometry":{"type":"LineString","coordinates":[[138.4362986,34.9944345],[138.4361338,34.994363],[138.4356868,34.9942113]]}},{"type":"Feature","properties":{"id":168664955,"name":"旧東海道","highway":"residential","role":null},"geometry":{"type":"LineString","coordinates":[[138.4364208,34.9945025],[138.4362986,34.9944345]]}},{"type":"Feature","properties":{"id":169245047,"name":"旧東海道","highway":"unclassified","role":null},"geometry":{"type":"LineString","coordinates":[[139.7084483,35.5358599],[139.708423,35.5358296],[139.7084095,35.5357971],[139.7083975,35.5357477]]}},{"type":"Feature","properties":{"id":169245053,"name":"旧東海道","highway":"residential","role":null},"geometry":{"type":"LineString","coordinates":[[139.7083034,35.5353778],[139.7082484,35.5353978],[139.7081881,35.5354198],[139.7079898,35.5354618],[139.7079101,35.5354671],[139.7078596,35.5354649]]}},{"type":"Feature","properties":{"id":170056149,"name":"藤枝静岡線","highway":"secondary","role":null},"geometry":{"type":"LineString","coordinates":[[138.3575935,34.9477971],[138.3574266,34.9475613],[138.3574042,34.9475157],[138.3572283,34.9471567]]}},{"type":"Feature","properties":{"id":170056151,"name":"藤枝静岡線","highway":"secondary","role":null},"geometry":{"type":"LineString","coordinates":[[138.3398708,34.9497056],[138.338927,34.9498862],[138.3386618,34.9499279],[138.3385116,34.9499522],[138.338369,34.9499849],[138.338257,34.9500229],[138.3381322,34.9500782],[138.3380702,34.9501211],[138.3379889,34.950178],[138.337884,34.9501419]]}},{"type":"Feature","properties":{"id":170056171,"name":"藤枝静岡線","highway":"secondary","role":null},"geometry":{"type":"LineString","coordinates":[[138.3565511,34.9462513],[138.3564769,34.9461789],[138.3564611,34.9461635],[138.3563552,34.9460671],[138.3562614,34.9459849],[138.3560421,34.945798],[138.3559019,34.9456983],[138.3558314,34.9456404],[138.3556519,34.9455045],[138.3555874,34.9454545],[138.3553912,34.9453238]]}},{"type":"Feature","properties":{"id":170056173,"name":"藤枝静岡線","highway":"secondary","role":null},"geometry":{"type":"LineString","coordinates":[[138.3572283,34.9471567],[138.3571265,34.9469622],[138.3570143,34.9467647],[138.3569731,34.9467067],[138.3568528,34.9465519],[138.3567494,34.9464386],[138.3566558,34.946352],[138.3565511,34.9462513]]}},{"type":"Feature","properties":{"id":172011750,"name":"旧東海道","highway":"tertiary","role":null},"geometry":{"type":"LineString","coordinates":[[138.4689709,35.0133948],[138.468786,35.0133223]]}},{"type":"Feature","properties":{"id":172011771,"name":"旧東海道","highway":"tertiary","role":null},"geometry":{"type":"LineString","coordinates":[[138.4597441,35.0105132],[138.4592998,35.0107387],[138.459015,35.0108916],[138.4587334,35.0110266],[138.4584992,35.0111035],[138.4582863,35.0111395],[138.4581327,35.011159],[138.4580115,35.0111556],[138.457839,35.0111274],[138.4577404,35.0110948],[138.457631,35.0110366],[138.4575451,35.0109839],[138.4574271,35.0109004],[138.4572743,35.0107605],[138.4571572,35.010668],[138.4569924,35.0105177],[138.4569619,35.0104899],[138.4567312,35.0102661],[138.4563555,35.0098654],[138.4562589,35.009753],[138.4561954,35.0096765],[138.4559775,35.009386],[138.4556287,35.0089725],[138.4554224,35.008728],[138.4552243,35.0084931],[138.4550657,35.0083086],[138.4549066,35.008105],[138.4546518,35.0078225],[138.4543767,35.0074877],[138.4541332,35.0071914],[138.4539047,35.0068936],[138.4537644,35.0066967],[138.4536401,35.0064846],[138.4535896,35.0063937],[138.4535012,35.0062349],[138.453387,35.0060664]]}},{"type":"Feature","properties":{"id":172269906,"name":"旧東海道","highway":"tertiary","role":null},"geometry":{"type":"LineString","coordinates":[[138.4763965,35.0160513],[138.4758848,35.0158597],[138.4751607,35.0156034],[138.4748001,35.0154757],[138.4743777,35.0153263],[138.4736743,35.0150568]]}},{"type":"Feature","properties":{"id":172269918,"name":"清水富士宮線","highway":"primary","role":null},"geometry":{"type":"LineString","coordinates":[[138.4813775,35.0192617],[138.4813866,35.0192835],[138.4815625,35.0196778]]}},{"type":"Feature","properties":{"id":172374274,"name":"国道1号","highway":"trunk","role":null},"geometry":{"type":"LineString","coordinates":[[137.4679226,34.7159823],[137.4681371,34.7157643],[137.468753,34.7151637],[137.4696554,34.7144744],[137.4705782,34.71382],[137.4710451,34.7134275],[137.4726855,34.7117689],[137.4727572,34.7117064],[137.4729987,34.7114959],[137.473258,34.7113268],[137.473364,34.7112577],[137.4745758,34.7104658],[137.4756644,34.7097543],[137.4761645,34.7094281],[137.4765175,34.709123],[137.4768655,34.7087945],[137.4774496,34.7080557],[137.4776624,34.7077091],[137.4778329,34.7073511],[137.4780994,34.7067156],[137.478153,34.706631],[137.4782697,34.706447],[137.4787633,34.705943],[137.4789308,34.7057888],[137.4796221,34.7051522],[137.4800187,34.704787],[137.4802119,34.7046091],[137.4810636,34.703829],[137.4814105,34.7034646],[137.4816349,34.703142],[137.4817423,34.7029221],[137.4819179,34.7025629],[137.4819937,34.7024506],[137.4821692,34.7021903],[137.4825321,34.7017973],[137.482864,34.7015229],[137.4832136,34.701302],[137.4843881,34.7005598],[137.4850342,34.7001244],[137.4853606,34.6998547],[137.4859297,34.6993101],[137.4864045,34.6987472],[137.4868358,34.6981231],[137.4877456,34.6967628],[137.4878527,34.696607],[137.4880747,34.6962501],[137.4883105,34.6958137]]}},{"type":"Feature","properties":{"id":172639634,"name":"池田街道","highway":"tertiary","role":null},"geometry":{"type":"LineString","coordinates":[[138.4015828,34.9775716],[138.4017296,34.9775848],[138.4017852,34.9775883],[138.4018797,34.9775949],[138.4019887,34.977596],[138.402123,34.9775885],[138.4022724,34.9775686],[138.4025709,34.9775309],[138.4026751,34.9775211],[138.4027632,34.9775057],[138.4028344,34.9774772]]}},{"type":"Feature","properties":{"id":172783144,"name":"南幹線","highway":"secondary","role":null},"geometry":{"type":"LineString","coordinates":[[138.4449376,35.0021087],[138.4450278,35.0021593]]}},{"type":"Feature","properties":{"id":173112350,"name":"流通センター通り","highway":"primary","role":null},"geometry":{"type":"LineString","coordinates":[[138.4181607,34.9906979],[138.4180775,34.990756],[138.4179825,34.9908258],[138.4179379,34.9908586],[138.4178871,34.9909058]]}},{"type":"Feature","properties":{"id":173386929,"name":"沼津三島線","highway":"secondary","role":null},"geometry":{"type":"LineString","coordinates":[[138.8876796,35.1053662],[138.8888284,35.1053587]]}},{"type":"Feature","properties":{"id":173387757,"name":"沼津三島線","highway":"secondary","role":null},"geometry":{"type":"LineString","coordinates":[[138.8876796,35.1053662],[138.8876187,35.1053669],[138.8873877,35.1053662],[138.887254,35.1053683],[138.8868479,35.1053574],[138.8864051,35.105323],[138.8859413,35.105246],[138.8858785,35.1052345],[138.8858218,35.1052235],[138.8852025,35.1051062],[138.8847368,35.105023],[138.8841979,35.1049157],[138.8839965,35.1048756],[138.8835697,35.1048011],[138.883016,35.1047156],[138.8826657,35.1046572],[138.8814573,35.1044114],[138.8813624,35.1043975],[138.8812962,35.1043988],[138.8812488,35.1044107],[138.8811856,35.1044361],[138.8811334,35.1044661],[138.8810809,35.104499],[138.8810105,35.1045508]]}},{"type":"Feature","properties":{"id":173387758,"name":"富士清水線","highway":"secondary","role":null},"geometry":{"type":"LineString","coordinates":[[138.8610922,35.0992815],[138.8614994,35.099365],[138.8615972,35.0993807],[138.8623337,35.0994989],[138.8628351,35.0995705],[138.8636961,35.099635],[138.8642464,35.0996592],[138.8645962,35.0996745],[138.8653542,35.0997112],[138.8659438,35.0997454],[138.8662674,35.0997583],[138.8667439,35.0997888],[138.866831,35.0997932]]}},{"type":"Feature","properties":{"id":173497242,"name":"豊田竜洋線","highway":"secondary","role":null},"geometry":{"type":"LineString","coordinates":[[137.8142915,34.727676],[137.8142992,34.7275362],[137.8143336,34.7269082]]}},{"type":"Feature","properties":{"id":173497256,"name":"豊田竜洋線","highway":"secondary","role":null},"geometry":{"type":"LineString","coordinates":[[137.8143236,34.7285991],[137.8142975,34.7282182],[137.8142853,34.728021],[137.8142915,34.727676]]}},{"type":"Feature","properties":{"id":173553617,"name":"七間町通り","highway":"unclassified","role":null},"geometry":{"type":"LineString","coordinates":[[138.3812433,34.9740893],[138.3809898,34.9736989],[138.380725,34.9732698]]}},{"type":"Feature","properties":{"id":173553618,"name":"七間町通り","highway":"unclassified","role":null},"geometry":{"type":"LineString","coordinates":[[138.380725,34.9732698],[138.3804809,34.9728914],[138.3802024,34.9724484]]}},{"type":"Feature","properties":{"id":174239178,"name":"旧東海道","highway":"residential","role":null},"geometry":{"type":"LineString","coordinates":[[136.6933976,35.0637458],[136.6930737,35.0634156],[136.6922091,35.0624844],[136.6917907,35.0620274],[136.6916169,35.0617324]]}},{"type":"Feature","properties":{"id":174252675,"name":"第一京浜","highway":"trunk","role":null},"geometry":{"type":"LineString","coordinates":[[139.7174724,35.5517102],[139.7174313,35.5516553],[139.7171603,35.5513041],[139.7168988,35.5509522],[139.7166953,35.5506792],[139.7165182,35.5504409],[139.7162841,35.5501116],[139.7161165,35.5498886],[139.7160836,35.5498449],[139.7160221,35.5497624],[139.7159792,35.5497048],[139.715869,35.5495575],[139.7155505,35.5491379],[139.715002,35.5484135],[139.7149222,35.5483081],[139.7148671,35.5482364],[139.7147972,35.5481398],[139.7141946,35.547343],[139.7138629,35.5468976],[139.7138069,35.5468227],[139.7136283,35.546587],[139.713595,35.5465431],[139.7135328,35.5464601],[139.7134924,35.5464055],[139.7131898,35.5460209],[139.7128514,35.5455788],[139.7125183,35.5451353],[139.7124802,35.5450843]]}},{"type":"Feature","properties":{"id":174252676,"name":"第一京浜","highway":"trunk","role":null},"geometry":{"type":"LineString","coordinates":[[139.7248169,35.5614769],[139.7251823,35.5619694],[139.725443,35.5623232],[139.7255134,35.5624124],[139.7255777,35.562497]]}},{"type":"Feature","properties":{"id":174573595,"name":"旧東海道","highway":"tertiary","role":null},"geometry":{"type":"LineString","coordinates":[[139.0136532,35.1793635],[139.0135609,35.1793477],[139.0135362,35.1793435],[139.0134455,35.1793172],[139.013305,35.1792501],[139.0132434,35.1792141],[139.013168,35.1791675],[139.0130804,35.1791107],[139.0130298,35.1790592],[139.0129377,35.1789472],[139.012847,35.1788256],[139.0127475,35.1786755],[139.0126244,35.1785073],[139.0125088,35.1783776],[139.0123672,35.1782324],[139.0122573,35.1781275],[139.0121687,35.1780533],[139.012067,35.1779768],[139.0118954,35.177876],[139.0117102,35.1777627],[139.0115547,35.1776881],[139.0114605,35.1776569],[139.0112361,35.1776129],[139.0111081,35.1775785],[139.0110149,35.1775369],[139.010947,35.1774887],[139.010895,35.1774399],[139.0108138,35.177348]]}},{"type":"Feature","properties":{"id":175227421,"name":"国道1号","highway":"trunk","role":null},"geometry":{"type":"LineString","coordinates":[[136.5328901,34.8894672],[136.5323809,34.889174],[136.5320417,34.8889766],[136.5312675,34.8885226],[136.5307346,34.8881944],[136.530363,34.8879483],[136.5301132,34.8877658],[136.5298448,34.8875612],[136.5296302,34.8873693],[136.5294379,34.8871872]]}},{"type":"Feature","properties":{"id":175228437,"name":"国道1号","highway":"trunk","role":null},"geometry":{"type":"LineString","coordinates":[[136.5337001,34.8899057],[136.5335021,34.8898089],[136.5332783,34.8896894],[136.5328901,34.8894672]]}},{"type":"Feature","properties":{"id":175229507,"name":"旧東海道","highway":"residential","role":null},"geometry":{"type":"LineString","coordinates":[[136.548899,34.8978518],[136.5489608,34.8975194],[136.5489676,34.897454],[136.5489808,34.8973054],[136.548985,34.897143],[136.5489811,34.8969032],[136.5489801,34.8968182],[136.5489713,34.89673],[136.5489414,34.8964297],[136.5489283,34.89633],[136.548915,34.8962283],[136.5488711,34.8959451],[136.5488492,34.8958354],[136.5488116,34.8957189],[136.5487911,34.8956552],[136.5487409,34.8955274],[136.5487016,34.895456],[136.5486008,34.8953221],[136.5484555,34.895195],[136.548427,34.8951701]]}},{"type":"Feature","properties":{"id":175230486,"name":"旧東海道","highway":"unclassified","role":null},"geometry":{"type":"LineString","coordinates":[[136.5035137,34.8736305],[136.5036225,34.8738246],[136.5037243,34.8739857],[136.50378,34.8740525],[136.5039122,34.8742132],[136.5039999,34.8742974],[136.5040768,34.8743671],[136.5042144,34.8744788],[136.504327,34.874557],[136.5045845,34.8747096]]}},{"type":"Feature","properties":{"id":175231144,"name":"旧東海道","highway":"residential","role":null},"geometry":{"type":"LineString","coordinates":[[136.5481743,34.8990595],[136.5481198,34.8990963],[136.5480489,34.8992712]]}},{"type":"Feature","properties":{"id":175232585,"name":"旧東海道","highway":"residential","role":null},"geometry":{"type":"LineString","coordinates":[[136.5481743,34.8990595],[136.5484897,34.8989253]]}},{"type":"Feature","properties":{"id":175233568,"name":"旧東海道","highway":"track","role":null},"geometry":{"type":"LineString","coordinates":[[136.5432033,34.893057],[136.543299,34.8930039],[136.5434739,34.892939],[136.5436908,34.8928721],[136.5440269,34.8927835],[136.5440593,34.8927895],[136.5440744,34.8928093],[136.5441605,34.8929274],[136.5442819,34.8929237]]}},{"type":"Feature","properties":{"id":175234359,"name":"旧東海道","highway":"unclassified","role":null},"geometry":{"type":"LineString","coordinates":[[136.54808,34.8949648],[136.5481603,34.8950089]]}},{"type":"Feature","properties":{"id":175234476,"name":"旧東海道","highway":"tertiary","role":null},"geometry":{"type":"LineString","coordinates":[[136.5213397,34.8792379],[136.5215436,34.8793427],[136.5217242,34.8794702],[136.5218164,34.8795423]]}},{"type":"Feature","properties":{"id":175234901,"name":"旧東海道","highway":"unclassified","role":null},"geometry":{"type":"LineString","coordinates":[[136.5481603,34.8950089],[136.548427,34.8951701]]}},{"type":"Feature","properties":{"id":175237063,"name":"旧東海道","highway":"unclassified","role":null},"geometry":{"type":"LineString","coordinates":[[136.5051063,34.8749891],[136.5048312,34.8748466],[136.5045845,34.8747096]]}},{"type":"Feature","properties":{"id":175237672,"name":"旧東海道","highway":"residential","role":null},"geometry":{"type":"LineString","coordinates":[[136.5500733,34.9089199],[136.549941,34.9086581],[136.5498356,34.9084535],[136.5497659,34.908279],[136.5496649,34.9081277],[136.5495434,34.9079692],[136.5494482,34.9078449],[136.549361,34.907734],[136.549352,34.9077189],[136.5492921,34.9076186],[136.5491944,34.9074147],[136.5491006,34.907163],[136.5489437,34.9067515],[136.5489067,34.9066545],[136.5486308,34.9058929],[136.5485317,34.9056191]]}},{"type":"Feature","properties":{"id":175238121,"name":"旧東海道","highway":"residential","role":null},"geometry":{"type":"LineString","coordinates":[[136.5257012,34.8849308],[136.5259948,34.8854084],[136.5262122,34.8857491]]}},{"type":"Feature","properties":{"id":175239178,"name":"旧東海道","highway":"residential","role":null},"geometry":{"type":"LineString","coordinates":[[136.5476245,34.9028722],[136.547609,34.9027593],[136.5475745,34.9022836],[136.5475735,34.90227],[136.5475538,34.9020097],[136.5475388,34.901812],[136.5475358,34.9017022],[136.547545,34.9016743]]}},{"type":"Feature","properties":{"id":175240903,"name":"旧東海道","highway":"residential","role":null},"geometry":{"type":"LineString","coordinates":[[136.5246887,34.8833067],[136.5247097,34.8833396],[136.5249119,34.8836563],[136.5251708,34.884079],[136.5251882,34.884106],[136.5256111,34.8847978],[136.5257012,34.8849308]]}},{"type":"Feature","properties":{"id":175241534,"name":"旧東海道","highway":"residential","role":null},"geometry":{"type":"LineString","coordinates":[[136.5516843,34.9112863],[136.5517975,34.9112514],[136.5519063,34.9112372],[136.5520154,34.9112427],[136.5523524,34.9113576]]}},{"type":"Feature","properties":{"id":175242193,"name":"旧東海道","highway":"unclassified","role":null},"geometry":{"type":"LineString","coordinates":[[136.5057424,34.875325],[136.5054767,34.8751887],[136.5051063,34.8749891]]}},{"type":"Feature","properties":{"id":175242993,"name":"旧東海道","highway":"unclassified","role":null},"geometry":{"type":"LineString","coordinates":[[136.5044876,34.8731707],[136.5043839,34.8731584],[136.5042883,34.8731428],[136.5041014,34.8731127],[136.5040091,34.8731075],[136.5039441,34.8731303],[136.5034206,34.8732162]]}},{"type":"Feature","properties":{"id":175244443,"name":"旧東海道","highway":"residential","role":null},"geometry":{"type":"LineString","coordinates":[[136.5480489,34.8992712],[136.5478895,34.8997562],[136.5477375,34.9002318],[136.5477024,34.9003666],[136.5476049,34.9007805],[136.5475934,34.9008451],[136.5475874,34.900895],[136.5475726,34.9011021],[136.5475607,34.9013399],[136.5475521,34.9016281],[136.547545,34.9016743]]}},{"type":"Feature","properties":{"id":175246371,"name":"旧東海道","highway":"residential","role":null},"geometry":{"type":"LineString","coordinates":[[136.5240217,34.8821635],[136.5242836,34.882586],[136.5244053,34.8827976],[136.5245243,34.8830045],[136.5246424,34.8832084],[136.524664,34.8832455],[136.5246887,34.8833067]]}},{"type":"Feature","properties":{"id":175246920,"name":"旧東海道","highway":"track","role":null},"geometry":{"type":"LineString","coordinates":[[136.5215562,34.8784076],[136.5212663,34.877892],[136.5213624,34.8777326],[136.5213041,34.8777169]]}},{"type":"Feature","properties":{"id":175248782,"name":"旧東海道","highway":"tertiary","role":null},"geometry":{"type":"LineString","coordinates":[[136.5213397,34.8792379],[136.5210062,34.879056]]}},{"type":"Feature","properties":{"id":175248848,"name":"旧東海道","highway":"residential","role":null},"geometry":{"type":"LineString","coordinates":[[136.5476245,34.9028722],[136.5476401,34.9029576],[136.5476559,34.9030715],[136.5477108,34.9033027],[136.5477894,34.9035326],[136.5479397,34.9039469],[136.5481134,34.9044474],[136.5483951,34.9052456],[136.5484979,34.9055347],[136.5485317,34.9056191]]}},{"type":"Feature","properties":{"id":175249001,"name":"旧東海道","highway":"residential","role":null},"geometry":{"type":"LineString","coordinates":[[136.5082767,34.8759875],[136.508618,34.8760468],[136.5088424,34.8760516],[136.5091477,34.8759881],[136.5093878,34.8759462],[136.5096782,34.8758956],[136.5096949,34.8758932],[136.5102262,34.875802],[136.5107347,34.8757199],[136.5107649,34.8757178],[136.5108971,34.8757086],[136.5110659,34.875702],[136.5112553,34.8757052],[136.511462,34.875757],[136.5117523,34.8758697],[136.5119179,34.8759373]]}},{"type":"Feature","properties":{"id":175249379,"name":"旧東海道","highway":"residential","role":null},"geometry":{"type":"LineString","coordinates":[[136.5223356,34.8804417],[136.5223106,34.8804107],[136.5220267,34.8802168],[136.521806,34.8799869],[136.5215815,34.8796369],[136.52156,34.8796268],[136.5214828,34.879504],[136.5213397,34.8792379]]}},{"type":"Feature","properties":{"id":175250447,"name":"旧東海道","highway":"unclassified","role":null},"geometry":{"type":"LineString","coordinates":[[136.5419707,34.8920266],[136.5419113,34.8919161],[136.5417905,34.8917113],[136.541669,34.891544],[136.5416302,34.891495],[136.5413169,34.8912073],[136.5411248,34.8910413],[136.5409761,34.890929],[136.5409526,34.8908593],[136.5409684,34.8907764],[136.5410137,34.8906901]]}},{"type":"Feature","properties":{"id":175252051,"name":"旧東海道","highway":"residential","role":null},"geometry":{"type":"LineString","coordinates":[[136.5262122,34.8857491],[136.52651,34.8862209],[136.526735,34.8865774],[136.5267587,34.8866115],[136.526832,34.886717],[136.5269325,34.886875],[136.526957,34.8869022],[136.5270631,34.8870523],[136.5271064,34.8871141],[136.5271528,34.8871687],[136.5272239,34.8872335],[136.5273188,34.8873497]]}},{"type":"Feature","properties":{"id":175252746,"name":"旧東海道","highway":"unclassified","role":null},"geometry":{"type":"LineString","coordinates":[[136.54808,34.8949648],[136.547854,34.894842],[136.5477258,34.8947809],[136.5475645,34.8947397]]}},{"type":"Feature","properties":{"id":175253204,"name":"旧東海道","highway":"residential","role":null},"geometry":{"type":"LineString","coordinates":[[136.548899,34.8978518],[136.5487994,34.898483],[136.5487677,34.8986183],[136.5486863,34.898775],[136.5485897,34.8988789],[136.5484897,34.8989253]]}},{"type":"Feature","properties":{"id":175253375,"name":"旧東海道","highway":"track","role":null},"geometry":{"type":"LineString","coordinates":[[136.5432033,34.893057],[136.5431826,34.893033]]}},{"type":"Feature","properties":{"id":175253824,"name":"旧東海道","highway":"unclassified","role":null},"geometry":{"type":"LineString","coordinates":[[136.5082767,34.8759875],[136.5079084,34.8759278],[136.5075717,34.8758832],[136.5072506,34.8758375],[136.5069995,34.8758063],[136.5068614,34.8757779],[136.5066576,34.8757247],[136.5064943,34.8756742],[136.5063511,34.8756096],[136.5062315,34.8755552],[136.505933,34.875419],[136.5057424,34.875325]]}},{"type":"Feature","properties":{"id":175253850,"name":"旧東海道","highway":"residential","role":null},"geometry":{"type":"LineString","coordinates":[[136.5240217,34.8821635],[136.5239784,34.8820916],[136.5238911,34.8819713],[136.5238082,34.8818585],[136.5237244,34.8817485],[136.5236292,34.8816358],[136.5235223,34.881521],[136.5233854,34.8813883],[136.523306,34.8813106],[136.5232945,34.8813069],[136.5232508,34.8812622],[136.5232441,34.8812557],[136.5231342,34.8811467],[136.5230546,34.8810714],[136.5229784,34.8810032],[136.5228774,34.8809146],[136.52269,34.8807581],[136.5225406,34.8806313],[136.5224409,34.8805433],[136.5223686,34.8804795],[136.5223356,34.8804417]]}},{"type":"Feature","properties":{"id":175368699,"name":"旧東海道","highway":"residential","role":null},"geometry":{"type":"LineString","coordinates":[[136.4050654,34.8505685],[136.4048796,34.8505853],[136.4044464,34.8506155],[136.4043269,34.8506384],[136.4039401,34.8507361],[136.4035808,34.8508465],[136.4032712,34.8509445],[136.4029498,34.8510694],[136.4026798,34.8511845],[136.402493,34.8512561],[136.4020321,34.8514243],[136.4016596,34.8515334],[136.4012806,34.8516009],[136.4010993,34.8516251],[136.4005485,34.8516267],[136.4003873,34.8516063],[136.4002618,34.8516261],[136.4000475,34.8516421],[136.3991807,34.8517477],[136.3990417,34.8517616],[136.3982145,34.8518487],[136.3977499,34.8518967],[136.3975125,34.8519578],[136.3973552,34.8519991],[136.3970586,34.8520589],[136.3966238,34.8521159],[136.3962951,34.8521485],[136.3958522,34.8522012],[136.395639,34.8522336],[136.3952293,34.8522882],[136.3946498,34.8523892],[136.3945959,34.8523939],[136.3944074,34.8524105],[136.3943892,34.8524151],[136.3942366,34.8524306],[136.3940929,34.8524389],[136.3936732,34.8524339],[136.3931448,34.8524115],[136.3929638,34.852409],[136.3928559,34.852411],[136.392455,34.8524327],[136.3920422,34.8524787],[136.3914968,34.8525761],[136.3912896,34.8526169],[136.3910424,34.8526655],[136.3905757,34.8527615],[136.3904712,34.8527855],[136.3903773,34.8528157],[136.3902938,34.8528371],[136.390152,34.8528734],[136.3900437,34.8529062],[136.3899685,34.8529152],[136.389808,34.8529467],[136.3896971,34.8529853]]}},{"type":"Feature","properties":{"id":175666595,"name":"旧東海道","highway":"secondary","role":null},"geometry":{"type":"LineString","coordinates":[[137.5044165,34.6863888],[137.5036895,34.686814],[137.5036256,34.6868514],[137.5031947,34.6871034],[137.5029902,34.6872238],[137.5029539,34.6872338],[137.502823,34.6872137],[137.5027735,34.6872182],[137.5027297,34.6872352],[137.5026834,34.6872598],[137.5026173,34.6872956],[137.5022694,34.6875269],[137.5016674,34.687968],[137.5014737,34.6881035],[137.5008152,34.6885819],[137.5003673,34.6889501]]}},{"type":"Feature","properties":{"id":175666688,"name":"旧東海道","highway":"unclassified","role":null},"geometry":{"type":"LineString","coordinates":[[137.5116741,34.6817239],[137.5115772,34.6817135],[137.5114851,34.6817078],[137.5113652,34.6816738],[137.5112631,34.6815726],[137.5112159,34.6815225],[137.5111427,34.681479],[137.5110008,34.6814577],[137.5108578,34.681465],[137.510721,34.6814798],[137.5106061,34.681552],[137.5105561,34.6816429],[137.5104826,34.6817883],[137.5104788,34.6818851],[137.5104861,34.6819873],[137.5105104,34.6820624],[137.5105034,34.6821656],[137.5104236,34.6823251],[137.5103169,34.6824588],[137.5101954,34.6825701],[137.5098796,34.6828128],[137.5096576,34.6830223],[137.5094574,34.6832133],[137.5093189,34.6833613]]}},{"type":"Feature","properties":{"id":175666711,"name":"旧東海道（潮見坂）","highway":"unclassified","role":null},"geometry":{"type":"LineString","coordinates":[[137.5132091,34.679612],[137.5129826,34.6800482],[137.51286,34.6803262],[137.5126741,34.6806856],[137.5124978,34.6810045],[137.5123034,34.6813175],[137.5121115,34.681519],[137.5119316,34.6816397],[137.511852,34.681677],[137.5116741,34.6817239]]}},{"type":"Feature","properties":{"id":175667272,"name":"旧東海道","highway":"unclassified","role":null},"geometry":{"type":"LineString","coordinates":[[137.5587776,34.6925712],[137.5585745,34.6920737],[137.558438,34.6917458],[137.5584274,34.6917176],[137.558258,34.691276],[137.558169,34.691079],[137.55808,34.6908435],[137.558094,34.690274],[137.5580903,34.6901349],[137.5580952,34.6899175],[137.5581153,34.6889372]]}},{"type":"Feature","properties":{"id":175669227,"name":"旧東海道","highway":"unclassified","role":null},"geometry":{"type":"LineString","coordinates":[[137.5003673,34.6889501],[137.5002447,34.6890885],[137.500035,34.6893785],[137.4999621,34.6894951],[137.4998037,34.6897965],[137.4996594,34.6901142],[137.4996476,34.6901396],[137.4995141,34.6904566],[137.4993374,34.6909075],[137.49909,34.691256],[137.4988172,34.6916894],[137.4985035,34.6921376],[137.4983169,34.6924073],[137.498157,34.6926396],[137.497991,34.6928469],[137.4977678,34.693121],[137.497542,34.693386],[137.497481,34.693476],[137.4971854,34.6938298],[137.497099,34.693932],[137.4968793,34.6941658],[137.4968044,34.6942313],[137.4966609,34.6943001],[137.4963872,34.6943544],[137.4957204,34.6944957],[137.4954328,34.6945407],[137.4952761,34.6945497]]}},{"type":"Feature","properties":{"id":175669438,"name":"旧東海道","highway":"tertiary","role":null},"geometry":{"type":"LineString","coordinates":[[137.5587776,34.6925712],[137.558817,34.692718],[137.5588169,34.6928025],[137.558827,34.6929282],[137.5588843,34.6933075],[137.5589561,34.6937233],[137.5590467,34.6945189],[137.5590704,34.6945727],[137.5590894,34.6947884],[137.5591032,34.6949116],[137.5591264,34.6950472]]}},{"type":"Feature","properties":{"id":175669865,"name":"旧東海道","highway":"tertiary","role":null},"geometry":{"type":"LineString","coordinates":[[137.5132091,34.679612],[137.513755,34.679633],[137.5143337,34.6796578],[137.514669,34.6797004],[137.5155335,34.6798336],[137.5171608,34.6800747],[137.5185909,34.6802891],[137.518853,34.680331],[137.520012,34.680511],[137.520162,34.680534],[137.5205763,34.6805948],[137.520651,34.680619],[137.5213439,34.6808385],[137.5216687,34.6809134],[137.5224411,34.6810322],[137.5230303,34.6811201],[137.5231802,34.6811299],[137.5235994,34.6811287],[137.5237438,34.6811287],[137.5241332,34.6811258],[137.5249275,34.681144],[137.5254715,34.6811839],[137.5258388,34.6812323],[137.5260141,34.6812573],[137.5263803,34.6813356],[137.5265497,34.6813864]]}},{"type":"Feature","properties":{"id":175670007,"name":"旧東海道","highway":"unclassified","role":null},"geometry":{"type":"LineString","coordinates":[[137.5093189,34.6833613],[137.5089453,34.6837555],[137.5088293,34.6838278],[137.5087598,34.6838629],[137.5086616,34.6838836],[137.5085391,34.683889],[137.5084249,34.6838726],[137.5083264,34.6838371],[137.5082027,34.6837678],[137.5080393,34.6836908],[137.5079703,34.6836674],[137.5079167,34.6836594],[137.5078419,34.6836769],[137.5077379,34.6837421],[137.5076522,34.683805],[137.5074939,34.6838882],[137.507387,34.6839414],[137.5072852,34.6840068],[137.5071528,34.6841458],[137.5069368,34.6843872],[137.5066705,34.6847171],[137.5060605,34.6853749]]}},{"type":"Feature","properties":{"id":175671058,"name":"旧東海道","highway":"tertiary","role":null},"geometry":{"type":"LineString","coordinates":[[137.5399226,34.6840139],[137.540141,34.6840333],[137.540265,34.6840443],[137.5407136,34.6840835],[137.5407942,34.6840905],[137.5411848,34.6841175],[137.5413154,34.6841237],[137.5424164,34.6842172],[137.5425382,34.6842266],[137.5427327,34.6842498],[137.5429372,34.6842836],[137.543128,34.684343],[137.5434223,34.6844664],[137.5437843,34.6846148],[137.544358,34.68486],[137.5444398,34.6848984],[137.5445826,34.6849971],[137.545034,34.6852761],[137.5452756,34.6853685],[137.5453611,34.6854012],[137.545619,34.685451],[137.5463012,34.6855802],[137.5466395,34.6856796],[137.5469503,34.6857766],[137.5472048,34.6858565],[137.5478174,34.6860592],[137.5484901,34.6863055],[137.5491824,34.6864999],[137.5494714,34.6865692],[137.5499268,34.6866085],[137.5500766,34.6866182],[137.5508451,34.6867723],[137.5511606,34.6868442],[137.5515725,34.6869578],[137.5517501,34.6870037],[137.5518746,34.6870052],[137.5520084,34.6869966],[137.5521725,34.6869643],[137.5524707,34.6868619],[137.5527607,34.686754],[137.55309,34.686648],[137.5532239,34.686614],[137.5533784,34.6866015],[137.5534936,34.6865995],[137.5544213,34.6865813],[137.5550301,34.6865836],[137.5554165,34.6865851],[137.5557373,34.6865671]]}},{"type":"Feature","properties":{"id":175671329,"name":"旧東海道","highway":"unclassified","role":null},"geometry":{"type":"LineString","coordinates":[[137.5324645,34.6829321],[137.5327,34.6829494],[137.5330194,34.6829772],[137.5331025,34.6829891],[137.5334444,34.6830496],[137.5336928,34.6830902],[137.5338505,34.683124],[137.5343051,34.6832094],[137.5346084,34.6832834],[137.5349189,34.6833429],[137.5351081,34.6833818],[137.5355741,34.6834905],[137.5357726,34.6835196],[137.535835,34.6835287],[137.5360032,34.6835407],[137.53617,34.6835573],[137.5365839,34.683611],[137.536913,34.683626],[137.5374346,34.6836731],[137.537725,34.6836993],[137.5379696,34.6837278],[137.5381991,34.6837658],[137.5383019,34.6837828],[137.5383241,34.6837865],[137.5387376,34.6838802],[137.5390336,34.6839203],[137.5394909,34.6839714],[137.5395529,34.6839783],[137.5396149,34.6839852],[137.5399226,34.6840139]]}},{"type":"Feature","properties":{"id":175698687,"name":"東海道","highway":"trunk","role":null},"geometry":{"type":"LineString","coordinates":[[137.7357615,34.7081935],[137.7359142,34.7082407],[137.7360188,34.7082421],[137.7364838,34.7082373],[137.7365411,34.7082391],[137.7370022,34.7081846]]}},{"type":"Feature","properties":{"id":177922810,"name":"旧東海道","highway":"path","role":null},"geometry":{"type":"LineString","coordinates":[[139.0108138,35.177348],[139.0107395,35.1770616],[139.010661,35.176959],[139.0100986,35.1765452],[139.0098843,35.176371],[139.0096719,35.1761477],[139.0095983,35.1758277],[139.0093091,35.1757962],[139.0089306,35.1752711],[139.0090863,35.1750823],[139.0089919,35.1748585],[139.0089919,35.1746577],[139.0088502,35.1745033],[139.0089541,35.1740633],[139.0087746,35.1737005],[139.0085952,35.1736078],[139.0084252,35.1733067],[139.0083307,35.1732372],[139.0082737,35.1730145],[139.0082599,35.1729608]]}},{"type":"Feature","properties":{"id":180935856,"name":"磐田細江線","highway":"secondary","role":null},"geometry":{"type":"LineString","coordinates":[[137.8403199,34.7152451],[137.8401013,34.7152649],[137.8399133,34.7153135],[137.8387875,34.7157966],[137.8385478,34.7158998]]}},{"type":"Feature","properties":{"id":180935869,"name":"磐田細江線","highway":"secondary","role":null},"geometry":{"type":"LineString","coordinates":[[137.823136,34.7219434],[137.8237299,34.7217039],[137.8243114,34.7214885],[137.8253405,34.7210932],[137.8257325,34.7209599],[137.826069,34.7208258],[137.8265643,34.720611]]}},{"type":"Feature","properties":{"id":180935870,"name":"磐田細江線","highway":"secondary","role":null},"geometry":{"type":"LineString","coordinates":[[137.8267311,34.7205316],[137.826956,34.7204272],[137.8270786,34.7203687],[137.8273397,34.720272],[137.828203,34.7198861],[137.8289025,34.7196004],[137.829864,34.7192788],[137.830445,34.719095],[137.8314159,34.7187877],[137.8318629,34.7186311],[137.8321614,34.7185163],[137.8327738,34.7182691],[137.8339468,34.7177662],[137.8339691,34.7177566],[137.834727,34.7174416],[137.8353957,34.7171693],[137.836203,34.716831]]}},{"type":"Feature","properties":{"id":180935996,"name":"豊田竜洋線","highway":"secondary","role":null},"geometry":{"type":"LineString","coordinates":[[137.813179,34.7231464],[137.8132401,34.7233635],[137.8132448,34.7234109],[137.8132513,34.7234767],[137.813237,34.7237651],[137.8133437,34.7244289],[137.813376,34.7246297],[137.8134158,34.7247633],[137.8134615,34.724869],[137.8135078,34.7249625],[137.8136085,34.7251192],[137.8140542,34.7257286],[137.8141784,34.7259533],[137.8142944,34.726214],[137.8143269,34.7263496],[137.8143433,34.7264875],[137.8143387,34.7266292],[137.8143336,34.7269082]]}},{"type":"Feature","properties":{"id":180936002,"name":"豊田竜洋線","highway":"secondary","role":null},"geometry":{"type":"LineString","coordinates":[[137.8143236,34.7285991],[137.8143272,34.728872],[137.8143235,34.728924],[137.8143074,34.7291474],[137.814263,34.7294525],[137.81424,34.7295553],[137.8140795,34.7300855],[137.8140449,34.7302446],[137.8140181,34.7303965]]}},{"type":"Feature","properties":{"id":180936258,"name":"旧東海道","highway":"residential","role":null},"geometry":{"type":"LineString","coordinates":[[137.8526139,34.7211211],[137.852857,34.721242],[137.853028,34.721325],[137.853159,34.721408],[137.853248,34.72153],[137.853296,34.72166],[137.85331,34.721744],[137.853262,34.722105],[137.853195,34.72237],[137.85299,34.722822],[137.8529263,34.7230459]]}},{"type":"Feature","properties":{"id":180937818,"name":"旧東海道","highway":"tertiary","role":null},"geometry":{"type":"LineString","coordinates":[[137.8597822,34.727014],[137.8598031,34.7270149],[137.8600517,34.727026],[137.8601464,34.7270302],[137.8606498,34.7270527],[137.8615253,34.7270911],[137.8620384,34.7271149],[137.8625608,34.7271338],[137.8627199,34.7271275],[137.8628784,34.727116],[137.8630294,34.7270911],[137.8632145,34.7270506],[137.8633663,34.7270019],[137.863391,34.726994],[137.8635998,34.7269148]]}},{"type":"Feature","properties":{"id":180937894,"name":"旧東海道","highway":"tertiary","role":null},"geometry":{"type":"LineString","coordinates":[[137.868624,34.7291738],[137.8689045,34.7293104],[137.8690318,34.729382],[137.8694705,34.7296421],[137.8696887,34.7297361],[137.8699157,34.7297613]]}},{"type":"Feature","properties":{"id":180938173,"name":"旧東海道","highway":"tertiary","role":null},"geometry":{"type":"LineString","coordinates":[[137.8196306,34.7231074],[137.8199422,34.7230542],[137.8204262,34.7229114],[137.8211273,34.7226465],[137.8220265,34.7223653],[137.8222334,34.7222433],[137.823136,34.7219434]]}},{"type":"Feature","properties":{"id":180939499,"name":"旧東海道","highway":"tertiary","role":null},"geometry":{"type":"LineString","coordinates":[[137.8595901,34.727013],[137.8597822,34.727014]]}},{"type":"Feature","properties":{"id":180942873,"name":"旧東海道","highway":"unclassified","role":null},"geometry":{"type":"LineString","coordinates":[[137.8849325,34.7370271],[137.884764,34.737054],[137.884648,34.737065],[137.884539,34.737054],[137.884483,34.737042],[137.884437,34.737021],[137.884396,34.73697],[137.88428,34.736728],[137.884042,34.736435],[137.883954,34.736356],[137.883654,34.736148],[137.883354,34.735916],[137.883313,34.735849],[137.883313,34.7357703],[137.883313,34.735691],[137.8833887,34.7353156]]}},{"type":"Feature","properties":{"id":180943705,"name":"旧東海道","highway":"tertiary","role":null},"geometry":{"type":"LineString","coordinates":[[137.8521948,34.7117295],[137.8516185,34.7117642],[137.8514162,34.7117831],[137.8513944,34.7117851],[137.8502388,34.7118436],[137.8488925,34.7119397],[137.8488116,34.7119516],[137.8486784,34.7119839],[137.8483403,34.7121095],[137.8480381,34.7122298],[137.8476952,34.7123665],[137.8474744,34.7124629],[137.847291,34.7125459],[137.8470341,34.7126621],[137.8469045,34.7127084],[137.8468694,34.7127289],[137.8461695,34.7129802],[137.8460556,34.7130268],[137.8454084,34.7132916],[137.8448488,34.7135206],[137.8441407,34.7137929],[137.8440052,34.7138446],[137.8438352,34.713905],[137.843287,34.7141218],[137.8430685,34.7141877],[137.8425009,34.7143287]]}},{"type":"Feature","properties":{"id":180944216,"name":"旧東海道","highway":"unclassified","role":null},"geometry":{"type":"LineString","coordinates":[[137.868624,34.7291738],[137.8682112,34.728945],[137.8672158,34.7283461],[137.8668636,34.7281752],[137.8665259,34.728039],[137.8664431,34.7280072]]}},{"type":"Feature","properties":{"id":180947673,"name":"旧東海道","highway":"tertiary","role":null},"geometry":{"type":"LineString","coordinates":[[137.8595901,34.727013],[137.8590661,34.7270039],[137.8587687,34.7270019],[137.8582528,34.7269815],[137.8577168,34.7269291],[137.8572229,34.7268857],[137.8563905,34.7267571],[137.8556657,34.7266411],[137.8555851,34.7266281],[137.8550175,34.7265322],[137.8543871,34.7264256],[137.8543462,34.7264187],[137.8540246,34.7263596],[137.853807,34.7263045],[137.8535727,34.7262207],[137.8535058,34.7261941],[137.853365,34.726138],[137.8531309,34.7260227]]}},{"type":"Feature","properties":{"id":181557966,"name":"鶴見銀座","highway":"residential","role":null},"geometry":{"type":"LineString","coordinates":[[139.677549,35.5055547],[139.6775257,35.50549],[139.6773102,35.5050405],[139.6772685,35.5049373],[139.6770853,35.504484],[139.6768916,35.5040018],[139.6767931,35.5037819]]}},{"type":"Feature","properties":{"id":182164927,"name":"緑瑞穂線","highway":"secondary","role":null},"geometry":{"type":"LineString","coordinates":[[136.9452529,35.0931322],[136.9444411,35.0934792]]}},{"type":"Feature","properties":{"id":183597586,"name":"旧東海道","highway":"unclassified","role":null},"geometry":{"type":"LineString","coordinates":[[138.0309711,34.7769535],[138.0297995,34.7766316],[138.0292332,34.7764908],[138.0290056,34.7764285],[138.0280799,34.7761751],[138.028043,34.776165],[138.0279616,34.7761427]]}},{"type":"Feature","properties":{"id":183680258,"name":"緑瑞穂線","highway":"secondary","role":null},"geometry":{"type":"LineString","coordinates":[[136.9539749,35.0778169],[136.9541884,35.0776122]]}},{"type":"Feature","properties":{"id":183680259,"name":"緑瑞穂線","highway":"secondary","role":null},"geometry":{"type":"LineString","coordinates":[[136.9541884,35.0776122],[136.9542146,35.0775913],[136.9542476,35.0775559],[136.9542785,35.0774957],[136.9543343,35.0773547],[136.9543545,35.0772575],[136.9543648,35.0771363],[136.9543617,35.0770388],[136.9543375,35.0769022],[136.9543397,35.0767626],[136.9544011,35.0766316],[136.9545647,35.0763871],[136.9547195,35.0761656],[136.9548713,35.0759246],[136.9551614,35.0754338],[136.9556425,35.074641],[136.9559239,35.0741803],[136.9561701,35.0738209],[136.9562656,35.0737065],[136.9563094,35.0736461],[136.9563682,35.0736051],[136.9566221,35.0734127],[136.9566775,35.0733707],[136.9567939,35.0732642],[136.957072,35.0730776],[136.9572704,35.0729885],[136.957573,35.0729449],[136.95774,35.072937],[136.9582239,35.0729713],[136.9585967,35.0729627],[136.9590006,35.0728708],[136.9592961,35.0728023],[136.9596712,35.0727151],[136.9598351,35.0726687],[136.9600028,35.0725784],[136.9601698,35.0724655],[136.9607506,35.0720951],[136.9612105,35.0718931],[136.9612857,35.0718742],[136.9614234,35.0718396],[136.9617432,35.0717759],[136.9618712,35.0717307],[136.9627618,35.0712474],[136.9631175,35.0710751],[136.9638353,35.0707154],[136.9640445,35.0706294],[136.9645447,35.0704318],[136.9648141,35.0702808],[136.9651607,35.0700465],[136.9654436,35.0698555],[136.9656582,35.0697129],[136.9657655,35.0696382]]}},{"type":"Feature","properties":{"id":183689364,"name":"中町通り","highway":"primary","role":null},"geometry":{"type":"LineString","coordinates":[[138.0152613,34.7728747],[138.0151725,34.7728714],[138.0139927,34.7728325],[138.0136588,34.7728199],[138.0135374,34.7728153]]}},{"type":"Feature","properties":{"id":183690777,"name":"旧東海道","highway":"tertiary","role":null},"geometry":{"type":"LineString","coordinates":[[138.0275366,34.7759244],[138.0273797,34.7758029],[138.0272897,34.7757393],[138.027202,34.7756737],[138.0271564,34.7756396]]}},{"type":"Feature","properties":{"id":183690803,"name":"掛川浜岡線","highway":"primary","role":null},"geometry":{"type":"LineString","coordinates":[[138.0029064,34.7746556],[138.0028051,34.7747834],[138.0027376,34.7748528],[138.0025394,34.7750381],[138.0024439,34.7751668],[138.0023728,34.7752789],[138.0023244,34.7753681],[138.0021828,34.7756846]]}},{"type":"Feature","properties":{"id":183690804,"name":"旧東海道","highway":"tertiary","role":null},"geometry":{"type":"LineString","coordinates":[[138.0271564,34.7756396],[138.0270741,34.7755801],[138.0269781,34.7755108],[138.0266421,34.775268],[138.026492,34.7751527],[138.02614,34.7748906],[138.0256649,34.7745416],[138.0251559,34.7741611],[138.0245771,34.7737706],[138.0242767,34.7735558],[138.0241864,34.7734965],[138.024086,34.7734444],[138.0239671,34.7733866]]}},{"type":"Feature","properties":{"id":183706646,"name":"旧東海道","highway":"unclassified","role":null},"geometry":{"type":"LineString","coordinates":[[137.8403199,34.7152451],[137.8403572,34.7150972],[137.8404862,34.7150229],[137.8409571,34.7148184],[137.8412275,34.714701],[137.8414048,34.7146266],[137.8415925,34.7145618],[137.8416794,34.7145395],[137.8425009,34.7143287]]}},{"type":"Feature","properties":{"id":183707503,"name":"旧東海道","highway":"unclassified","role":null},"geometry":{"type":"LineString","coordinates":[[137.87133,34.730846],[137.8714158,34.7307688],[137.8715097,34.7307556],[137.8716438,34.7307887],[137.8720112,34.730879],[137.8721561,34.7309055],[137.8722848,34.7309011],[137.8726523,34.7308857],[137.8729983,34.7308768],[137.8732048,34.7309011],[137.8733657,34.7309518],[137.8735481,34.7310377],[137.873593,34.7310672],[137.8737359,34.7311612],[137.8738794,34.7312728],[137.8738889,34.7312802],[137.8739344,34.7313155],[137.8740428,34.7314151],[137.8741168,34.731483],[137.8742536,34.7315734],[137.8744966,34.7316984],[137.8748848,34.7318906],[137.8759068,34.7324837],[137.8763333,34.7326869],[137.8764299,34.7327324],[137.8766691,34.7328452],[137.8769092,34.7329584],[137.8770696,34.73301],[137.8781651,34.7333629],[137.8785682,34.7334784],[137.879259,34.7337402],[137.879407,34.7337986],[137.8799023,34.7339875],[137.8806178,34.7342563],[137.8812816,34.7344989],[137.8818277,34.7346771],[137.8822139,34.7347743],[137.8825217,34.7348923],[137.8833887,34.7353156]]}},{"type":"Feature","properties":{"id":183707745,"name":"旧東海道","highway":"unclassified","role":null},"geometry":{"type":"LineString","coordinates":[[137.8635998,34.7269148],[137.8636833,34.7270236],[137.863749,34.7270467],[137.8641928,34.7271044],[137.8642688,34.7271143],[137.8643992,34.7271594],[137.8652485,34.7275264],[137.8664431,34.7280072]]}},{"type":"Feature","properties":{"id":184100486,"name":"旧東海道","highway":"tertiary","role":null},"geometry":{"type":"LineString","coordinates":[[137.0375987,35.0149431],[137.0378363,35.0141761]]}},{"type":"Feature","properties":{"id":184100697,"name":"旧東海道","highway":"tertiary","role":null},"geometry":{"type":"LineString","coordinates":[[137.0378363,35.0141761],[137.0378464,35.0141432]]}},{"type":"Feature","properties":{"id":184101854,"name":"旧東海道","highway":"unclassified","role":null},"geometry":{"type":"LineString","coordinates":[[137.0398158,35.0107637],[137.0399619,35.0105705],[137.0399765,35.0105534],[137.0400686,35.01045],[137.0400936,35.0104282],[137.0403641,35.010192],[137.0405786,35.0100382],[137.0407462,35.009964],[137.0407684,35.0099542]]}},{"type":"Feature","properties":{"id":184526966,"name":"掛川袋井線","highway":"secondary","role":null},"geometry":{"type":"LineString","coordinates":[[137.9204371,34.7466327],[137.9204579,34.7466353],[137.920602,34.7466564],[137.9206785,34.7466709],[137.9208342,34.7467003],[137.9216148,34.7469519],[137.922786,34.7473416]]}},{"type":"Feature","properties":{"id":184526967,"name":"掛川袋井線","highway":"secondary","role":null},"geometry":{"type":"LineString","coordinates":[[137.9201424,34.7466313],[137.9204371,34.7466327]]}},{"type":"Feature","properties":{"id":184526982,"name":"掛川袋井線","highway":"secondary","role":null},"geometry":{"type":"LineString","coordinates":[[137.9290367,34.7531837],[137.9291462,34.7530754],[137.9291987,34.7530506],[137.9292535,34.75306]]}},{"type":"Feature","properties":{"id":184526983,"name":"掛川袋井線","highway":"secondary","role":null},"geometry":{"type":"LineString","coordinates":[[137.9201424,34.7466313],[137.9201186,34.7466344],[137.9191784,34.7467331],[137.9191233,34.7467454],[137.9190765,34.7467612],[137.9190328,34.7467794],[137.9189926,34.7467986],[137.9189362,34.746837],[137.9188882,34.7468774],[137.9188352,34.746933],[137.9187696,34.746993],[137.918603,34.747113],[137.9183176,34.7473232],[137.9182484,34.7473649],[137.918152,34.7474096],[137.9180296,34.7474485],[137.9179644,34.7474626],[137.9179041,34.7474729],[137.9178496,34.747477],[137.9177996,34.7474756],[137.9177569,34.7474712],[137.9176772,34.7474612],[137.9176514,34.7474579],[137.9173655,34.7473916],[137.9170826,34.7473247],[137.9169817,34.7473031],[137.9169,34.747281],[137.9163596,34.7471231],[137.9160668,34.7470292],[137.9157964,34.7469332],[137.9157182,34.7469048],[137.9156306,34.7468739],[137.9153007,34.7467621],[137.9143979,34.746401],[137.913962,34.7462475],[137.9136064,34.7461206],[137.9131729,34.7459887],[137.9123347,34.7457319],[137.9119037,34.745606],[137.9115749,34.7455151]]}},{"type":"Feature","properties":{"id":184527490,"name":"旧東海道","highway":"tertiary","role":null},"geometry":{"type":"LineString","coordinates":[[137.9237788,34.7476575],[137.9242381,34.7478012],[137.9245302,34.7479146],[137.9246888,34.7479907],[137.924742,34.7480163],[137.9249598,34.7481274],[137.9251207,34.7482289],[137.9252188,34.7483023],[137.9253164,34.748415],[137.9253819,34.7485472],[137.9255361,34.7489737]]}},{"type":"Feature","properties":{"id":184529547,"name":"旧東海道","highway":"tertiary","role":null},"geometry":{"type":"LineString","coordinates":[[137.9255361,34.7489737],[137.9254818,34.7490498]]}},{"type":"Feature","properties":{"id":184534411,"name":"旧東海道","highway":"tertiary","role":null},"geometry":{"type":"LineString","coordinates":[[137.9237788,34.7476575],[137.9237558,34.7476503],[137.9235558,34.7475875],[137.922786,34.7473416]]}},{"type":"Feature","properties":{"id":184535982,"name":"旧東海道","highway":"unclassified","role":null},"geometry":{"type":"LineString","coordinates":[[137.9004099,34.7426284],[137.9013024,34.7430003],[137.9016421,34.7431551],[137.9020553,34.7433441],[137.9030429,34.7436065],[137.9034892,34.7437646],[137.9037442,34.7438385],[137.9041173,34.7439322],[137.9046876,34.7439448],[137.905647,34.743862],[137.9060053,34.7437843]]}},{"type":"Feature","properties":{"id":185264903,"name":"白鳥豊橋線","highway":"secondary","role":null},"geometry":{"type":"LineString","coordinates":[[137.3744723,34.785121],[137.3744573,34.785138],[137.3744022,34.7852005],[137.374044,34.7855709],[137.373729,34.7859665],[137.37333,34.7864675],[137.3730402,34.7868099],[137.3727991,34.7870948],[137.3722471,34.7877789],[137.3718782,34.7881999],[137.3716575,34.7884843],[137.371506,34.788692],[137.3709644,34.789238],[137.370725,34.7895027],[137.3701317,34.7901344],[137.368966,34.7914813],[137.3689279,34.7915207]]}},{"type":"Feature","properties":{"id":185264904,"name":"白鳥豊橋線","highway":"secondary","role":null},"geometry":{"type":"LineString","coordinates":[[137.3689279,34.7915207],[137.368044,34.7925342]]}},{"type":"Feature","properties":{"id":185264906,"name":"白鳥豊橋線","highway":"secondary","role":null},"geometry":{"type":"LineString","coordinates":[[137.3745822,34.7849964],[137.3744723,34.785121]]}},{"type":"Feature","properties":{"id":185264907,"name":"白鳥豊橋線","highway":"secondary","role":null},"geometry":{"type":"LineString","coordinates":[[137.3564953,34.8078898],[137.3565692,34.8078011],[137.3569447,34.8073797],[137.3570613,34.8072489],[137.3571785,34.8071173],[137.3572257,34.807072],[137.3576772,34.8066382],[137.3580386,34.8062913],[137.358336,34.8059899],[137.3592886,34.8049819],[137.3597346,34.8045114],[137.360132,34.8040593],[137.3606944,34.8034192],[137.3607735,34.8033101],[137.3617199,34.8021847],[137.3617905,34.8021162],[137.3618476,34.8020446],[137.3627475,34.8010068],[137.3629702,34.8007789],[137.3629841,34.8007575],[137.3634763,34.8002297],[137.3639014,34.799811],[137.3639665,34.7997311],[137.3640178,34.7996134],[137.3642373,34.7987619],[137.3642499,34.7987227],[137.3642736,34.798659],[137.3644391,34.7979469],[137.364525,34.7975086]]}},{"type":"Feature","properties":{"id":185565604,"name":"国道1号","highway":"trunk","role":null},"geometry":{"type":"LineString","coordinates":[[139.3039091,35.3073484],[139.3040106,35.307362],[139.3040412,35.3073661],[139.304206,35.3073942],[139.3045045,35.3074477],[139.3047183,35.3074894],[139.3051751,35.307574],[139.3055202,35.3076382],[139.3058621,35.3077039],[139.3060705,35.3077425],[139.3068847,35.3078995],[139.3070577,35.307934],[139.307213,35.3079631],[139.3073736,35.3079849],[139.3075403,35.308003],[139.307718,35.3080095],[139.3079092,35.3080089],[139.308059,35.3080028],[139.3081137,35.3079968],[139.3081951,35.3079756]]}},{"type":"Feature","properties":{"id":185565605,"name":"国道1号","highway":"trunk","role":null},"geometry":{"type":"LineString","coordinates":[[139.303041,35.3070569],[139.3022346,35.3068568],[139.3019332,35.3067829],[139.3002987,35.3063854],[139.2999322,35.3062965],[139.299701,35.3062401],[139.2990261,35.3060754],[139.2982988,35.3058979],[139.2977805,35.3057715],[139.297669,35.3057443],[139.2970677,35.3056039],[139.2969644,35.3055752],[139.2968815,35.3055603],[139.296537,35.3054774],[139.2961205,35.3053767],[139.2957885,35.3052946],[139.2950864,35.3051219],[139.2949906,35.3050984],[139.2944676,35.304973],[139.2941937,35.3049094],[139.2938422,35.3048102],[139.2935622,35.3047175],[139.2932746,35.3045985],[139.2931591,35.3045495],[139.292626,35.3043149],[139.2924694,35.3042525],[139.2919924,35.3040394],[139.291863,35.3039864],[139.2916823,35.3039348],[139.291541,35.3039041],[139.2911943,35.3038538],[139.2910223,35.3038368],[139.2908422,35.3038282]]}},{"type":"Feature","properties":{"id":185565606,"name":"国道1号","highway":"trunk","role":null},"geometry":{"type":"LineString","coordinates":[[139.3081951,35.3079756],[139.308083,35.3079561],[139.3075416,35.3078965],[139.3069105,35.3078065],[139.3058635,35.3076192],[139.3051899,35.3074918],[139.3040296,35.3072766],[139.3039306,35.3072583]]}},{"type":"Feature","properties":{"id":186587171,"name":"中野市野線","highway":"secondary","role":null},"geometry":{"type":"LineString","coordinates":[[137.7893893,34.7275927],[137.789632,34.7277318],[137.7899523,34.7278934],[137.7900927,34.727951],[137.7901579,34.7279771],[137.7903312,34.7280429],[137.7906971,34.7281677],[137.790935,34.7282459],[137.7912075,34.7283174],[137.7914792,34.7283946],[137.7917637,34.7284599],[137.7921464,34.7285281],[137.7924355,34.7285704],[137.7928132,34.7286201],[137.793382,34.7286848],[137.7936151,34.7287047],[137.7939132,34.7287134],[137.7943057,34.7287151],[137.7949207,34.7287125],[137.7956874,34.7287029],[137.7960363,34.7287073],[137.7963284,34.7287201],[137.7967241,34.7287429],[137.7971516,34.7287662],[137.7975799,34.7287672]]}},{"type":"Feature","properties":{"id":186587367,"name":"中野市野線","highway":"secondary","role":null},"geometry":{"type":"LineString","coordinates":[[137.7886109,34.7272167],[137.7888546,34.7273344],[137.7893893,34.7275927]]}},{"type":"Feature","properties":{"id":186589816,"name":"東海道","highway":"primary","role":null},"geometry":{"type":"LineString","coordinates":[[137.6305025,34.6836551],[137.6303426,34.6836582],[137.6302983,34.6836591],[137.6297631,34.6836695],[137.6293978,34.6836765],[137.6288542,34.6836869],[137.6283711,34.6836962],[137.6282954,34.6836976],[137.6282169,34.6836984],[137.6278307,34.6837025],[137.6276832,34.683704],[137.6272645,34.6837084],[137.6269151,34.6837121]]}},{"type":"Feature","properties":{"id":186589817,"name":"東海道","highway":"primary","role":null},"geometry":{"type":"LineString","coordinates":[[137.6187046,34.6838897],[137.6189752,34.6838551],[137.6191731,34.6838379],[137.6194733,34.6838207],[137.6201165,34.6837865],[137.6201447,34.6837862],[137.6208104,34.6837781],[137.6210869,34.6837747],[137.6218914,34.6837649],[137.6219827,34.6837638]]}},{"type":"Feature","properties":{"id":187783574,"name":"雄踏街道","highway":"primary","role":null},"geometry":{"type":"LineString","coordinates":[[137.7270002,34.6998898],[137.7269811,34.6998893],[137.7269227,34.6998822],[137.7267498,34.6998523],[137.7258129,34.6996908],[137.7257383,34.6996779],[137.7251296,34.6995729],[137.7248901,34.6995316],[137.7247416,34.699506]]}},{"type":"Feature","properties":{"id":188014687,"name":"二俣浜松線","highway":"secondary","role":null},"geometry":{"type":"LineString","coordinates":[[137.7975799,34.7287672],[137.7983908,34.7287879],[137.7987109,34.7287825],[137.7997807,34.7288069],[137.800217,34.7288168]]}},{"type":"Feature","properties":{"id":188308665,"name":"東海道","highway":"tertiary","role":null},"geometry":{"type":"LineString","coordinates":[[137.6700433,34.687043],[137.6701207,34.6870598],[137.6702648,34.687091],[137.6703483,34.6871091],[137.6705191,34.687146],[137.6711818,34.6872895],[137.6716822,34.6873978],[137.672043,34.6874759],[137.6722019,34.6875103],[137.6725998,34.6875963],[137.6727526,34.6876293],[137.6727985,34.6876392],[137.6729739,34.6876772],[137.6732583,34.6877387],[137.6733495,34.6877584],[137.6735537,34.6877965],[137.6737595,34.6878284],[137.6738832,34.6878437],[137.6739666,34.687854],[137.6740247,34.6878592],[137.6740719,34.6878634],[137.6741777,34.6878671],[137.674195,34.6878673],[137.6747675,34.6878744],[137.6751385,34.6878435]]}},{"type":"Feature","properties":{"id":189196134,"name":"白鳥豊橋線","highway":"secondary","role":null},"geometry":{"type":"LineString","coordinates":[[137.3788248,34.7795916],[137.3786566,34.7797606],[137.3779993,34.7805595],[137.3778456,34.7807299],[137.3774119,34.7812105],[137.3772161,34.7814376],[137.3767321,34.782035],[137.3766261,34.7821659],[137.3762076,34.7827274],[137.3759833,34.7830969],[137.375564,34.7836778],[137.3753183,34.7840182],[137.3748982,34.7845917],[137.3746057,34.7849697],[137.3745822,34.7849964]]}},{"type":"Feature","properties":{"id":189196135,"name":"白鳥豊橋線","highway":"secondary","role":null},"geometry":{"type":"LineString","coordinates":[[137.3852798,34.7742158],[137.3851577,34.774079],[137.3849626,34.7738719],[137.3846582,34.7735342],[137.384044,34.7728593]]}},{"type":"Feature","properties":{"id":189196136,"name":"白鳥豊橋線","highway":"secondary","role":null},"geometry":{"type":"LineString","coordinates":[[137.3851967,34.7742707],[137.3853247,34.77439]]}},{"type":"Feature","properties":{"id":189196137,"name":"白鳥豊橋線","highway":"secondary","role":null},"geometry":{"type":"LineString","coordinates":[[137.3853981,34.774333],[137.3852798,34.7742158]]}},{"type":"Feature","properties":{"id":189196138,"name":"白鳥豊橋線","highway":"secondary","role":null},"geometry":{"type":"LineString","coordinates":[[137.3839672,34.7729368],[137.3841861,34.7732214],[137.3844147,34.7734849],[137.3848482,34.773941],[137.3851967,34.7742707]]}},{"type":"Feature","properties":{"id":189196139,"name":"白鳥豊橋線","highway":"secondary","role":null},"geometry":{"type":"LineString","coordinates":[[137.384044,34.7728593],[137.3840266,34.7728402]]}},{"type":"Feature","properties":{"id":189648867,"name":"旧東海道","highway":"tertiary","role":null},"geometry":{"type":"LineString","coordinates":[[137.4392188,34.7261753],[137.439189,34.7261802],[137.4379605,34.7263608],[137.4369972,34.7265689],[137.436385,34.7267141],[137.4363176,34.7267367],[137.4362525,34.7267636],[137.4361902,34.7267945],[137.4361309,34.7268294],[137.4358782,34.7270015],[137.4355489,34.7272236],[137.4354487,34.7272824],[137.4351731,34.7273547],[137.4349998,34.7273977],[137.4348708,34.7274547],[137.4347814,34.7275754],[137.4347516,34.7276748],[137.4347432,34.7278192],[137.4347386,34.7278979]]}},{"type":"Feature","properties":{"id":189648870,"name":"旧東海道","highway":"tertiary","role":null},"geometry":{"type":"LineString","coordinates":[[137.3998973,34.7659384],[137.3998919,34.7659144],[137.3998864,34.7658864],[137.3998742,34.7658268]]}},{"type":"Feature","properties":{"id":189791373,"name":"中野子安線","highway":"secondary","role":null},"geometry":{"type":"LineString","coordinates":[[137.7886109,34.7272167],[137.7885534,34.7271779]]}},{"type":"Feature","properties":{"id":189960649,"name":"東海道","highway":"trunk","role":null},"geometry":{"type":"LineString","coordinates":[[137.715045,34.6904019],[137.7150194,34.6903781],[137.7149595,34.6903224],[137.7149408,34.6903051],[137.7148244,34.690197],[137.7148161,34.6901893],[137.7147401,34.6901187],[137.7144037,34.6898063],[137.7143027,34.6897125],[137.71398,34.6894128],[137.7139205,34.6893575],[137.7138563,34.6892978],[137.713315,34.6887951],[137.713012,34.6885136],[137.7128615,34.6883738],[137.7128097,34.6883278],[137.7127549,34.6882842],[137.7126973,34.6882432],[137.712637,34.6882048],[137.7125743,34.6881691],[137.7125092,34.6881364],[137.7124421,34.6881066],[137.7123732,34.6880799],[137.7123354,34.6880673],[137.7123025,34.6880563],[137.7122304,34.688036],[137.7122187,34.6880333],[137.712157,34.6880189],[137.7120826,34.6880052],[137.7120075,34.6879948],[137.7119317,34.6879879],[137.7118887,34.6879859],[137.7118699,34.687985],[137.7118556,34.6879843],[137.7117731,34.6879843],[137.7114031,34.6879921],[137.7112038,34.6879962],[137.7111724,34.6879969],[137.7105199,34.6880105],[137.7104143,34.6880127],[137.7097157,34.6880246],[137.7093987,34.6880262],[137.7093513,34.6880259],[137.7090818,34.6880236],[137.709072,34.6880234],[137.7087649,34.6880168],[137.7083609,34.6880052],[137.7082846,34.688003],[137.7082172,34.688001],[137.7081723,34.6879997],[137.7078693,34.6880037],[137.7074267,34.6880095],[137.7067173,34.6880359],[137.706586,34.6880408]]}},{"type":"Feature","properties":{"id":189960664,"name":"東海道","highway":"secondary","role":null},"geometry":{"type":"LineString","coordinates":[[137.6478576,34.6833505],[137.6477438,34.6833341],[137.6476398,34.6833191],[137.647575,34.6833097],[137.6473067,34.683271],[137.6471934,34.6832546],[137.6471121,34.6832431],[137.6470306,34.6832328],[137.6469325,34.6832208],[137.6464275,34.6831585],[137.6463554,34.6831496],[137.6460032,34.683106],[137.6455601,34.6830511],[137.6455341,34.6830479],[137.6450982,34.6829886],[137.6450572,34.682983],[137.6449205,34.6829645],[137.6447978,34.6829477],[137.6447447,34.6829405],[137.6445268,34.6829109],[137.6440453,34.6828454],[137.6435419,34.6827769],[137.6431126,34.6827185],[137.6430699,34.6827137],[137.6429892,34.6827047],[137.6428531,34.6826896],[137.6426932,34.682675],[137.6425503,34.6826661],[137.6424326,34.6826615],[137.6423769,34.6826606],[137.6422137,34.6826579],[137.6420483,34.6826613],[137.6419971,34.6826635],[137.6419417,34.6826693],[137.6416809,34.6827018],[137.641568,34.6827136],[137.6411745,34.6827472],[137.6408528,34.6827746],[137.6406318,34.6827935],[137.6403958,34.6828136],[137.6403575,34.682817],[137.6402479,34.6828267],[137.6394406,34.6828986],[137.6393915,34.6829042],[137.6390495,34.6829433],[137.6390162,34.6829471],[137.6388179,34.6829695],[137.6384396,34.6830125],[137.6383881,34.6830177],[137.6380622,34.6830506],[137.6376681,34.6830904],[137.6375634,34.6831009],[137.6372901,34.6831255],[137.6370451,34.6831475],[137.6368374,34.6831615],[137.6368004,34.683164],[137.6363997,34.6831808],[137.6362584,34.6831866],[137.6362349,34.6831876],[137.6357684,34.6832056],[137.6357382,34.6832067],[137.6356736,34.6832092],[137.6353889,34.683221],[137.6352461,34.683227],[137.6351759,34.6832296],[137.6350133,34.6832357],[137.6347161,34.6832494],[137.6346968,34.6832503],[137.6346777,34.6832512],[137.63445,34.6832723],[137.6341077,34.6833134],[137.6337451,34.683357],[137.6336626,34.6833681],[137.6333726,34.6834072],[137.6333028,34.6834166],[137.6330849,34.683446],[137.6328504,34.6834778],[137.6326138,34.6835085],[137.6325839,34.6835124],[137.6324111,34.6835346],[137.6322773,34.6835491],[137.6322372,34.6835534],[137.6318226,34.6835753],[137.6315589,34.6835893],[137.6313335,34.6836014],[137.631196,34.6836088],[137.6306265,34.6836468],[137.6305025,34.6836551]]}},{"type":"Feature","properties":{"id":189961557,"name":"旧東海道","highway":"unclassified","role":null},"geometry":{"type":"LineString","coordinates":[[139.3210069,35.3166151],[139.3208101,35.3163307]]}},{"type":"Feature","properties":{"id":190038953,"name":"旧東海道","highway":"residential","role":null},"geometry":{"type":"LineString","coordinates":[[137.3988583,34.7647811],[137.3990213,34.7653883]]}},{"type":"Feature","properties":{"id":190273751,"name":"旧東海道","highway":"residential","role":null},"geometry":{"type":"LineString","coordinates":[[137.3995928,34.7652612],[137.3995101,34.7652796],[137.3990213,34.7653883]]}},{"type":"Feature","properties":{"id":190273757,"name":"旧東海道","highway":"tertiary","role":null},"geometry":{"type":"LineString","coordinates":[[137.3998742,34.7658268],[137.3998905,34.765656],[137.39983,34.7654676],[137.3997881,34.7653656],[137.3997137,34.765248],[137.3996364,34.7651551]]}},{"type":"Feature","properties":{"id":190883135,"name":"三条通","highway":"secondary","role":null},"geometry":{"type":"LineString","coordinates":[[135.7828015,35.0092974],[135.7826807,35.0092834],[135.7824267,35.0092629],[135.7816273,35.0092704],[135.7813683,35.0092784],[135.78124,35.0092838],[135.7810112,35.0093028],[135.7809448,35.0093106],[135.7809107,35.0093137]]}},{"type":"Feature","properties":{"id":190883139,"name":"三条通","highway":"secondary","role":null},"geometry":{"type":"LineString","coordinates":[[135.7809107,35.0093137],[135.7808027,35.0093251]]}},{"type":"Feature","properties":{"id":191021797,"name":"県道湖西東細谷線","highway":"secondary","role":null},"geometry":{"type":"LineString","coordinates":[[137.4905411,34.6952329],[137.4904625,34.6952431],[137.4903888,34.6952546],[137.4902578,34.6952804],[137.490138,34.6953057],[137.4900206,34.6953336],[137.4898349,34.6953831],[137.4896398,34.6954437],[137.4894747,34.6955009],[137.489319,34.6955618],[137.4891864,34.6956215],[137.4890593,34.6956865],[137.4889054,34.6957625],[137.4888278,34.6957935],[137.4887319,34.6958244],[137.4886341,34.6958424],[137.4885347,34.6958498],[137.4884379,34.6958431],[137.4883105,34.6958137]]}},{"type":"Feature","properties":{"id":191030953,"name":"旧東海道","highway":"unclassified","role":null},"geometry":{"type":"LineString","coordinates":[[137.4585825,34.7216031],[137.458332,34.721834]]}},{"type":"Feature","properties":{"id":191030963,"name":"旧東海道","highway":"unclassified","role":null},"geometry":{"type":"LineString","coordinates":[[137.4532436,34.7230079],[137.4526463,34.7231313],[137.4526076,34.723142],[137.4524477,34.7231368],[137.4517399,34.7233372],[137.4516763,34.7233529],[137.4509054,34.723594],[137.4504541,34.7237304],[137.449549,34.7239996],[137.4490542,34.7241543],[137.4488811,34.7242527],[137.4488577,34.7242586],[137.4484348,34.7243725],[137.4478731,34.7245241],[137.4475243,34.7246248],[137.4472911,34.7246922],[137.4462763,34.7249673],[137.4458903,34.7250749],[137.4457358,34.7251179],[137.445478,34.7251809],[137.4450846,34.7253064]]}},{"type":"Feature","properties":{"id":192046769,"name":"旧東海道","highway":"tertiary","role":null},"geometry":{"type":"LineString","coordinates":[[137.4145348,34.7466892],[137.4144679,34.7467923]]}},{"type":"Feature","properties":{"id":192047021,"name":"旧東海道","highway":"tertiary","role":null},"geometry":{"type":"LineString","coordinates":[[137.4144679,34.7467923],[137.4144082,34.7468459],[137.4143094,34.7469909],[137.414246,34.7470839],[137.4141458,34.747231],[137.4140584,34.7473592],[137.4138843,34.7474992]]}},{"type":"Feature","properties":{"id":192335102,"name":"国道1号","highway":"trunk_link","role":null},"geometry":{"type":"LineString","coordinates":[[139.4973703,35.364149],[139.4972193,35.3639528],[139.4970865,35.3637894],[139.4969143,35.3635967],[139.4965353,35.3631832],[139.495521,35.3620642],[139.495099,35.3615996],[139.4950045,35.3614972],[139.4949508,35.3614274],[139.4948974,35.3613501],[139.4948523,35.3612674],[139.4948063,35.3611733],[139.494772,35.3611066],[139.4946687,35.3609577]]}},{"type":"Feature","properties":{"id":192335103,"name":"東海道","highway":"trunk_link","role":null},"geometry":{"type":"LineString","coordinates":[[139.4946687,35.3609577],[139.494709,35.3611262],[139.4947511,35.3612305],[139.4947902,35.3613117],[139.4948348,35.3613841],[139.4948788,35.3614454],[139.4949418,35.3615224],[139.4952891,35.3619392]]}},{"type":"Feature","properties":{"id":194382901,"name":"東海道","highway":"trunk","role":null},"geometry":{"type":"LineString","coordinates":[[137.7308764,34.7081767],[137.7310642,34.7081838],[137.7318387,34.7082135],[137.7319286,34.7082124],[137.7329188,34.7082102],[137.7329584,34.7082082]]}},{"type":"Feature","properties":{"id":196380141,"name":"中央通り","highway":"trunk","role":null},"geometry":{"type":"LineString","coordinates":[[139.7611885,35.6676284],[139.7612743,35.6677031],[139.7620948,35.6684587],[139.7621276,35.6684889],[139.7621899,35.6685462],[139.7622501,35.6686056],[139.76301,35.6693513],[139.7630468,35.6693874],[139.7631036,35.6694409],[139.7631579,35.6694884],[139.7639484,35.6702319],[139.7639818,35.6702633],[139.7640459,35.6703246],[139.7641098,35.6703867],[139.7648129,35.67105],[139.7648547,35.6710894],[139.7649681,35.6712011]]}},{"type":"Feature","properties":{"id":196380142,"name":"中央通り","highway":"trunk","role":null},"geometry":{"type":"LineString","coordinates":[[139.7736341,35.6825088],[139.7736924,35.6826018]]}},{"type":"Feature","properties":{"id":196380156,"name":"中央通り","highway":"trunk","role":null},"geometry":{"type":"LineString","coordinates":[[139.7742529,35.6835246],[139.7743484,35.6837206],[139.774396,35.683871]]}},{"type":"Feature","properties":{"id":197154715,"name":"旧東海道","highway":"unclassified","role":null},"geometry":{"type":"LineString","coordinates":[[138.1106373,34.8179154],[138.1107997,34.8179443]]}},{"type":"Feature","properties":{"id":197154784,"name":"旧東海道","highway":"unclassified","role":null},"geometry":{"type":"LineString","coordinates":[[138.1104503,34.8179008],[138.1106373,34.8179154]]}},{"type":"Feature","properties":{"id":197155052,"name":"旧東海道","highway":"unclassified","role":null},"geometry":{"type":"LineString","coordinates":[[138.1107997,34.8179443],[138.1112047,34.8180672],[138.1112424,34.8180749],[138.111763,34.818181],[138.1119588,34.8182235],[138.1120818,34.8182449]]}},{"type":"Feature","properties":{"id":197155104,"name":"金谷坂","highway":"footway","role":null},"geometry":{"type":"LineString","coordinates":[[138.1248475,34.8167192],[138.1246149,34.816629],[138.1244367,34.8165158],[138.1243501,34.8164345],[138.124182,34.816202],[138.124141,34.816128],[138.124029,34.815824],[138.123944,34.815689],[138.123846,34.815599],[138.123596,34.815469],[138.123443,34.815374],[138.123266,34.815222],[138.123139,34.815044],[138.1230496,34.8148289],[138.1229688,34.8147455],[138.1228525,34.8147061],[138.1226146,34.8147089],[138.1225097,34.8147233],[138.1223337,34.8147226],[138.122255,34.8147182],[138.1221024,34.8147006],[138.1220276,34.814693],[138.1219192,34.8146933],[138.1217546,34.8147717],[138.1216493,34.8147713]]}},{"type":"Feature","properties":{"id":197155374,"name":"旧東海道","highway":"footway","role":null},"geometry":{"type":"LineString","coordinates":[[138.1076157,34.8193109],[138.1075921,34.8192808],[138.1075487,34.8192256],[138.1075376,34.819211]]}},{"type":"Feature","properties":{"id":197158303,"name":"旧東海道","highway":"unclassified","role":null},"geometry":{"type":"LineString","coordinates":[[138.1090907,34.818785],[138.1093257,34.8186155],[138.1097796,34.8182403],[138.1100241,34.818082],[138.1103455,34.8179163],[138.1104503,34.8179008]]}},{"type":"Feature","properties":{"id":197159648,"name":"旧東海道","highway":"unclassified","role":null},"geometry":{"type":"LineString","coordinates":[[138.1076921,34.8192627],[138.1077552,34.8192536],[138.1080139,34.8192535],[138.10818,34.819239],[138.1083044,34.8192203],[138.1084566,34.8191757],[138.1086012,34.819107],[138.1087639,34.81901],[138.1090907,34.818785]]}},{"type":"Feature","properties":{"id":197634494,"name":"国道1号","highway":"trunk","role":null},"geometry":{"type":"LineString","coordinates":[[139.2687993,35.302119],[139.2677409,35.3016008],[139.267543,35.3015082],[139.2672086,35.3013424],[139.2671704,35.3013237],[139.2669662,35.301226],[139.266431,35.30097],[139.2662954,35.3009052],[139.265828,35.3006929],[139.265656,35.3006371],[139.2654173,35.3005451],[139.2650801,35.3004423],[139.2650168,35.3004216],[139.2644751,35.3002446],[139.2642161,35.3001739],[139.2639366,35.3000763],[139.2637759,35.3000202],[139.2634179,35.2998793],[139.2632488,35.2997822],[139.2631666,35.299735]]}},{"type":"Feature","properties":{"id":197635449,"name":"旧東海道","highway":"unclassified","role":null},"geometry":{"type":"LineString","coordinates":[[139.2885381,35.305124],[139.2885608,35.3051107],[139.2888584,35.3049357],[139.288929,35.3048942],[139.2893401,35.3046573]]}},{"type":"Feature","properties":{"id":197635451,"name":"旧東海道","highway":"unclassified","role":null},"geometry":{"type":"LineString","coordinates":[[139.2883721,35.305221],[139.2885381,35.305124]]}},{"type":"Feature","properties":{"id":197662669,"name":"国道1号","highway":"trunk","role":null},"geometry":{"type":"LineString","coordinates":[[139.2360104,35.289286],[139.2358792,35.2892215],[139.235281,35.2889478],[139.2341873,35.2884177],[139.233977,35.2883157],[139.2332819,35.2879867],[139.232946,35.2878203],[139.2328335,35.2877606],[139.2324042,35.2875149],[139.2320714,35.2872783],[139.2318072,35.2870838],[139.2313195,35.2867394],[139.2310746,35.286563],[139.230993,35.2865095],[139.2308106,35.2863985],[139.2306428,35.2863052],[139.2304552,35.286219],[139.2302693,35.286149],[139.2299078,35.2860257],[139.2293975,35.2858598],[139.2290427,35.2857438],[139.2290115,35.2857336],[139.228898,35.2856859],[139.2287061,35.2856025],[139.2285576,35.2855209],[139.2280742,35.2852873],[139.2280264,35.2852703],[139.227826,35.2851738],[139.2270848,35.2848327],[139.226644,35.2846211],[139.2261289,35.2844009],[139.2257538,35.284271],[139.2254643,35.2842002],[139.2254253,35.2841906],[139.2251952,35.2841398],[139.2247834,35.2840488],[139.2241543,35.2839199],[139.2236007,35.2838018],[139.2233718,35.2837444],[139.2229837,35.2836401],[139.2229503,35.2836281],[139.222659,35.2835257],[139.2223518,35.2833505],[139.2215811,35.2829028],[139.2215348,35.2828758],[139.2214738,35.2828379],[139.2213233,35.2827508],[139.2212108,35.2826839],[139.220963,35.2825418],[139.2207235,35.282399],[139.2203718,35.2821978],[139.2202608,35.2821343],[139.2198788,35.2819192],[139.2196807,35.281817],[139.2194922,35.2817473],[139.2189869,35.2815859],[139.2189179,35.2815638],[139.2188972,35.2815547],[139.218319,35.281284],[139.2180543,35.2811842],[139.2179716,35.2811603],[139.2177531,35.2810971],[139.2176883,35.2810784],[139.2168596,35.2809691],[139.2159069,35.2808434],[139.2156238,35.2807836],[139.2150636,35.2806212],[139.2141331,35.2803807],[139.2134597,35.2802756]]}},{"type":"Feature","properties":{"id":197664377,"name":"国道1号","highway":"trunk","role":null},"geometry":{"type":"LineString","coordinates":[[139.2377253,35.2901566],[139.2374946,35.2899017]]}},{"type":"Feature","properties":{"id":197664390,"name":"国道1号","highway":"trunk","role":null},"geometry":{"type":"LineString","coordinates":[[139.237421,35.289843],[139.2373693,35.2897965],[139.2371656,35.2896611],[139.2370442,35.2896126],[139.236863,35.2895551],[139.2367244,35.2895161],[139.236406,35.2894264],[139.2361276,35.2893373]]}},{"type":"Feature","properties":{"id":197747308,"name":"国道1号","highway":"trunk","role":null},"geometry":{"type":"LineString","coordinates":[[139.1700875,35.2558349],[139.1695488,35.2555205],[139.1691463,35.2552999],[139.1690479,35.2552464],[139.1689862,35.2552147],[139.1686165,35.2550101],[139.1683437,35.2548566],[139.1681163,35.2547324],[139.167942,35.2546301],[139.1677205,35.2545002],[139.1667147,35.2538299],[139.1662183,35.2534933],[139.165362,35.2529362],[139.1652212,35.2528278],[139.1651261,35.2527156],[139.1650735,35.2526379]]}},{"type":"Feature","properties":{"id":197748510,"name":"旧東海道","highway":"unclassified","role":null},"geometry":{"type":"LineString","coordinates":[[139.2460216,35.2938695],[139.246044,35.293978],[139.2464034,35.2942407],[139.2466717,35.2944816],[139.246838,35.2946436],[139.2469259,35.2947101],[139.2469518,35.2947297],[139.2470847,35.2948187],[139.2476373,35.2950552],[139.2477015,35.295078],[139.2481496,35.2952369],[139.2484124,35.295355],[139.2485841,35.2954514],[139.2486723,35.2954815]]}},{"type":"Feature","properties":{"id":197783348,"name":"国道1号","highway":"trunk","role":null},"geometry":{"type":"LineString","coordinates":[[139.204895,35.2783885],[139.2047405,35.2783017],[139.2044146,35.2780892],[139.2041397,35.2778365],[139.2037179,35.2772434],[139.2034431,35.2768525],[139.2033902,35.2767638],[139.2030153,35.2760748],[139.2027979,35.2757129],[139.2023247,35.2751052],[139.2021907,35.2749216],[139.2020255,35.2746952],[139.2018851,35.2745028],[139.2018157,35.2744077],[139.2017682,35.2743563],[139.2014787,35.2740428],[139.2013943,35.2739685],[139.2012583,35.2738486],[139.2009898,35.2736121],[139.2008202,35.2734626],[139.2006638,35.2733249],[139.2005509,35.2732306],[139.2003987,35.2731046],[139.2003801,35.2730886],[139.2000888,35.2728531],[139.2000683,35.2728378],[139.1998966,35.2727094],[139.1997373,35.2726036],[139.1997161,35.2725875],[139.1993697,35.2723272],[139.199059,35.2721044],[139.1989815,35.2720495],[139.1988796,35.2719773],[139.198579,35.2717644],[139.1982931,35.271562],[139.1981385,35.2714528],[139.1980343,35.2713792],[139.1977613,35.2711865],[139.1974706,35.2709812],[139.197387,35.2709214],[139.1973622,35.2709041],[139.1970817,35.2707056],[139.1968695,35.2705582],[139.1959091,35.2699501],[139.1947886,35.2692614],[139.1943705,35.269001],[139.1943151,35.2689724],[139.1940886,35.2688461],[139.1936155,35.2685694],[139.1929328,35.2682108],[139.1928206,35.2681552],[139.1927554,35.2681228],[139.1926641,35.2680776],[139.1918338,35.2677036],[139.1915842,35.2675905],[139.1913944,35.2675152],[139.1912078,35.2674413],[139.1909504,35.26734],[139.1908096,35.2672846],[139.1904552,35.2671544],[139.190426,35.2671436],[139.1899566,35.2669749],[139.1896883,35.2668732],[139.1896692,35.2668664],[139.1886516,35.2665041],[139.1884099,35.266422],[139.1882063,35.2663516],[139.1881095,35.2663186],[139.1879162,35.2662526],[139.1876782,35.2661681],[139.1872559,35.2660441],[139.1869651,35.2659557],[139.1868693,35.2659283],[139.186579,35.2658453],[139.186176,35.2657225],[139.1861533,35.2657156],[139.1856445,35.2655604],[139.1853291,35.2654685],[139.1849925,35.2653704],[139.1848393,35.2653251]]}},{"type":"Feature","properties":{"id":198292435,"name":"旧東海道","highway":"unclassified","role":null},"geometry":{"type":"LineString","coordinates":[[138.032919,34.7774808],[138.0328513,34.7774622],[138.0318795,34.777195],[138.0316312,34.7771265]]}},{"type":"Feature","properties":{"id":198292437,"name":"旧東海道","highway":"unclassified","role":null},"geometry":{"type":"LineString","coordinates":[[138.0316312,34.7771265],[138.031224,34.777013],[138.0309711,34.7769535]]}},{"type":"Feature","properties":{"id":198299811,"name":"旧東海道","highway":"unclassified","role":null},"geometry":{"type":"LineString","coordinates":[[138.0195948,34.7730165],[138.0196152,34.7726646],[138.0196332,34.7723989]]}},{"type":"Feature","properties":{"id":198303205,"name":"旧東海道","highway":"unclassified","role":null},"geometry":{"type":"LineString","coordinates":[[138.0239081,34.772389],[138.0236256,34.7723473],[138.0226864,34.7722086]]}},{"type":"Feature","properties":{"id":198306828,"name":"掛川袋井線","highway":"secondary","role":null},"geometry":{"type":"LineString","coordinates":[[137.9945221,34.7721828],[137.9944773,34.7721063]]}},{"type":"Feature","properties":{"id":198306830,"name":"掛川袋井線","highway":"secondary","role":null},"geometry":{"type":"LineString","coordinates":[[137.9777524,34.7695951],[137.977094,34.7698491]]}},{"type":"Feature","properties":{"id":198306831,"name":"掛川袋井線","highway":"secondary","role":null},"geometry":{"type":"LineString","coordinates":[[137.9882967,34.7694987],[137.9882026,34.7694725],[137.9874579,34.7692791],[137.9863014,34.7690313],[137.9859225,34.7689504],[137.9852857,34.7688144],[137.9851046,34.768796],[137.9845775,34.7687999],[137.9843495,34.7688308],[137.9841506,34.7688636],[137.9838338,34.7689282],[137.9834913,34.768996],[137.9833144,34.7690309],[137.9830547,34.7690566],[137.9829858,34.7690625],[137.9828868,34.7690929],[137.9828017,34.7691415],[137.9821562,34.7696342],[137.9820167,34.7697025],[137.9812054,34.7701],[137.9811221,34.7701288],[137.9809009,34.7702056],[137.9808692,34.7702157],[137.9806311,34.7702919],[137.980541,34.7703161],[137.9804702,34.7703352],[137.9802566,34.7703757],[137.9799159,34.7703994],[137.9796987,34.770403],[137.9794278,34.7703712],[137.9792778,34.7703306],[137.9791375,34.7702721],[137.9789991,34.7702161],[137.9788955,34.7701578],[137.9788284,34.7701202],[137.9786667,34.7700316],[137.9784681,34.7699196],[137.978443,34.7699044],[137.9780748,34.7696816],[137.977922,34.7696105],[137.977832,34.7695915],[137.9778205,34.7695891],[137.9777524,34.7695951]]}},{"type":"Feature","properties":{"id":199311761,"name":"三条通","highway":"primary","role":null},"geometry":{"type":"LineString","coordinates":[[135.7735125,35.0092116],[135.7735644,35.0092193],[135.7739491,35.009262],[135.7747298,35.0093309]]}},{"type":"Feature","properties":{"id":200408426,"name":"掛川浜岡線","highway":"primary","role":null},"geometry":{"type":"LineString","coordinates":[[138.0135374,34.7728153],[138.0133912,34.7728128],[138.0126069,34.7727994],[138.0116412,34.7727719],[138.0115875,34.7727704],[138.0109511,34.7727452],[138.010235,34.7727161],[138.0098916,34.7727002],[138.0098445,34.772698],[138.0098057,34.7726962],[138.0091556,34.7726703],[138.0082248,34.7726338],[138.0078309,34.7726341],[138.0076915,34.772645]]}},{"type":"Feature","properties":{"id":200704007,"name":"国道473号","highway":"trunk","role":null},"geometry":{"type":"LineString","coordinates":[[138.1313663,34.8254789],[138.1313403,34.8254325],[138.1310923,34.8249887],[138.1310119,34.8248477],[138.1309462,34.8247407],[138.1307751,34.8244347],[138.1307372,34.824367],[138.1305625,34.8241242],[138.130478,34.8240197],[138.1303754,34.8239065],[138.1303143,34.8238423],[138.1302337,34.8237694],[138.1300734,34.823647],[138.1294154,34.8231492],[138.1290087,34.8228386],[138.1289606,34.8228023],[138.1288518,34.8227232],[138.1287257,34.8226275],[138.1286192,34.8225414],[138.1282592,34.8222383],[138.1281334,34.8221227],[138.1280466,34.8220383],[138.1279571,34.8219433],[138.1278635,34.8218338],[138.1276451,34.821546],[138.1275263,34.8214053],[138.1273959,34.8212634],[138.1271916,34.8210715],[138.1270235,34.8209083],[138.1270008,34.8208848],[138.1269426,34.8208244],[138.1268899,34.8207675],[138.1268528,34.820726],[138.1261692,34.8199427],[138.1261267,34.8198947]]}},{"type":"Feature","properties":{"id":201068617,"name":"藤枝静岡線","highway":"secondary","role":null},"geometry":{"type":"LineString","coordinates":[[138.3067132,34.9372469],[138.3063823,34.936835],[138.3062539,34.9367475],[138.3060534,34.9366789],[138.3058139,34.9366434],[138.3056246,34.9366334],[138.305459,34.9366351]]}},{"type":"Feature","properties":{"id":201102855,"name":"旧東海道","highway":"unclassified","role":null},"geometry":{"type":"LineString","coordinates":[[138.9299401,35.1229134],[138.9292637,35.1226324],[138.9292162,35.1226127]]}},{"type":"Feature","properties":{"id":201260272,"name":"四日市関線","highway":"primary","role":null},"geometry":{"type":"LineString","coordinates":[[136.3896971,34.8529853],[136.3895157,34.8530921],[136.389202,34.8532703]]}},{"type":"Feature","properties":{"id":201260344,"name":"国道1号","highway":"trunk","role":null},"geometry":{"type":"LineString","coordinates":[[136.3660365,34.8690097],[136.3658051,34.8690817]]}},{"type":"Feature","properties":{"id":201260353,"name":"国道1号","highway":"trunk","role":null},"geometry":{"type":"LineString","coordinates":[[136.3658051,34.8690817],[136.3655938,34.8691461],[136.3651982,34.8692814],[136.3649515,34.869377],[136.3648398,34.869426]]}},{"type":"Feature","properties":{"id":201260402,"name":"旧東海道","highway":"unclassified","role":null},"geometry":{"type":"LineString","coordinates":[[136.4110955,34.8533595],[136.4115246,34.8536828],[136.4120925,34.854136],[136.4127601,34.854705],[136.4128918,34.8547983],[136.4130136,34.8549271],[136.4131344,34.8550186],[136.4132974,34.8551061],[136.4134431,34.8551845],[136.413561,34.8552375],[136.4137598,34.8553361],[136.4140599,34.8554301]]}},{"type":"Feature","properties":{"id":201260428,"name":"旧東海道","highway":"residential","role":null},"geometry":{"type":"LineString","coordinates":[[136.4264766,34.8580156],[136.4265904,34.8580105],[136.4266681,34.8580158],[136.4268159,34.8580308],[136.4269351,34.8580579],[136.4271092,34.8581182],[136.4272568,34.8581684],[136.4275569,34.8582939],[136.4277802,34.8583702],[136.4278884,34.858404],[136.4279843,34.8584286],[136.428089,34.85845],[136.4283768,34.8585144],[136.4285792,34.8585346],[136.4287933,34.8585379],[136.4289335,34.8585329],[136.4290949,34.8585208],[136.4293206,34.8584831]]}},{"type":"Feature","properties":{"id":201260457,"name":"旧東海道","highway":"track","role":null},"geometry":{"type":"LineString","coordinates":[[136.3372311,34.8911017],[136.3373676,34.8911022],[136.3374833,34.8910906],[136.3375677,34.8910625],[136.3376777,34.8910049],[136.3378204,34.8909376],[136.3378859,34.8909229],[136.3380005,34.8909283],[136.3380651,34.8909252],[136.3381156,34.8909046],[136.3383496,34.8908071],[136.338507,34.890705],[136.3387538,34.8905197],[136.3389999,34.8904258],[136.3395051,34.8902576],[136.3401041,34.8900927]]}},{"type":"Feature","properties":{"id":201260467,"name":"旧東海道","highway":"unclassified","role":null},"geometry":{"type":"LineString","coordinates":[[136.422193,34.8573281],[136.4224889,34.8574511],[136.4226321,34.8574691],[136.4227514,34.857466]]}},{"type":"Feature","properties":{"id":201260805,"name":"旧東海道","highway":"tertiary","role":null},"geometry":{"type":"LineString","coordinates":[[136.3559509,34.8874787],[136.3559394,34.8874864],[136.3548258,34.888235],[136.35463,34.8883478],[136.3544314,34.8884446],[136.3533178,34.888902]]}},{"type":"Feature","properties":{"id":201260852,"name":"旧東海道","highway":"tertiary","role":null},"geometry":{"type":"LineString","coordinates":[[136.3533178,34.888902],[136.3530211,34.8890146],[136.3527569,34.8890698],[136.3525421,34.8890854],[136.351664,34.8890624],[136.351272,34.889058],[136.3508504,34.8890926],[136.3504013,34.8891596]]}},{"type":"Feature","properties":{"id":201260963,"name":"旧東海道","highway":"residential","role":null},"geometry":{"type":"LineString","coordinates":[[136.3740872,34.8617748],[136.3741448,34.8616312],[136.3741569,34.8616088],[136.3741689,34.8615935],[136.3742895,34.8613685],[136.3743132,34.8612854],[136.3743095,34.8611691],[136.3741868,34.8604973],[136.3745965,34.8603072]]}},{"type":"Feature","properties":{"id":201261009,"name":"旧東海道","highway":"residential","role":null},"geometry":{"type":"LineString","coordinates":[[136.3743122,34.8640321],[136.3742654,34.8639519],[136.3742417,34.863803],[136.3741861,34.8636699],[136.3741128,34.8635707],[136.3739123,34.8633513],[136.3738417,34.8632532],[136.3738183,34.8631742],[136.3738059,34.863065],[136.3738191,34.8624465],[136.373848,34.8623144],[136.3739421,34.8620744]]}},{"type":"Feature","properties":{"id":201261051,"name":"旧東海道","highway":"path","role":null},"geometry":{"type":"LineString","coordinates":[[136.3372303,34.8933341],[136.3373631,34.8931672],[136.3373799,34.8930024],[136.337338,34.8928861],[136.337336,34.892858],[136.3373494,34.8928472],[136.3373722,34.8928579],[136.3374273,34.8929341],[136.3374479,34.8929412],[136.3374701,34.8929119],[136.3375055,34.8926971],[136.3376601,34.8924847],[136.3376297,34.89244],[136.3375805,34.8924129],[136.3373411,34.8925464],[136.3372239,34.8925565],[136.3371499,34.8925271],[136.3371473,34.8924403],[136.3372405,34.8923629],[136.3372733,34.8923035],[136.3371703,34.8921088],[136.3371677,34.892083],[136.3371771,34.8920786],[136.3372727,34.8921113],[136.3373502,34.8920706],[136.3372474,34.8919396],[136.3372991,34.8919064]]}},{"type":"Feature","properties":{"id":201261087,"name":"旧東海道","highway":"unclassified","role":null},"geometry":{"type":"LineString","coordinates":[[136.4077039,34.8520176],[136.4078577,34.8519989],[136.4080885,34.8520094],[136.4082072,34.8520346],[136.4084354,34.8520806],[136.4086645,34.8521416],[136.4089196,34.852221],[136.4092545,34.8523631],[136.4095869,34.8525212],[136.4098785,34.8526625],[136.4102211,34.8528161],[136.4106214,34.8530453],[136.4108604,34.8531921],[136.4110955,34.8533595]]}},{"type":"Feature","properties":{"id":201261168,"name":"旧東海道","highway":"unclassified","role":null},"geometry":{"type":"LineString","coordinates":[[136.3748026,34.8602158],[136.3748571,34.860186],[136.3748872,34.8601535],[136.3749576,34.8600455],[136.3747528,34.8595834],[136.374603,34.8592773],[136.3744626,34.8588558]]}},{"type":"Feature","properties":{"id":201261227,"name":"旧東海道","highway":"unclassified","role":null},"geometry":{"type":"LineString","coordinates":[[136.4152058,34.8556761],[136.4150147,34.8556386],[136.4144317,34.855521],[136.4140599,34.8554301]]}},{"type":"Feature","properties":{"id":201261588,"name":"旧東海道","highway":"path","role":null},"geometry":{"type":"LineString","coordinates":[[136.3367986,34.8940098],[136.3368187,34.8939784],[136.3372303,34.8933341]]}},{"type":"Feature","properties":{"id":201261800,"name":"旧東海道","highway":"unclassified","role":null},"geometry":{"type":"LineString","coordinates":[[136.407015,34.8522295],[136.4071152,34.8521607],[136.4072206,34.8521093],[136.407333,34.8520766],[136.4074157,34.8520669]]}},{"type":"Feature","properties":{"id":201261819,"name":"旧東海道","highway":"unclassified","role":null},"geometry":{"type":"LineString","coordinates":[[136.4173744,34.8560695],[136.4186338,34.8563295]]}},{"type":"Feature","properties":{"id":201261914,"name":"旧東海道","highway":"unclassified","role":null},"geometry":{"type":"LineString","coordinates":[[136.4237383,34.8575763],[136.4237789,34.8577606]]}},{"type":"Feature","properties":{"id":201261915,"name":"旧東海道","highway":"unclassified","role":null},"geometry":{"type":"LineString","coordinates":[[136.4074157,34.8520669],[136.4077039,34.8520176]]}},{"type":"Feature","properties":{"id":201261958,"name":"旧東海道","highway":"unclassified","role":null},"geometry":{"type":"LineString","coordinates":[[136.3745965,34.8603072],[136.3748026,34.8602158]]}},{"type":"Feature","properties":{"id":201261999,"name":"旧東海道","highway":"tertiary","role":null},"geometry":{"type":"LineString","coordinates":[[136.3501073,34.8892084],[136.3504013,34.8891596]]}},{"type":"Feature","properties":{"id":201262090,"name":"旧東海道","highway":"service","role":null},"geometry":{"type":"LineString","coordinates":[[136.389202,34.8532703],[136.389066,34.8533275],[136.38873,34.8534751],[136.3882459,34.8537163],[136.388135,34.8537705],[136.3877627,34.8539524],[136.3873122,34.8541628],[136.3871199,34.854244],[136.3868896,34.8543342],[136.3867481,34.8543896],[136.3860843,34.8546444],[136.3859721,34.8546932],[136.3856785,34.8548018],[136.3853992,34.8549005],[136.3853845,34.8549065],[136.3852373,34.8549587],[136.38521,34.854969],[136.3849353,34.8550797],[136.3845802,34.8552198],[136.3842935,34.8553296],[136.3840442,34.8554186],[136.3839826,34.8554412],[136.3831765,34.8557267],[136.3830295,34.8557788],[136.3824147,34.8559896],[136.3821472,34.8560221],[136.3819695,34.8560299],[136.3815588,34.8560919],[136.3813682,34.8561348],[136.3812942,34.8561645],[136.3811529,34.8562011],[136.3810765,34.856065]]}},{"type":"Feature","properties":{"id":201262156,"name":"旧東海道","highway":"residential","role":null},"geometry":{"type":"LineString","coordinates":[[136.3595241,34.8833229],[136.3596352,34.8831665],[136.3597675,34.8828868],[136.3598485,34.8827259],[136.3598683,34.8826837],[136.3599729,34.8824531],[136.3600254,34.882362],[136.3600548,34.8822582],[136.3600462,34.882078],[136.3600198,34.8819026],[136.359994,34.8817211],[136.3600637,34.8816462],[136.3601852,34.8815297],[136.360325,34.8814293],[136.3605253,34.8812488],[136.3606126,34.8811287],[136.3607682,34.8808503],[136.360877,34.8806865],[136.3610469,34.8804706],[136.3611414,34.8803039],[136.361153,34.8802127],[136.3611771,34.8801261],[136.3611952,34.8800399],[136.3612012,34.879848],[136.3612021,34.8795909],[136.3612085,34.8795169],[136.3612304,34.8794429],[136.3615409,34.8788254],[136.3615696,34.8787184]]}},{"type":"Feature","properties":{"id":201262223,"name":"旧東海道","highway":"residential","role":null},"geometry":{"type":"LineString","coordinates":[[136.3625529,34.8756722],[136.3625788,34.8753009],[136.3626034,34.8751654],[136.3627042,34.874913],[136.3627679,34.8748069],[136.362957,34.874584],[136.363047,34.87443],[136.363099,34.874322],[136.3631377,34.8741966],[136.3631738,34.8740015],[136.363168,34.8738646],[136.3631651,34.8737921],[136.3631763,34.8736537],[136.3632574,34.8733787],[136.36328,34.8732705],[136.3633082,34.8731186],[136.3633283,34.8730254],[136.3633563,34.8729682],[136.3634097,34.8729048],[136.3634944,34.8728428],[136.3635789,34.8727954],[136.3637232,34.8727538],[136.3638229,34.872729],[136.3638982,34.8727026],[136.3639873,34.8726523],[136.3639983,34.8726461],[136.3640522,34.8725982],[136.3641567,34.8724587],[136.3643026,34.8722737],[136.3643973,34.8721677],[136.3644966,34.8720586],[136.3645507,34.871988],[136.3645893,34.8719149],[136.3646311,34.8717476],[136.3646571,34.8716675]]}},{"type":"Feature","properties":{"id":201262315,"name":"旧東海道","highway":"tertiary","role":null},"geometry":{"type":"LineString","coordinates":[[136.3559509,34.8874787],[136.3564482,34.8871669],[136.3565831,34.8870429],[136.3566761,34.8868816],[136.3567294,34.8866778],[136.3567113,34.8865746],[136.3567168,34.886465],[136.3567615,34.8863122],[136.3569137,34.8859398],[136.3570876,34.8855851],[136.3572627,34.8851832],[136.3573536,34.8849749],[136.3574247,34.8848417],[136.3574862,34.8847675],[136.3575851,34.8846752],[136.3576766,34.8846001],[136.3578095,34.8845037],[136.3578805,34.8844737],[136.3579654,34.8844473],[136.3581012,34.8844178],[136.3585806,34.8843382],[136.3586681,34.8843199],[136.358834,34.8842558],[136.3589401,34.8841975],[136.3590592,34.8841201],[136.3591886,34.8840094],[136.3593237,34.8838694],[136.3594037,34.8837327],[136.3594924,34.8835399],[136.3595241,34.8833229]]}},{"type":"Feature","properties":{"id":201262771,"name":"旧東海道","highway":"residential","role":null},"geometry":{"type":"LineString","coordinates":[[136.362502,34.8761386],[136.3625312,34.8759809],[136.3625529,34.8756722]]}},{"type":"Feature","properties":{"id":201263409,"name":"旧東海道","highway":"residential","role":null},"geometry":{"type":"LineString","coordinates":[[136.4249597,34.8578466],[136.4250984,34.8578852],[136.4252151,34.8579236],[136.425347,34.8579628],[136.4254579,34.8579816]]}},{"type":"Feature","properties":{"id":201263580,"name":"旧東海道","highway":"unclassified","role":null},"geometry":{"type":"LineString","coordinates":[[136.4152058,34.8556761],[136.4154468,34.8557161]]}},{"type":"Feature","properties":{"id":201263610,"name":"旧東海道","highway":"unclassified","role":null},"geometry":{"type":"LineString","coordinates":[[136.4237383,34.8575763],[136.4236257,34.8572906],[136.4229516,34.8574791]]}},{"type":"Feature","properties":{"id":201263697,"name":"旧東海道","highway":"residential","role":null},"geometry":{"type":"LineString","coordinates":[[136.4249597,34.8578466],[136.4245642,34.8578043],[136.4240554,34.8577791],[136.4237789,34.8577606]]}},{"type":"Feature","properties":{"id":201263872,"name":"旧東海道","highway":"residential","role":null},"geometry":{"type":"LineString","coordinates":[[136.4254579,34.8579816],[136.4256379,34.8579793],[136.4257282,34.8579692],[136.425743,34.8579675],[136.4258324,34.8579641],[136.4260735,34.8580046],[136.4262786,34.8580068],[136.426391,34.8580035],[136.4264766,34.8580156]]}},{"type":"Feature","properties":{"id":201263981,"name":"旧東海道","highway":"residential","role":null},"geometry":{"type":"LineString","coordinates":[[136.4293206,34.8584831],[136.4294653,34.858432],[136.4295741,34.8583829],[136.4297257,34.8582954],[136.4299967,34.8580661],[136.4300498,34.8580348],[136.4301833,34.8579671],[136.4303179,34.8579121]]}},{"type":"Feature","properties":{"id":201264067,"name":"旧東海道","highway":"residential","role":null},"geometry":{"type":"LineString","coordinates":[[136.4237789,34.8577606],[136.4235539,34.8577441],[136.4234458,34.8577367],[136.4232927,34.8576968],[136.4231683,34.8576519],[136.4230918,34.857598]]}},{"type":"Feature","properties":{"id":201264131,"name":"旧東海道","highway":"residential","role":null},"geometry":{"type":"LineString","coordinates":[[136.4834665,34.8586964],[136.4834317,34.8586449],[136.4833633,34.8585763],[136.4832759,34.858514],[136.483081,34.858407],[136.4828652,34.858294],[136.4826276,34.85818]]}},{"type":"Feature","properties":{"id":201264230,"name":"旧東海道","highway":"unclassified","role":null},"geometry":{"type":"LineString","coordinates":[[136.4186338,34.8563295],[136.4192632,34.8564626],[136.4196445,34.8565589],[136.4201451,34.8566982],[136.4207614,34.856881],[136.421298,34.8570437],[136.422193,34.8573281]]}},{"type":"Feature","properties":{"id":201264558,"name":"旧東海道","highway":"residential","role":null},"geometry":{"type":"LineString","coordinates":[[136.3615696,34.8787184],[136.3615889,34.8786568],[136.3616186,34.8786068],[136.3617255,34.878522],[136.3618382,34.8784367],[136.3619241,34.8783719],[136.3620491,34.8782507],[136.3621428,34.878154],[136.3621978,34.8781115],[136.3622582,34.8780657],[136.3623011,34.8780014],[136.3623134,34.8779107],[136.3622976,34.8776959],[136.3622873,34.8776461],[136.3623098,34.8775828],[136.3624107,34.8772432],[136.3624311,34.8769919],[136.3624509,34.8767551],[136.3624577,34.8764192],[136.362502,34.8761386]]}},{"type":"Feature","properties":{"id":201264658,"name":"旧東海道","highway":"residential","role":null},"geometry":{"type":"LineString","coordinates":[[136.3646571,34.8716675],[136.3647058,34.8714787],[136.3646705,34.8713674],[136.3646611,34.8712639],[136.3646636,34.8711421],[136.3646962,34.8709234],[136.3647426,34.8707364],[136.3647752,34.8705917],[136.3648293,34.8702813],[136.3648503,34.870051],[136.3648409,34.8694906],[136.3648398,34.869426]]}},{"type":"Feature","properties":{"id":201264758,"name":"国道1号","highway":"trunk","role":null},"geometry":{"type":"LineString","coordinates":[[136.406959,34.8521607],[136.4067015,34.8518553]]}},{"type":"Feature","properties":{"id":201264760,"name":"国道1号","highway":"trunk","role":null},"geometry":{"type":"LineString","coordinates":[[136.4067015,34.8518553],[136.4066173,34.8517636],[136.4062945,34.8514353],[136.405982,34.851115]]}},{"type":"Feature","properties":{"id":202387985,"name":"南幹線","highway":"secondary","role":null},"geometry":{"type":"LineString","coordinates":[[138.4450278,35.0021593],[138.4450721,35.0021845],[138.4457241,35.002518],[138.4464818,35.0029146],[138.4467778,35.0030349],[138.4468743,35.0030656],[138.4472906,35.0031718],[138.4480438,35.0033255],[138.4487537,35.0034647],[138.4487806,35.0034702],[138.4494896,35.0036393],[138.4498722,35.0037743],[138.4502709,35.0039363],[138.4505716,35.0040865],[138.4509021,35.0042959],[138.4515092,35.0047106],[138.4518754,35.0049703],[138.4521835,35.005195],[138.4526879,35.005564],[138.4532427,35.0059676],[138.453387,35.0060664]]}},{"type":"Feature","properties":{"id":202501613,"name":"旧東海道","highway":"unclassified","role":null},"geometry":{"type":"LineString","coordinates":[[139.6696077,35.4934653],[139.6696905,35.4934966],[139.6697572,35.4935243],[139.670222,35.4937169],[139.6706339,35.4938915],[139.6711523,35.4941268]]}},{"type":"Feature","properties":{"id":202636102,"name":"国道1号","highway":"trunk","role":null},"geometry":{"type":"LineString","coordinates":[[139.4326969,35.3377898],[139.4323486,35.3375682],[139.4320752,35.3374439],[139.4319382,35.3373975],[139.4317994,35.3373548],[139.4316502,35.3373196],[139.431367,35.3372727],[139.4313266,35.3372648],[139.4312706,35.337256],[139.4307661,35.3371816],[139.4307326,35.3371766],[139.4300114,35.3370684],[139.4298145,35.3370473],[139.4296171,35.3370258],[139.4294229,35.3370201],[139.4292697,35.337023],[139.4290294,35.3370384],[139.4289974,35.3370404],[139.4289302,35.337049],[139.4282184,35.3371134],[139.428004,35.3371314],[139.4276872,35.3371686],[139.4272145,35.3372511],[139.4269076,35.3373037],[139.4265457,35.3373649],[139.4264917,35.337374],[139.4262559,35.3374144],[139.4259894,35.3374626],[139.4259451,35.3374694],[139.4256713,35.337549],[139.4255727,35.3375749],[139.4252618,35.3376625],[139.4250029,35.3377186],[139.424982,35.337722],[139.424751,35.3377517],[139.4245154,35.3377687],[139.42421,35.3377666],[139.4236509,35.3377435],[139.4235234,35.3377348],[139.4226895,35.3376782],[139.4225922,35.3376677],[139.4224701,35.3376546],[139.4214448,35.3376128],[139.4211172,35.3375817],[139.4207312,35.3375282],[139.4203782,35.3374662],[139.4201831,35.3374151],[139.4200609,35.3373831],[139.4200197,35.3373698],[139.4199143,35.3373365],[139.4197018,35.3372693],[139.4194124,35.3371822],[139.4191177,35.3371079],[139.4190558,35.3370926],[139.4179613,35.3368221],[139.4177387,35.3367716],[139.4174482,35.3367126],[139.4172263,35.3366693],[139.4165054,35.3365451],[139.4161661,35.3364879],[139.4158922,35.3364537],[139.4158041,35.3364406],[139.4157217,35.336435],[139.4152963,35.3364059],[139.4147634,35.3363773]]}},{"type":"Feature","properties":{"id":204344915,"name":"旧東海道","highway":"path","role":null},"geometry":{"type":"LineString","coordinates":[[139.0648739,35.2136912],[139.0649693,35.2136941],[139.0651063,35.2136974],[139.0652348,35.2136993],[139.065387,35.2137015],[139.0654976,35.2137026],[139.0656881,35.213725],[139.0658357,35.2137503],[139.0659683,35.2137914],[139.0660253,35.2138273],[139.0660505,35.2138656],[139.0660571,35.2138905],[139.0660523,35.2139479],[139.0660301,35.214022],[139.0660055,35.2140881],[139.0659974,35.2141459],[139.0660069,35.2141749],[139.0660205,35.2141875],[139.0661165,35.2142786],[139.0661997,35.2143403],[139.0663415,35.214439]]}},{"type":"Feature","properties":{"id":207134787,"name":"旧東海道","highway":"unclassified","role":null},"geometry":{"type":"LineString","coordinates":[[137.3193595,34.8421174],[137.318892,34.8422899]]}},{"type":"Feature","properties":{"id":207134788,"name":"旧東海道","highway":"unclassified","role":null},"geometry":{"type":"LineString","coordinates":[[137.318892,34.8422899],[137.3188101,34.8423201],[137.3186929,34.8423861],[137.3182888,34.8425439],[137.317658,34.842837],[137.3175413,34.8428971],[137.3174314,34.8429673],[137.3173391,34.8430645],[137.3170214,34.8435693]]}},{"type":"Feature","properties":{"id":207255949,"name":"国道1号","highway":"trunk","role":null},"geometry":{"type":"LineString","coordinates":[[137.3315741,34.8305272],[137.3311257,34.830833],[137.330827,34.8311161],[137.330412,34.8315962],[137.3301741,34.8319084],[137.3298019,34.832468]]}},{"type":"Feature","properties":{"id":207256317,"name":"白鳥豊橋線","highway":"secondary","role":null},"geometry":{"type":"LineString","coordinates":[[137.3444327,34.8208009],[137.3441355,34.8209332]]}},{"type":"Feature","properties":{"id":207256318,"name":"白鳥豊橋線","highway":"secondary","role":null},"geometry":{"type":"LineString","coordinates":[[137.3468836,34.818506],[137.3466386,34.8186469],[137.3464387,34.8187773],[137.3460494,34.8190788],[137.345719,34.8194155],[137.345201,34.820185],[137.3450431,34.8203524],[137.3447997,34.8205247],[137.3445715,34.8207092],[137.3444327,34.8208009]]}},{"type":"Feature","properties":{"id":207256319,"name":"白鳥豊橋線","highway":"secondary","role":null},"geometry":{"type":"LineString","coordinates":[[137.3471018,34.8183956],[137.3468836,34.818506]]}},{"type":"Feature","properties":{"id":207256320,"name":"白鳥豊橋線","highway":"secondary","role":null},"geometry":{"type":"LineString","coordinates":[[137.3441355,34.8209332],[137.3439401,34.8210026],[137.3436907,34.8211042],[137.3435241,34.8212255],[137.3423223,34.822351],[137.3409167,34.823965],[137.3408446,34.8240518],[137.3407909,34.8241048],[137.3400628,34.8248181],[137.3394208,34.8255288],[137.3391631,34.8257992]]}},{"type":"Feature","properties":{"id":207301404,"name":"東海道","highway":"trunk","role":null},"geometry":{"type":"LineString","coordinates":[[137.7357615,34.7081935],[137.7344237,34.7081903],[137.7342838,34.70819]]}},{"type":"Feature","properties":{"id":207301405,"name":"東海道","highway":"trunk","role":null},"geometry":{"type":"LineString","coordinates":[[137.7370022,34.7081846],[137.7365427,34.7081432],[137.736447,34.7081468],[137.7359942,34.7081464],[137.7359177,34.7081462],[137.7357615,34.7081935]]}},{"type":"Feature","properties":{"id":208179879,"name":"白鳥豊橋線","highway":"secondary","role":null},"geometry":{"type":"LineString","coordinates":[[137.3515452,34.813396],[137.3512311,34.8137333]]}},{"type":"Feature","properties":{"id":208179880,"name":"白鳥豊橋線","highway":"secondary","role":null},"geometry":{"type":"LineString","coordinates":[[137.3512311,34.8137333],[137.3507705,34.8142667],[137.3504208,34.8146716],[137.350303,34.814808],[137.3502513,34.814867],[137.3499124,34.8152541],[137.3497264,34.8154794],[137.3493085,34.8159724],[137.34909,34.8162287],[137.3486123,34.8167665],[137.3485614,34.8168279],[137.3482517,34.8172079],[137.3479397,34.817557],[137.3477118,34.8178159],[137.3474667,34.8180684],[137.3474404,34.8180948],[137.3472559,34.8182799],[137.3471018,34.8183956]]}},{"type":"Feature","properties":{"id":208936512,"name":"国道1号","highway":"trunk","role":null},"geometry":{"type":"LineString","coordinates":[[139.2053044,35.2785892],[139.2050602,35.2784864]]}},{"type":"Feature","properties":{"id":209111447,"name":"国道1号","highway":"trunk","role":null},"geometry":{"type":"LineString","coordinates":[[139.5371644,35.4059082],[139.5368364,35.4056189]]}},{"type":"Feature","properties":{"id":209111461,"name":"国道1号","highway":"trunk","role":null},"geometry":{"type":"LineString","coordinates":[[139.5368364,35.4056189],[139.5367799,35.4055708],[139.5366921,35.4054729],[139.5365966,35.4053458],[139.5365472,35.4052708],[139.5364886,35.4051818]]}},{"type":"Feature","properties":{"id":209699471,"name":"長沢国府線","highway":"secondary","role":null},"geometry":{"type":"LineString","coordinates":[[137.2800965,34.8737075],[137.2802147,34.8736771]]}},{"type":"Feature","properties":{"id":209699472,"name":"長沢国府線","highway":"secondary","role":null},"geometry":{"type":"LineString","coordinates":[[137.2802147,34.8736771],[137.280241,34.8736729],[137.2802674,34.8736687],[137.280343,34.8736414],[137.2805498,34.8735677],[137.2806757,34.8735138],[137.2808131,34.8734619],[137.280989,34.8734164],[137.2810982,34.8734039],[137.2813943,34.8733486],[137.2815378,34.8733133],[137.2816262,34.8732916],[137.2820233,34.8731653],[137.2820912,34.8731368],[137.2824343,34.8729769],[137.282604,34.8728926],[137.2826797,34.8728745],[137.2827838,34.8728644],[137.2828751,34.8728489],[137.2829657,34.8728257],[137.2830539,34.8728012],[137.283309,34.87273],[137.2833638,34.8727093],[137.2834756,34.8726662],[137.2836563,34.8725896],[137.2840989,34.8724293],[137.2842816,34.8722823],[137.2843833,34.8721953],[137.2845308,34.8720432],[137.2847233,34.8718674],[137.285099,34.8715597],[137.2851736,34.8715013],[137.2853614,34.8713558],[137.2854931,34.8712595],[137.2858104,34.8710418],[137.2858724,34.8709915],[137.2859881,34.8708978],[137.2862904,34.8706188],[137.2863358,34.8705815],[137.2864349,34.8704667],[137.286535,34.8702826],[137.2865792,34.8701136],[137.2865789,34.8699035],[137.2866107,34.8697922],[137.2866652,34.8696952],[137.2869612,34.8694691],[137.2870358,34.8694135],[137.2871618,34.8693196],[137.2873867,34.8691483],[137.2875808,34.8690038],[137.2882939,34.8684855],[137.2884769,34.8683701],[137.2885953,34.8683038],[137.2890748,34.8680827],[137.2897213,34.8678269],[137.2904007,34.8675505],[137.290447,34.8675326],[137.2906968,34.8674277],[137.2911485,34.8672448],[137.2915059,34.8670808]]}},{"type":"Feature","properties":{"id":209707863,"name":"旧東海道","highway":"unclassified","role":null},"geometry":{"type":"LineString","coordinates":[[139.4868323,35.3463434],[139.4869484,35.3464105],[139.487086,35.3465386],[139.4873126,35.3467965]]}},{"type":"Feature","properties":{"id":209707864,"name":"遊行寺橋","highway":"unclassified","role":null},"geometry":{"type":"LineString","coordinates":[[139.4866347,35.3462409],[139.4868323,35.3463434]]}},{"type":"Feature","properties":{"id":209722909,"name":"長沢国府線","highway":"secondary","role":null},"geometry":{"type":"LineString","coordinates":[[137.2938954,34.8661057],[137.2937515,34.8661575]]}},{"type":"Feature","properties":{"id":209747510,"name":"国道467号","highway":"trunk","role":null},"geometry":{"type":"LineString","coordinates":[[139.4784161,35.3476466],[139.4785482,35.3476523],[139.4793647,35.3477013],[139.4797355,35.3477325],[139.480029,35.347762],[139.4803912,35.3478063],[139.4806535,35.347836]]}},{"type":"Feature","properties":{"id":210336713,"name":"藤沢厚木線","highway":"primary","role":null},"geometry":{"type":"LineString","coordinates":[[139.4766087,35.3472624],[139.4765841,35.3472553]]}},{"type":"Feature","properties":{"id":210336714,"name":"藤沢厚木線","highway":"primary","role":null},"geometry":{"type":"LineString","coordinates":[[139.4763569,35.3471896],[139.4762542,35.3471599],[139.4757535,35.3470151],[139.4753674,35.3469012],[139.4752668,35.3468705],[139.4751165,35.3468325],[139.474789,35.3467541],[139.4743714,35.3467161],[139.4742647,35.3467075],[139.4740679,35.3466892],[139.4739246,35.3466749],[139.4737629,35.3466634],[139.4734713,35.3466525],[139.4732191,35.3466242],[139.4730083,35.3466141],[139.4725762,35.3465934],[139.4723642,35.346596],[139.4719902,35.3466524],[139.4715929,35.346717],[139.4715335,35.3467255],[139.4713288,35.346755],[139.4711181,35.3467853],[139.4709205,35.3468182],[139.4706787,35.3468771],[139.4703785,35.3469623],[139.4697314,35.3471602],[139.4694644,35.3472412]]}},{"type":"Feature","properties":{"id":211096288,"name":"国道1号","highway":"trunk","role":null},"geometry":{"type":"LineString","coordinates":[[139.5217073,35.3894058],[139.5214468,35.3890997],[139.5213397,35.3889982],[139.52125,35.3889132],[139.5210363,35.3887133],[139.5208137,35.3885733],[139.5205911,35.388488],[139.5203497,35.3884181],[139.520123,35.3883798],[139.5198145,35.3883006],[139.5196765,35.3882485],[139.5194538,35.3881425],[139.5192956,35.388042],[139.5191775,35.3879807],[139.5190291,35.3878898]]}},{"type":"Feature","properties":{"id":211096298,"name":"国道1号","highway":"trunk","role":null},"geometry":{"type":"LineString","coordinates":[[138.943404,35.1309671],[138.943335,35.1308798],[138.943262,35.1307592],[138.9431608,35.1305713],[138.9427263,35.1296139],[138.9425884,35.1294241],[138.9424605,35.1292826],[138.9423282,35.1291649],[138.9416824,35.1285904],[138.9412989,35.128175],[138.9410446,35.1279438],[138.9408054,35.1277262],[138.9405969,35.1275551],[138.9403177,35.1273459],[138.9400805,35.1271773],[138.9397275,35.1269578],[138.9395791,35.1268731],[138.9394219,35.1267834],[138.9389643,35.1264778],[138.9387218,35.1263177],[138.938606,35.1262413],[138.9383107,35.1260269],[138.9380228,35.1257908],[138.9373407,35.1252703],[138.9366345,35.1247791],[138.9359958,35.1243639],[138.9357904,35.1242305],[138.9355798,35.1241493],[138.9351654,35.1239266],[138.9350579,35.1238826]]}},{"type":"Feature","properties":{"id":211096305,"name":"国道1号","highway":"trunk","role":null},"geometry":{"type":"LineString","coordinates":[[138.489401,35.0318281],[138.4893742,35.0317754],[138.4893435,35.0317016]]}},{"type":"Feature","properties":{"id":211774041,"name":"中央通り","highway":"trunk","role":null},"geometry":{"type":"LineString","coordinates":[[139.7606107,35.6667251],[139.7605318,35.6666256]]}},{"type":"Feature","properties":{"id":211871570,"name":"伊勢原藤沢線","highway":"primary","role":null},"geometry":{"type":"LineString","coordinates":[[139.4558716,35.3469292],[139.4559804,35.3469501],[139.456348,35.3470207],[139.4567359,35.347106],[139.4567529,35.3471097],[139.4568242,35.347129]]}},{"type":"Feature","properties":{"id":211871573,"name":"神奈川県道44号伊勢原藤沢線","highway":"primary","role":null},"geometry":{"type":"LineString","coordinates":[[139.4557094,35.3468982],[139.4558716,35.3469292]]}},{"type":"Feature","properties":{"id":216908819,"name":"旧東海道","highway":"tertiary","role":null},"geometry":{"type":"LineString","coordinates":[[138.4090393,34.9856579],[138.4089755,34.9855321],[138.4088191,34.9850714]]}},{"type":"Feature","properties":{"id":218701525,"name":"国道1号","highway":"trunk","role":null},"geometry":{"type":"LineString","coordinates":[[139.5353644,35.4024835],[139.5352091,35.4024427],[139.5345295,35.4022873],[139.5344723,35.4022718],[139.5342735,35.402209],[139.5341587,35.4021728]]}},{"type":"Feature","properties":{"id":220708876,"name":"旧東海道","highway":"tertiary","role":null},"geometry":{"type":"LineString","coordinates":[[139.7382305,35.5942561],[139.7382169,35.5942336],[139.7381791,35.5941681],[139.7380444,35.5939349],[139.7378737,35.5936822],[139.7378245,35.5936125],[139.7377832,35.5935667],[139.7377169,35.5934809],[139.7374928,35.5932255],[139.7373403,35.5929918],[139.7370908,35.5925937],[139.7368916,35.5922759],[139.7366672,35.5918974],[139.7364917,35.5914922],[139.7364566,35.591403],[139.7364069,35.5913105]]}},{"type":"Feature","properties":{"id":220708877,"name":"旧東海道","highway":"unclassified","role":null},"geometry":{"type":"LineString","coordinates":[[139.7362058,35.5776341],[139.7361557,35.5775407]]}},{"type":"Feature","properties":{"id":220708882,"name":"旧東海道","highway":"unclassified","role":null},"geometry":{"type":"LineString","coordinates":[[139.7368135,35.5813761],[139.7367931,35.5816687],[139.7367859,35.5818178],[139.7367672,35.5818624],[139.7366668,35.5819719],[139.736448,35.5820773]]}},{"type":"Feature","properties":{"id":221320430,"name":"第一京浜","highway":"trunk","role":null},"geometry":{"type":"LineString","coordinates":[[139.7364394,35.5844095],[139.7364601,35.584293],[139.7366423,35.5832155],[139.7366725,35.583037]]}},{"type":"Feature","properties":{"id":222585471,"name":"東海道","highway":"trunk","role":null},"geometry":{"type":"LineString","coordinates":[[137.7176722,34.692842],[137.7178036,34.692964],[137.7180498,34.6931927],[137.7181465,34.6932824],[137.7182189,34.6933497],[137.7182999,34.6934249],[137.7183821,34.6935013],[137.7185957,34.6936998],[137.71888,34.693964],[137.7190279,34.6941015],[137.7191092,34.6941771],[137.7192571,34.6943145],[137.7194164,34.6944626],[137.7196515,34.6946811],[137.7198754,34.6948892],[137.7200105,34.6950148],[137.7204625,34.6954349],[137.7204724,34.695444],[137.7208881,34.6958304],[137.7209438,34.6958822],[137.72105,34.6959809]]}},{"type":"Feature","properties":{"id":222616112,"name":"旧東海道","highway":"residential","role":null},"geometry":{"type":"LineString","coordinates":[[138.3172436,34.9390653],[138.3172351,34.9391406],[138.3172304,34.939182],[138.3172431,34.9391976],[138.3172553,34.9392126],[138.3175638,34.9393787],[138.3179253,34.9395396],[138.3180593,34.9396674],[138.3182984,34.9399453],[138.3185765,34.9402242],[138.3186833,34.9402851],[138.3189214,34.9403501],[138.3192548,34.9403547],[138.3192947,34.9403203],[138.3193607,34.9402501],[138.31944,34.9401603],[138.3194611,34.9401034]]}},{"type":"Feature","properties":{"id":222970350,"name":"旧東海道","highway":"unclassified","role":null},"geometry":{"type":"LineString","coordinates":[[139.2416281,35.2920619],[139.2416299,35.2920172],[139.2416129,35.2919782],[139.2415487,35.2919487],[139.2412404,35.2918022],[139.2411871,35.2917667],[139.2407474,35.2915131],[139.2405677,35.2914074],[139.2403395,35.2912874],[139.2402543,35.2912426],[139.240068,35.2911806],[139.2400007,35.2911515],[139.239762,35.2911005],[139.2392502,35.2909766],[139.239049,35.2909416],[139.2387593,35.2908912],[139.2385773,35.29085],[139.2385036,35.2908173],[139.2384248,35.2907621],[139.2382628,35.2906515],[139.2381773,35.290579],[139.2380086,35.2905111]]}},{"type":"Feature","properties":{"id":226039159,"name":"旧東海道","highway":"unclassified","role":null},"geometry":{"type":"LineString","coordinates":[[139.1769892,35.2592264],[139.1775875,35.2594306],[139.1779189,35.2595479],[139.1782615,35.259659],[139.1783917,35.2597359]]}},{"type":"Feature","properties":{"id":226039351,"name":"旧東海道","highway":"unclassified","role":null},"geometry":{"type":"LineString","coordinates":[[139.1781746,35.2603086],[139.1783456,35.2597798],[139.1783917,35.2597359]]}},{"type":"Feature","properties":{"id":226039442,"name":"旧東海道","highway":"unclassified","role":null},"geometry":{"type":"LineString","coordinates":[[139.1324588,35.247142],[139.1323293,35.2471772],[139.1321913,35.2472305],[139.1320545,35.2473108],[139.1319904,35.2473421],[139.1319206,35.2473447],[139.1318682,35.2473285],[139.1317839,35.2472895],[139.1317676,35.2472818],[139.131547,35.2471779],[139.1313267,35.2470953],[139.1312107,35.2470548],[139.1311936,35.2470491],[139.1310736,35.247007],[139.1309764,35.2469739],[139.1307012,35.2468725],[139.1304722,35.246798],[139.1302972,35.2467576],[139.1301141,35.2467249],[139.1300322,35.2467315],[139.1297906,35.2467726],[139.129732,35.2467753],[139.1296257,35.2467603],[139.1293647,35.2466909],[139.1292284,35.2466557],[139.1291013,35.2466305],[139.1289328,35.2466202]]}},{"type":"Feature","properties":{"id":226039562,"name":"旧東海道","highway":"tertiary","role":null},"geometry":{"type":"LineString","coordinates":[[139.1324588,35.247142],[139.1325741,35.247107],[139.1326493,35.2470794],[139.1326999,35.2470493],[139.1326968,35.2470077],[139.1326959,35.2469759],[139.1326988,35.24692]]}},{"type":"Feature","properties":{"id":226039673,"name":"旧東海道","highway":"unclassified","role":null},"geometry":{"type":"LineString","coordinates":[[139.179289,35.2623994],[139.179252,35.2623647],[139.17887,35.262015],[139.1786225,35.2617782],[139.1783607,35.2615361],[139.1782867,35.2614644],[139.1782153,35.2613998],[139.1782046,35.2613166],[139.1782709,35.2610509],[139.1782508,35.2609806],[139.1782194,35.2608385],[139.1781441,35.2606687]]}},{"type":"Feature","properties":{"id":229393205,"name":"旧東海道","highway":"unclassified","role":null},"geometry":{"type":"LineString","coordinates":[[137.1569264,34.9586313],[137.1569314,34.9586696],[137.1569728,34.9589856],[137.1571153,34.9594327],[137.157345,34.9601536]]}},{"type":"Feature","properties":{"id":229865316,"name":"伊勢原藤沢線","highway":"primary","role":null},"geometry":{"type":"LineString","coordinates":[[139.460411,35.3474247],[139.4600244,35.347484],[139.4596663,35.3475348],[139.4594006,35.3475732],[139.4592563,35.347594],[139.4590785,35.3476152],[139.458858,35.3476289],[139.4586322,35.3476332],[139.4584428,35.3476215],[139.4582372,35.3476003],[139.4580146,35.3475559],[139.4578278,35.3475062],[139.4575465,35.3474076],[139.457456,35.3473727],[139.4569984,35.3471962],[139.4568242,35.347129]]}},{"type":"Feature","properties":{"id":231315419,"name":"湾岸通り","highway":"primary","role":null},"geometry":{"type":"LineString","coordinates":[[139.7360168,35.591246],[139.7360549,35.5912943],[139.7360947,35.5913347],[139.7361439,35.5913652],[139.7362049,35.5914043]]}},{"type":"Feature","properties":{"id":231315422,"name":"湾岸通り","highway":"primary","role":null},"geometry":{"type":"LineString","coordinates":[[139.7362049,35.5914043],[139.7364566,35.591403]]}},{"type":"Feature","properties":{"id":231407117,"name":"国道467号","highway":"trunk","role":null},"geometry":{"type":"LineString","coordinates":[[139.4806535,35.347836],[139.4810805,35.3478808],[139.4811841,35.3478815],[139.4813222,35.3478695],[139.4813618,35.3478689],[139.4815924,35.3478385],[139.4821767,35.3477617],[139.4826733,35.3476396],[139.4832854,35.3474791],[139.4835015,35.3474198],[139.4838876,35.3473176],[139.484302,35.3471763],[139.4850816,35.3468423],[139.4854187,35.3466956],[139.4857672,35.3465342]]}},{"type":"Feature","properties":{"id":231411103,"name":"国道1号","highway":"trunk","role":null},"geometry":{"type":"LineString","coordinates":[[139.3773335,35.3328784],[139.3774636,35.3328739],[139.3775799,35.3328699],[139.3783032,35.3328429],[139.3785739,35.3328408],[139.3788762,35.3328534],[139.3791196,35.3328771],[139.3796668,35.3329662],[139.3802454,35.3330659],[139.3802994,35.3330752],[139.3804414,35.3330988],[139.3807383,35.3331359],[139.3810127,35.3331668],[139.3812418,35.3331819],[139.3815359,35.3331785],[139.3817516,35.3331619],[139.3818527,35.33315],[139.3819723,35.3331305],[139.3826812,35.3330146],[139.3833656,35.3328924],[139.3835142,35.3328675],[139.3837683,35.3328057],[139.3837942,35.3328021],[139.3839136,35.3327988],[139.3839539,35.3327956]]}},{"type":"Feature","properties":{"id":231411107,"name":"国道1号","highway":"trunk","role":null},"geometry":{"type":"LineString","coordinates":[[139.4070077,35.3334654],[139.406924,35.3334506],[139.4066707,35.3334124],[139.406625,35.3334052],[139.4060852,35.3333064],[139.405634,35.3331765]]}},{"type":"Feature","properties":{"id":232966906,"name":"旧東海道","highway":"trunk_link","role":null},"geometry":{"type":"LineString","coordinates":[[139.5054241,35.3770265],[139.5052883,35.3769027],[139.5051597,35.3767755],[139.5050363,35.3766317],[139.5049322,35.3764977],[139.504842,35.3763706],[139.5046374,35.3760526],[139.504413,35.3757107],[139.5040687,35.3752106],[139.5035527,35.3744489]]}},{"type":"Feature","properties":{"id":232966910,"name":"旧東海道","highway":"trunk_link","role":null},"geometry":{"type":"LineString","coordinates":[[139.5052951,35.3772355],[139.5054543,35.3773451],[139.5056268,35.377467],[139.5057296,35.3775377],[139.505855,35.3776104],[139.5060208,35.3776965],[139.5061922,35.3777808],[139.5070891,35.3782079],[139.5072285,35.3782758],[139.5073031,35.3783141],[139.5077204,35.3785088],[139.5082473,35.3787252],[139.5087642,35.3789344],[139.5091537,35.3790838]]}},{"type":"Feature","properties":{"id":234091412,"name":"美原通り","highway":"unclassified","role":null},"geometry":{"type":"LineString","coordinates":[[139.7361557,35.5775407],[139.7361205,35.5774402],[139.7359788,35.5770497],[139.7358493,35.576676],[139.7357335,35.5763757],[139.7357135,35.5763239],[139.7356951,35.5762763]]}},{"type":"Feature","properties":{"id":236058753,"name":"国道1号","highway":"trunk","role":null},"geometry":{"type":"LineString","coordinates":[[139.5224537,35.3902389],[139.5223789,35.3901543],[139.5221855,35.3899383],[139.5218626,35.3895825],[139.5217073,35.3894058]]}},{"type":"Feature","properties":{"id":236058763,"name":"国道1号","highway":"trunk","role":null},"geometry":{"type":"LineString","coordinates":[[139.5314857,35.4001749],[139.5314257,35.4000563],[139.5313781,35.3999529],[139.5313429,35.3998592],[139.5312575,35.3996342],[139.5311861,35.3994229],[139.53092,35.3985208],[139.5308943,35.3984325],[139.5307526,35.3979516],[139.5307004,35.3977807],[139.530644,35.3975664],[139.5306333,35.3975096],[139.5306052,35.3971387],[139.5305936,35.3968562],[139.5305647,35.3967236],[139.5305314,35.3966253],[139.5304779,35.3964843],[139.530243,35.3959244],[139.5302068,35.3957881],[139.5301813,35.3956435],[139.530082,35.3951548],[139.5300687,35.3950892],[139.5299708,35.3948443],[139.5299302,35.394772],[139.5291723,35.3934515],[139.5290763,35.3933312],[139.5289523,35.3932926],[139.5279107,35.3930553]]}},{"type":"Feature","properties":{"id":242345835,"name":"旧東海道","highway":"unclassified","role":null},"geometry":{"type":"LineString","coordinates":[[139.1138561,35.2349783],[139.113929,35.2348752]]}},{"type":"Feature","properties":{"id":247995470,"name":"清水銀座商店街（巴流通り商店街）","highway":"unclassified","role":null},"geometry":{"type":"LineString","coordinates":[[138.4855949,35.0185887],[138.4837417,35.019088],[138.4833008,35.0191997],[138.4830284,35.0192753],[138.4825248,35.019407],[138.4815625,35.0196778]]}},{"type":"Feature","properties":{"id":247995472,"name":"旧東海道","highway":"tertiary","role":null},"geometry":{"type":"LineString","coordinates":[[138.4858505,35.0236326],[138.4858459,35.0235698],[138.4857525,35.0222147],[138.4857379,35.021014],[138.4857026,35.0202694],[138.485652,35.0194082],[138.4856486,35.0193639],[138.4855949,35.0185887]]}},{"type":"Feature","properties":{"id":249161229,"name":"旧東海道","highway":"residential","role":null},"geometry":{"type":"LineString","coordinates":[[136.1845232,34.9672204],[136.1845037,34.9671843],[136.1844249,34.9671406],[136.1843348,34.9670927],[136.1839882,34.9668995],[136.1838605,34.9668101],[136.1837868,34.9667521],[136.1837084,34.966675],[136.1836629,34.9666324],[136.1836455,34.9665923]]}},{"type":"Feature","properties":{"id":249161232,"name":"旧東海道","highway":"unclassified","role":null},"geometry":{"type":"LineString","coordinates":[[136.1886742,34.9667708],[136.1884284,34.9668579],[136.1881693,34.9668919],[136.1877712,34.9669414],[136.1876407,34.966958],[136.1871244,34.967054],[136.187003,34.9670764],[136.1869546,34.967087],[136.1868481,34.967131],[136.186706,34.9671772],[136.1866045,34.967199],[136.1865013,34.9672307],[136.1863519,34.9672473]]}},{"type":"Feature","properties":{"id":252842316,"name":"国道1号","highway":"trunk","role":null},"geometry":{"type":"LineString","coordinates":[[139.0307709,35.2007737],[139.0307278,35.2006875],[139.0306255,35.2004784],[139.0305321,35.2002934],[139.0303417,35.1999162],[139.0301053,35.1995875],[139.0298711,35.1992498],[139.0298506,35.1992201],[139.0298204,35.1991761],[139.0297656,35.1991177]]}},{"type":"Feature","properties":{"id":252966161,"name":"国道1号","highway":"trunk","role":null},"geometry":{"type":"LineString","coordinates":[[139.0255391,35.1895661],[139.0253793,35.1894076]]}},{"type":"Feature","properties":{"id":253812419,"name":"第一京浜","highway":"trunk","role":null},"geometry":{"type":"LineString","coordinates":[[139.7550868,35.6602057],[139.7551016,35.6602741],[139.7551235,35.6603509],[139.7551456,35.660396],[139.7551922,35.660457],[139.7553407,35.6606517],[139.7555392,35.66088],[139.7562015,35.6616732],[139.7567598,35.6623466],[139.7567929,35.6623866],[139.7568673,35.6624764],[139.7569392,35.6625613],[139.7573285,35.663022],[139.7574246,35.6631357]]}},{"type":"Feature","properties":{"id":253812421,"name":"第一京浜","highway":"trunk","role":null},"geometry":{"type":"LineString","coordinates":[[139.7596349,35.6655622],[139.7595387,35.665449]]}},{"type":"Feature","properties":{"id":253812422,"name":"中央通り","highway":"trunk","role":null},"geometry":{"type":"LineString","coordinates":[[139.7603417,35.6666948],[139.7603985,35.6667337],[139.7604623,35.6667775]]}},{"type":"Feature","properties":{"id":253812423,"name":"第一京浜","highway":"trunk","role":null},"geometry":{"type":"LineString","coordinates":[[139.7597369,35.6660401],[139.7599996,35.6663518],[139.7601594,35.6665351],[139.7602171,35.6665955],[139.7602684,35.6666402],[139.7603417,35.6666948]]}},{"type":"Feature","properties":{"id":254465454,"name":"国道1号","highway":"trunk","role":null},"geometry":{"type":"LineString","coordinates":[[139.531781,35.4006843],[139.5316048,35.4003804],[139.5315803,35.4003382],[139.5314857,35.4001749]]}},{"type":"Feature","properties":{"id":254465463,"name":"国道1号","highway":"trunk","role":null},"geometry":{"type":"LineString","coordinates":[[139.532107,35.4012507],[139.5320516,35.4011552],[139.531781,35.4006843]]}},{"type":"Feature","properties":{"id":254468062,"name":"国道1号","highway":"trunk","role":null},"geometry":{"type":"LineString","coordinates":[[139.512437,35.3810845],[139.5126895,35.3813272],[139.5129789,35.3815968],[139.5130819,35.3816927],[139.5131389,35.3817403],[139.5137177,35.3821614],[139.513951,35.3823529],[139.5141547,35.3825941],[139.5144935,35.3831867],[139.5145465,35.3832767],[139.514624,35.3834415],[139.5146679,35.3835348],[139.5147391,35.3838057],[139.5147948,35.3841182],[139.5148553,35.3843155],[139.5149669,35.3844993],[139.5151962,35.3846997],[139.5154063,35.3848109],[139.5158669,35.3849554],[139.5160117,35.3850146],[139.5161275,35.3850619],[139.516397,35.3852118],[139.5166088,35.3853517],[139.5168202,35.3855361],[139.5170446,35.3858001],[139.5171841,35.3860045]]}},{"type":"Feature","properties":{"id":254778875,"name":"国道1号","highway":"trunk","role":null},"geometry":{"type":"LineString","coordinates":[[139.4143591,35.3363329],[139.4142549,35.3363145],[139.4141084,35.3362883],[139.4140161,35.3362617],[139.4138701,35.3362197],[139.4135889,35.3361285],[139.4133278,35.3360216],[139.413188,35.3359474],[139.4126456,35.3356596],[139.4126142,35.335642],[139.412495,35.3355755],[139.4124102,35.3355358],[139.4123061,35.335487],[139.4116741,35.3352649],[139.4111639,35.3350643],[139.4109845,35.3349666],[139.41096,35.3349532],[139.4107562,35.3348411],[139.4106317,35.3347553],[139.4105551,35.3347025]]}},{"type":"Feature","properties":{"id":254778897,"name":"国道1号","highway":"trunk","role":null},"geometry":{"type":"LineString","coordinates":[[139.4496987,35.346526],[139.4493351,35.3462907],[139.449105,35.34615],[139.448872,35.3459969],[139.4486463,35.3458485],[139.4485735,35.3458007]]}},{"type":"Feature","properties":{"id":254813607,"name":"旧東海道","highway":"tertiary","role":null},"geometry":{"type":"LineString","coordinates":[[139.3608178,35.3316755],[139.3609463,35.3317456]]}},{"type":"Feature","properties":{"id":255351364,"name":"旧東海道","highway":"unclassified","role":null},"geometry":{"type":"LineString","coordinates":[[136.4890017,34.8660346],[136.4891254,34.8659961]]}},{"type":"Feature","properties":{"id":255355299,"name":"旧東海道","highway":"unclassified","role":null},"geometry":{"type":"LineString","coordinates":[[136.5505202,34.9094467],[136.5504655,34.9094387],[136.5503993,34.9094176],[136.5503345,34.9093544],[136.550265,34.909255],[136.5501942,34.9091413],[136.5500733,34.9089199]]}},{"type":"Feature","properties":{"id":258834775,"name":"第一京浜","highway":"trunk","role":null},"geometry":{"type":"LineString","coordinates":[[139.7393461,35.637585],[139.7394072,35.6377314],[139.7394209,35.637763],[139.739953,35.6387114],[139.7400624,35.6389064],[139.7402535,35.6392469],[139.7403258,35.6393842],[139.740514,35.6397414],[139.740649,35.6399767]]}},{"type":"Feature","properties":{"id":258834780,"name":"第一京浜","highway":"trunk","role":null},"geometry":{"type":"LineString","coordinates":[[139.7374577,35.6301609],[139.7374638,35.6302751],[139.7375216,35.631329],[139.7375574,35.6317371],[139.7375708,35.6318344],[139.737576,35.6318734],[139.7376241,35.6321439],[139.7376452,35.6322678],[139.7377113,35.6326117],[139.7378397,35.6332048],[139.7379628,35.6336792],[139.7380146,35.6338788],[139.7380246,35.6339168],[139.7380564,35.6340292],[139.7380914,35.6341483],[139.7381757,35.6344002],[139.7382742,35.6346947]]}},{"type":"Feature","properties":{"id":258863043,"name":"第一京浜","highway":"trunk","role":null},"geometry":{"type":"LineString","coordinates":[[139.7375948,35.6290486],[139.7376032,35.6287607]]}},{"type":"Feature","properties":{"id":258863047,"name":"第一京浜","highway":"trunk","role":null},"geometry":{"type":"LineString","coordinates":[[139.7374515,35.6290127],[139.7374427,35.6295641],[139.7374459,35.6299013]]}},{"type":"Feature","properties":{"id":258863054,"name":"第一京浜","highway":"trunk","role":null},"geometry":{"type":"LineString","coordinates":[[139.7381316,35.6256078],[139.7381955,35.6253465],[139.7382386,35.6251474],[139.7382516,35.6250256]]}},{"type":"Feature","properties":{"id":259362612,"name":"国道1号","highway":"trunk","role":null},"geometry":{"type":"LineString","coordinates":[[139.4460035,35.3444936],[139.4458713,35.3444557],[139.4456819,35.3444013],[139.445514,35.3443552],[139.4453664,35.3443234],[139.4447761,35.344204],[139.4446218,35.3441821],[139.4443112,35.3441439],[139.444139,35.3441293],[139.4433998,35.3440856],[139.4433594,35.3440847],[139.4432889,35.344083]]}},{"type":"Feature","properties":{"id":259709526,"name":"藤枝静岡線","highway":"secondary","role":null},"geometry":{"type":"LineString","coordinates":[[138.2899344,34.9230667],[138.2894103,34.9229861],[138.289037,34.9229066],[138.2886078,34.9227804],[138.2881808,34.9226314],[138.2878591,34.9225072],[138.2864803,34.9219549],[138.2863758,34.9219137],[138.2846277,34.9212242],[138.2838548,34.9209183],[138.2835022,34.9207769]]}},{"type":"Feature","properties":{"id":259757345,"name":"東海道","highway":"trunk","role":null},"geometry":{"type":"LineString","coordinates":[[137.7576197,34.7123485],[137.7576507,34.7123617],[137.7596043,34.7131034],[137.760018,34.7132836]]}},{"type":"Feature","properties":{"id":259757346,"name":"琵琶橋（東海道）","highway":"trunk","role":null},"geometry":{"type":"LineString","coordinates":[[137.757391,34.7122563],[137.7576197,34.7123485]]}},{"type":"Feature","properties":{"id":260569400,"name":"藤枝静岡線","highway":"secondary","role":null},"geometry":{"type":"LineString","coordinates":[[138.2920231,34.9241252],[138.2921294,34.9242105]]}},{"type":"Feature","properties":{"id":261065065,"name":"第一京浜","highway":"trunk","role":null},"geometry":{"type":"LineString","coordinates":[[139.7593967,35.6656126],[139.7597369,35.6660401]]}},{"type":"Feature","properties":{"id":261476640,"name":"旧東海道","highway":"unclassified","role":null},"geometry":{"type":"LineString","coordinates":[[138.1262448,34.8198123],[138.1261828,34.8198556],[138.1261267,34.8198947]]}},{"type":"Feature","properties":{"id":261806887,"name":"国道1号","highway":"trunk","role":null},"geometry":{"type":"LineString","coordinates":[[137.4096321,34.7565394],[137.4091119,34.7573163],[137.4087639,34.7577887],[137.408693,34.7578849],[137.4086145,34.7579708],[137.4081092,34.7585233],[137.407339,34.7593913],[137.4065479,34.7602748],[137.4061197,34.7607488],[137.4056061,34.7613203],[137.4048417,34.7621218],[137.404146,34.7628396],[137.4038639,34.7631614],[137.4037179,34.7633284],[137.4035396,34.7635014],[137.4031904,34.7637885],[137.4030259,34.7639068],[137.4023554,34.7643276],[137.4022617,34.7643846],[137.4014967,34.7648501],[137.4013369,34.7649463],[137.4005621,34.7654126],[137.3998742,34.7658268]]}},{"type":"Feature","properties":{"id":261806888,"name":"国道1号","highway":"trunk","role":null},"geometry":{"type":"LineString","coordinates":[[137.4125238,34.751826],[137.4125889,34.7516947]]}},{"type":"Feature","properties":{"id":261806889,"name":"国道1号","highway":"trunk","role":null},"geometry":{"type":"LineString","coordinates":[[137.4125114,34.7516666],[137.4124344,34.7518252]]}},{"type":"Feature","properties":{"id":261806890,"name":"国道1号","highway":"trunk","role":null},"geometry":{"type":"LineString","coordinates":[[137.4125889,34.7516947],[137.4126288,34.7515853],[137.4134273,34.7489529],[137.4134894,34.748748],[137.4135824,34.7484414],[137.4138843,34.7474992]]}},{"type":"Feature","properties":{"id":261842973,"name":"東海道","highway":"trunk","role":null},"geometry":{"type":"LineString","coordinates":[[137.7151161,34.6904679],[137.7151777,34.6905252],[137.7153547,34.6906896],[137.7154473,34.6907756],[137.7155206,34.6908436],[137.7156053,34.6909223],[137.7156906,34.6910015],[137.7158889,34.6911857],[137.715901,34.691197],[137.7159968,34.6912859],[137.7160206,34.691308],[137.7163093,34.6915762],[137.7164598,34.691716],[137.7165863,34.6918334],[137.7166658,34.6919073],[137.7169291,34.6921518],[137.7172042,34.6924073],[137.7173287,34.6925229],[137.7174418,34.692628],[137.7174963,34.6926786],[137.7176722,34.692842]]}},{"type":"Feature","properties":{"id":261842975,"name":"東海道","highway":"trunk","role":null},"geometry":{"type":"LineString","coordinates":[[137.715045,34.6904019],[137.7150957,34.690449]]}},{"type":"Feature","properties":{"id":262032712,"name":"旧東海道","highway":"unclassified","role":null},"geometry":{"type":"LineString","coordinates":[[136.1861679,34.9672573],[136.1862784,34.9672523],[136.1863519,34.9672473]]}},{"type":"Feature","properties":{"id":262154450,"name":"国道1号","highway":"trunk","role":null},"geometry":{"type":"LineString","coordinates":[[137.2537341,34.8949846],[137.2532028,34.8951463],[137.2530176,34.8952214],[137.252918,34.8952749],[137.252488,34.8955057],[137.2520512,34.8957579],[137.2517768,34.895909],[137.2512485,34.8961999],[137.250992,34.8963356],[137.2506993,34.8964697],[137.2504587,34.8965734],[137.2500415,34.8967593],[137.2495966,34.89695],[137.249439,34.8970175],[137.249038,34.8971861],[137.2486218,34.8973959],[137.248309,34.8975584],[137.2479518,34.8976954],[137.2476748,34.8978039],[137.2473478,34.8979186],[137.2470671,34.8980044],[137.2466264,34.8980984],[137.2463047,34.8981598]]}},{"type":"Feature","properties":{"id":262154453,"name":"国道1号","highway":"trunk","role":null},"geometry":{"type":"LineString","coordinates":[[137.2647753,34.8870254],[137.2648609,34.8865542],[137.2649251,34.8861006],[137.2650501,34.8855768],[137.2651385,34.8852867],[137.2652155,34.8850807],[137.2653722,34.8847384],[137.2656347,34.8843636],[137.2657591,34.8842191],[137.2659866,34.8839745],[137.2663531,34.883603],[137.267148,34.8828983],[137.2685799,34.8816399],[137.2693962,34.8809286],[137.2697913,34.8805973],[137.270103,34.8803656],[137.270604,34.8800513],[137.2721062,34.8791393],[137.2736162,34.878218],[137.27402,34.8779444],[137.2748596,34.8773201],[137.2764523,34.8760805],[137.2767267,34.8758942],[137.2769538,34.8757585],[137.277337,34.8755655]]}},{"type":"Feature","properties":{"id":262235270,"name":"東海道","highway":"trunk","role":null},"geometry":{"type":"LineString","coordinates":[[137.706586,34.6880408],[137.7064642,34.6880453],[137.7062082,34.6880549],[137.706157,34.6880568],[137.7061345,34.6880576],[137.7059563,34.6880642],[137.7056835,34.688081],[137.7054869,34.688093],[137.7052278,34.6881089],[137.7051591,34.6881131],[137.7050364,34.6881206],[137.7050021,34.6881227],[137.7046858,34.6881421],[137.7046603,34.688144],[137.7045559,34.688152],[137.7044655,34.6881604],[137.7044262,34.6881641],[137.7043432,34.6881733],[137.7042969,34.6881784],[137.7041679,34.6881949],[137.7041138,34.6882022],[137.7039942,34.6882183],[137.7036318,34.6882671],[137.7035089,34.6882826],[137.7033857,34.6882968],[137.7033592,34.6882995],[137.7032623,34.6883096],[137.7031387,34.6883211],[137.703015,34.6883313],[137.7026207,34.6883599],[137.7023154,34.6883821],[137.7022122,34.6883896],[137.7018149,34.6884185],[137.701635,34.6884316]]}},{"type":"Feature","properties":{"id":262414795,"name":"磐田細江線","highway":"secondary","role":null},"geometry":{"type":"LineString","coordinates":[[137.8265643,34.720611],[137.8267311,34.7205316]]}},{"type":"Feature","properties":{"id":262416067,"name":"磐田細江線","highway":"secondary","role":null},"geometry":{"type":"LineString","coordinates":[[137.836203,34.716831],[137.8362536,34.7168152],[137.8363366,34.7167839]]}},{"type":"Feature","properties":{"id":262416068,"name":"磐田細江線","highway":"secondary","role":null},"geometry":{"type":"LineString","coordinates":[[137.8383842,34.7159644],[137.838293,34.7160006],[137.8377053,34.7162499],[137.8375148,34.7163307],[137.8366769,34.716653],[137.8363366,34.7167839]]}},{"type":"Feature","properties":{"id":262416069,"name":"磐田細江線","highway":"secondary","role":null},"geometry":{"type":"LineString","coordinates":[[137.8385478,34.7158998],[137.8383842,34.7159644]]}},{"type":"Feature","properties":{"id":262492669,"name":"旧東海道","highway":"unclassified","role":null},"geometry":{"type":"LineString","coordinates":[[138.1258168,34.8184219],[138.1258404,34.818306],[138.1258491,34.8180936],[138.1259067,34.8177812],[138.1259129,34.8176493],[138.1258702,34.8174791],[138.1258163,34.8173262],[138.125717,34.8171631],[138.1254621,34.8173081],[138.1254227,34.8173135],[138.1253691,34.8172855]]}},{"type":"Feature","properties":{"id":262492670,"name":"旧東海道","highway":"unclassified","role":null},"geometry":{"type":"LineString","coordinates":[[138.12652,34.8196],[138.1261938,34.8192755],[138.1260033,34.8189859],[138.125745,34.8186869],[138.1257949,34.8185063],[138.1257974,34.8184965]]}},{"type":"Feature","properties":{"id":262509063,"name":"掛川袋井線","highway":"secondary","role":null},"geometry":{"type":"LineString","coordinates":[[137.9718336,34.7662854],[137.9718758,34.7662929],[137.9719062,34.7662983],[137.9719419,34.7663101],[137.9720226,34.7663358],[137.9721439,34.7664025],[137.9722183,34.7664697],[137.9722525,34.7665053],[137.972283,34.7665372],[137.9724583,34.76673],[137.9726913,34.7669223],[137.9730898,34.7672272],[137.9733807,34.7674144],[137.9735031,34.7675112],[137.9736452,34.7676237],[137.9741631,34.7679687],[137.9743224,34.7680665],[137.9745022,34.7681602],[137.9747159,34.7682491],[137.974813,34.768284],[137.9749022,34.7683088],[137.9752619,34.7683996],[137.975529,34.7684691],[137.9757952,34.7685778],[137.9760603,34.768698],[137.976307,34.7688199],[137.9763617,34.7688507],[137.9764459,34.7689021],[137.9765617,34.7689561],[137.9767298,34.7690151],[137.9768332,34.7690493]]}},{"type":"Feature","properties":{"id":262519279,"name":"磐田袋井線","highway":"secondary","role":null},"geometry":{"type":"LineString","coordinates":[[137.8989728,34.7423072],[137.8983572,34.7421614],[137.8966723,34.7417607],[137.8956102,34.7415012],[137.895128,34.7413756],[137.894776,34.7412852],[137.893412,34.7408844],[137.8927341,34.7406845],[137.8913416,34.7402739],[137.8909713,34.7401414],[137.8909472,34.7401331]]}},{"type":"Feature","properties":{"id":262519283,"name":"磐田袋井線","highway":"secondary","role":null},"geometry":{"type":"LineString","coordinates":[[137.899133,34.7423456],[137.8989728,34.7423072]]}},{"type":"Feature","properties":{"id":262520840,"name":"磐田袋井線","highway":"secondary","role":null},"geometry":{"type":"LineString","coordinates":[[137.8896111,34.7395993],[137.8895595,34.739579],[137.8895067,34.7395589],[137.8892492,34.7394454],[137.8889986,34.7393359],[137.8886412,34.7392052],[137.888535,34.7391953],[137.8883509,34.7392158]]}},{"type":"Feature","properties":{"id":262520841,"name":"磐田袋井線","highway":"secondary","role":null},"geometry":{"type":"LineString","coordinates":[[137.8909472,34.7401331],[137.8908919,34.7401098]]}},{"type":"Feature","properties":{"id":262946959,"name":"第一京浜","highway":"trunk","role":null},"geometry":{"type":"LineString","coordinates":[[139.7134735,35.5465298],[139.7135185,35.5465854],[139.7141771,35.5474458],[139.7146963,35.5481298],[139.7147297,35.5481739],[139.7148024,35.5482688],[139.7148547,35.5483397],[139.7150153,35.5485547],[139.7153446,35.5489912],[139.7156703,35.5494333],[139.7158657,35.5496968],[139.7159019,35.5497457],[139.7159416,35.5498016],[139.7160042,35.5498845],[139.7164855,35.5505219],[139.716924,35.551112],[139.7170944,35.5513391],[139.7173288,35.5516504],[139.7173611,35.5516933],[139.7174108,35.551761],[139.7174428,35.5518012],[139.7177319,35.5521938],[139.7179692,35.552516],[139.7180031,35.552562],[139.7180578,35.5526325]]}},{"type":"Feature","properties":{"id":262982573,"name":"国道1号","highway":"trunk","role":null},"geometry":{"type":"LineString","coordinates":[[139.3773335,35.3328784],[139.3771275,35.3328854],[139.3766881,35.3329092],[139.3765988,35.3329125],[139.3762504,35.3329098],[139.3759585,35.3329006],[139.3756254,35.3328736],[139.3751334,35.3328082],[139.374567,35.3327063],[139.37451,35.3326959],[139.374043,35.3326192],[139.3731589,35.3324838],[139.3727503,35.332405],[139.3723291,35.3323126]]}},{"type":"Feature","properties":{"id":263203446,"name":"東海道","highway":"trunk","role":null},"geometry":{"type":"LineString","coordinates":[[137.7463558,34.7084545],[137.7468208,34.7085689],[137.7481384,34.7088855],[137.7489568,34.7090954],[137.7497681,34.7092896],[137.7499008,34.7093206],[137.7505803,34.7095012],[137.751714,34.7098075],[137.7517913,34.7098285],[137.7521404,34.7099233],[137.7525058,34.7100674],[137.7525744,34.7100966],[137.7533307,34.7104238],[137.7536723,34.7105617],[137.7539793,34.7106711],[137.7544739,34.710932],[137.754701,34.711048],[137.7551031,34.7112563],[137.7558878,34.7116357],[137.7559629,34.711672],[137.7560595,34.7117131],[137.7567256,34.7119964],[137.7573377,34.7122361],[137.757391,34.7122563]]}},{"type":"Feature","properties":{"id":263203449,"name":"東海道","highway":"trunk","role":null},"geometry":{"type":"LineString","coordinates":[[137.7462453,34.7084327],[137.7463558,34.7084545]]}},{"type":"Feature","properties":{"id":263817160,"name":"旧東海道","highway":"residential","role":null},"geometry":{"type":"LineString","coordinates":[[138.0029798,34.7746787],[138.0030184,34.7746811],[138.0030511,34.7746726],[138.0030868,34.7746532],[138.0033136,34.7745202],[138.0035259,34.7743833],[138.0037069,34.7742578],[138.0038852,34.7741182],[138.0040645,34.773959],[138.0040965,34.7739292],[138.0049104,34.7731685],[138.004952,34.7731234],[138.0049699,34.7730936],[138.0049756,34.7730623],[138.0049755,34.7730337],[138.0049664,34.7729827]]}},{"type":"Feature","properties":{"id":263925987,"name":"磐田袋井線","highway":"secondary","role":null},"geometry":{"type":"LineString","coordinates":[[137.9115749,34.7455151],[137.9094109,34.7448023],[137.9093591,34.7447852],[137.907187,34.7441059],[137.9062485,34.7438399],[137.906139,34.7438132]]}},{"type":"Feature","properties":{"id":265139661,"name":"小川町通り","highway":"tertiary","role":null},"geometry":{"type":"LineString","coordinates":[[139.7002125,35.528095],[139.700106,35.528048],[139.700082,35.528035],[139.6999774,35.5279809],[139.6994774,35.5277168],[139.6994119,35.5276818],[139.6992838,35.5276132],[139.6991029,35.5275165],[139.6990555,35.5274911],[139.6990318,35.5274779],[139.6989913,35.5274553],[139.698765,35.527324],[139.6985632,35.5272167],[139.6984156,35.5271371],[139.6982503,35.5270479],[139.6981919,35.5270164],[139.6981147,35.5269754],[139.697933,35.526879],[139.6978662,35.5268433],[139.6977816,35.5267984],[139.6977214,35.5267663],[139.6976673,35.526738],[139.6976112,35.5267076],[139.6975619,35.5266809],[139.6970975,35.5264312],[139.6970224,35.5263908],[139.6969679,35.5263615],[139.6968902,35.5263197],[139.6965126,35.5261167],[139.6961858,35.525944],[139.6960789,35.5258846],[139.6959854,35.5258327],[139.6958973,35.5257868],[139.6957995,35.5257358]]}},{"type":"Feature","properties":{"id":265345994,"name":"第一京浜","highway":"trunk","role":null},"geometry":{"type":"LineString","coordinates":[[139.7488578,35.6476963],[139.7490165,35.6477621],[139.7498855,35.6481579],[139.7502157,35.6482534],[139.7502701,35.6482691],[139.7503616,35.6482957],[139.7505143,35.648337],[139.750896,35.64844],[139.7512349,35.6485315],[139.7514034,35.648577],[139.7517969,35.6486841],[139.7521086,35.6487711],[139.7526997,35.6489545],[139.752755,35.6489745],[139.7527847,35.6489892],[139.7528226,35.6490076],[139.7528682,35.6490394],[139.7529459,35.649107]]}},{"type":"Feature","properties":{"id":265345998,"name":"第一京浜","highway":"trunk","role":null},"geometry":{"type":"LineString","coordinates":[[139.7446455,35.645517],[139.7453369,35.6459497],[139.7456889,35.6461609],[139.7457361,35.6461905],[139.7460392,35.6463566],[139.7466149,35.6466458]]}},{"type":"Feature","properties":{"id":265346004,"name":"第一京浜","highway":"trunk","role":null},"geometry":{"type":"LineString","coordinates":[[139.7441523,35.6450414],[139.743842,35.6447922]]}},{"type":"Feature","properties":{"id":267023460,"name":"旧東海道","highway":"unclassified","role":null},"geometry":{"type":"LineString","coordinates":[[136.1283809,34.9823349],[136.1283471,34.9823289],[136.1283015,34.9823221],[136.1282042,34.9822768],[136.1279982,34.9820656]]}},{"type":"Feature","properties":{"id":267023461,"name":"旧東海道","highway":"unclassified","role":null},"geometry":{"type":"LineString","coordinates":[[136.1285204,34.9823326],[136.1283809,34.9823349]]}},{"type":"Feature","properties":{"id":267023466,"name":"泉水口線","highway":"secondary","role":null},"geometry":{"type":"LineString","coordinates":[[136.127287,34.9829311],[136.127308,34.9829097],[136.1275275,34.982671],[136.1275866,34.9825959],[136.12779,34.9822868],[136.1279982,34.9820656]]}},{"type":"Feature","properties":{"id":267201402,"name":"旧東海道","highway":"path","role":null},"geometry":{"type":"LineString","coordinates":[[138.5412257,35.0715086],[138.5412506,35.0714868],[138.5412767,35.0714717],[138.5413155,35.0714499],[138.5413651,35.0714175]]}},{"type":"Feature","properties":{"id":267930769,"name":"国道1号","highway":"trunk","role":null},"geometry":{"type":"LineString","coordinates":[[139.4484819,35.3457478],[139.4483927,35.3456911],[139.4481929,35.345564],[139.4480427,35.345476],[139.4476873,35.3452298],[139.4472429,35.3449935],[139.4468434,35.3448063],[139.4467147,35.344752],[139.4465174,35.3446687]]}},{"type":"Feature","properties":{"id":267930771,"name":"国道1号","highway":"trunk","role":null},"geometry":{"type":"LineString","coordinates":[[139.4484819,35.3457478],[139.4485735,35.3458007]]}},{"type":"Feature","properties":{"id":267936696,"name":"藤沢厚木線","highway":"primary","role":null},"geometry":{"type":"LineString","coordinates":[[139.4645935,35.3469364],[139.4644413,35.3468161],[139.4643116,35.3467114],[139.4641808,35.3466358],[139.4640545,35.3465843],[139.4639163,35.3465424],[139.4637914,35.3465148],[139.4636166,35.3465064],[139.4634446,35.34651],[139.4633311,35.3465242],[139.4633135,35.3465279],[139.4631493,35.3465795],[139.4623953,35.3468525],[139.4622021,35.3469239],[139.4618438,35.347058],[139.4617673,35.3470848],[139.461491,35.347198],[139.4613292,35.3472422],[139.4611492,35.3472947],[139.4608443,35.3473656],[139.460411,35.3474247]]}},{"type":"Feature","properties":{"id":269143744,"name":"旧東海道","highway":"residential","role":null},"geometry":{"type":"LineString","coordinates":[[137.0177276,35.0299798],[137.017689,35.0300268],[137.0174544,35.0303118],[137.0171974,35.0306374],[137.0171807,35.0306565]]}},{"type":"Feature","properties":{"id":269150813,"name":"中央通り","highway":"trunk","role":null},"geometry":{"type":"LineString","coordinates":[[139.7698358,35.6762334],[139.7697779,35.6761334],[139.7697192,35.6760322],[139.7695147,35.6757254],[139.7693344,35.675455],[139.7693082,35.6754158],[139.7692567,35.6753381],[139.7689636,35.6749012],[139.7689324,35.6748547],[139.7688353,35.6747596]]}},{"type":"Feature","properties":{"id":269488574,"name":"旧東海道","highway":"service","role":null},"geometry":{"type":"LineString","coordinates":[[137.0305189,35.02169],[137.0305164,35.0218126],[137.0303418,35.0221786],[137.0303327,35.0222865],[137.0302088,35.0224655]]}},{"type":"Feature","properties":{"id":269488576,"name":"旧東海道","highway":"residential","role":null},"geometry":{"type":"LineString","coordinates":[[137.0287722,35.0238871],[137.0290118,35.0238106],[137.0291339,35.0237035],[137.0297107,35.0230952],[137.0302088,35.0224655]]}},{"type":"Feature","properties":{"id":270244268,"name":"旧東海道","highway":"unclassified","role":null},"geometry":{"type":"LineString","coordinates":[[139.3626357,35.3316204],[139.3627377,35.3316688],[139.362841,35.3317232],[139.3637386,35.3317656]]}},{"type":"Feature","properties":{"id":270279497,"name":"国道1号","highway":"trunk","role":null},"geometry":{"type":"LineString","coordinates":[[139.5398801,35.4106984],[139.5398521,35.410607],[139.5398318,35.4105406],[139.5396372,35.4099057],[139.5396062,35.4098044],[139.5395921,35.409763],[139.5394887,35.4094443],[139.539399,35.4091925],[139.5393802,35.4091323],[139.5393024,35.4089279],[139.539225,35.408777],[139.5391285,35.4086403],[139.5389886,35.4085137],[139.5386305,35.408271],[139.5384857,35.4081726],[139.5383811,35.4080765],[139.5382979,35.4079431],[139.538255,35.4078316],[139.5382212,35.4076848],[139.5382013,35.4075663],[139.5381181,35.4070704],[139.5381104,35.4070246],[139.5380469,35.406813],[139.5379423,35.4066329],[139.537831,35.4065116],[139.5375963,35.4062897],[139.5372777,35.4060088],[139.5372181,35.4059563],[139.5371644,35.4059082]]}},{"type":"Feature","properties":{"id":270279498,"name":"国道1号","highway":"trunk","role":null},"geometry":{"type":"LineString","coordinates":[[139.5399378,35.4108809],[139.5398801,35.4106984]]}},{"type":"Feature","properties":{"id":270593631,"name":"国道1号","highway":"trunk","role":null},"geometry":{"type":"LineString","coordinates":[[139.1704349,35.2559698],[139.1719004,35.2563716],[139.1719515,35.2563854],[139.1720083,35.2564007],[139.1723284,35.2565206],[139.1726201,35.2566405],[139.1731061,35.2568834],[139.1731163,35.2568885],[139.1731282,35.2568944],[139.173836,35.2572481],[139.1740662,35.2573631],[139.1743592,35.2575096],[139.1744178,35.2575388],[139.174471,35.2575654],[139.1747324,35.257699],[139.175154,35.2579751],[139.1754043,35.2581459],[139.17543,35.2581634],[139.1761618,35.2586509],[139.1765102,35.2588905],[139.1768374,35.2591134],[139.1769892,35.2592264]]}},{"type":"Feature","properties":{"id":270792951,"name":"旧東海道","highway":"unclassified","role":null},"geometry":{"type":"LineString","coordinates":[[137.0390957,35.0136404],[137.0391073,35.0136264],[137.0391654,35.0135284],[137.03924,35.0132974],[137.0393045,35.0130102],[137.0393197,35.0128896],[137.0393268,35.0128532],[137.039343,35.0127987],[137.0394578,35.0125813],[137.0395959,35.0123598],[137.0396242,35.0121492],[137.0396234,35.0119591],[137.0395973,35.011753],[137.0395957,35.0115383],[137.0396008,35.0113361],[137.0396204,35.0112453],[137.0396615,35.0111038],[137.0396943,35.0110243],[137.039739,35.0109322],[137.0397942,35.0108519]]}},{"type":"Feature","properties":{"id":270862484,"name":"高島大津線","highway":"secondary","role":null},"geometry":{"type":"LineString","coordinates":[[135.8614441,35.006064],[135.8614443,35.0061409],[135.8614605,35.0062148],[135.8614637,35.0062296],[135.8614928,35.0063507],[135.8615078,35.0064132],[135.8615178,35.0064549],[135.8616773,35.0069496],[135.8617018,35.0070252],[135.8617452,35.0071593],[135.861783,35.0072766],[135.8617857,35.0072847],[135.8619661,35.0078379],[135.8620066,35.007952]]}},{"type":"Feature","properties":{"id":270862498,"name":"高島大津線","highway":"secondary","role":null},"geometry":{"type":"LineString","coordinates":[[135.8614441,35.006064],[135.8613586,35.0057954],[135.8612321,35.0053866],[135.8611876,35.0052475],[135.8611037,35.0049897],[135.861082,35.0049232],[135.8610608,35.0048703],[135.8610394,35.0048253],[135.8609753,35.0047054],[135.8609506,35.0046645],[135.860845,35.0044745],[135.8607248,35.0042816],[135.8606375,35.0041039],[135.8604606,35.003792],[135.8603574,35.0036098],[135.8602662,35.0034541],[135.860247,35.0034222]]}},{"type":"Feature","properties":{"id":271979236,"name":"第一京浜","highway":"trunk","role":null},"geometry":{"type":"LineString","coordinates":[[139.7382102,35.6340006],[139.7381803,35.6338854],[139.7378641,35.6326585],[139.7377937,35.6323339],[139.7377821,35.6322632],[139.7377608,35.6321334],[139.7377477,35.6320536],[139.7377266,35.6319094],[139.7377196,35.6318619],[139.7376832,35.6315173],[139.7376051,35.6303633],[139.7375989,35.630272],[139.7375939,35.6301571],[139.7375924,35.630102],[139.7375901,35.6299954],[139.7375885,35.6298558],[139.7375879,35.6295574],[139.7375905,35.62924],[139.7375948,35.6290486]]}},{"type":"Feature","properties":{"id":272692170,"name":"環状1号;旧東海道","highway":"primary","role":null},"geometry":{"type":"LineString","coordinates":[[139.6148168,35.4684993],[139.6147481,35.4684531],[139.6145244,35.4682992],[139.61442,35.4682147],[139.6142573,35.4680698],[139.6141324,35.4679417],[139.6139877,35.4677742],[139.6137456,35.4674363],[139.6137151,35.4673927],[139.6135684,35.4671832],[139.6131648,35.4665569],[139.6131277,35.4664993],[139.6130913,35.4664432],[139.6129194,35.4661802],[139.6128491,35.4660987],[139.6126486,35.4659175],[139.6124466,35.4657323],[139.61223,35.4655365],[139.6121375,35.4654249]]}},{"type":"Feature","properties":{"id":273511058,"name":"旧東海道","highway":"unclassified","role":null},"geometry":{"type":"LineString","coordinates":[[138.6107497,35.1219745],[138.6108816,35.1220653],[138.6110446,35.1222103],[138.6110811,35.1222844],[138.6111785,35.1223633],[138.6114007,35.1225524],[138.6120847,35.1231932],[138.6124361,35.1235033],[138.6125888,35.1235941],[138.6127616,35.1236812],[138.6131129,35.1238395],[138.6131596,35.1238629],[138.6132011,35.1238811]]}},{"type":"Feature","properties":{"id":273511059,"name":"旧東海道","highway":"unclassified","role":null},"geometry":{"type":"LineString","coordinates":[[138.60156,35.1177032],[138.6015602,35.1184106],[138.60157,35.1186119],[138.6015673,35.1187715],[138.6015508,35.1191484],[138.6022063,35.1193407],[138.6030131,35.1196222],[138.6035057,35.1197759],[138.6036257,35.1198114],[138.6039054,35.1198651],[138.6042302,35.1199228],[138.6043921,35.1199463],[138.6048621,35.1200144],[138.6056937,35.1201252],[138.6058528,35.1201451],[138.6060034,35.1201564],[138.6060095,35.1201563]]}},{"type":"Feature","properties":{"id":273511061,"name":"旧東海道","highway":"unclassified","role":null},"geometry":{"type":"LineString","coordinates":[[138.6105129,35.1217861],[138.6107497,35.1219745]]}},{"type":"Feature","properties":{"id":273511080,"name":"旧東海道","highway":"unclassified","role":null},"geometry":{"type":"LineString","coordinates":[[138.6135265,35.124019],[138.6135397,35.1241391],[138.6135446,35.1242209],[138.6135388,35.124316],[138.6134839,35.1245352],[138.6134584,35.1246914],[138.6134019,35.1249957],[138.6134009,35.1251102],[138.6133937,35.1259462],[138.6133767,35.1261642],[138.6133719,35.1262259],[138.6133397,35.1265243],[138.6133254,35.1266567],[138.6133198,35.1269063],[138.613312,35.1272548],[138.6132641,35.127634],[138.6132098,35.1280075]]}},{"type":"Feature","properties":{"id":273673321,"name":"三条通","highway":"secondary","role":null},"geometry":{"type":"LineString","coordinates":[[135.7884016,35.0093233],[135.7880847,35.0093514],[135.787281,35.0094226],[135.7867678,35.009468],[135.7859255,35.0095365],[135.7857699,35.0095454],[135.7856088,35.0095473],[135.7854346,35.0095386],[135.7853026,35.0095272],[135.7849748,35.0094967],[135.7848794,35.0094872],[135.7847645,35.0094758],[135.7839065,35.0093963],[135.7834402,35.0093509],[135.7829301,35.0093058],[135.7828015,35.0092974]]}},{"type":"Feature","properties":{"id":276687909,"name":"沼津三島線","highway":"secondary","role":null},"geometry":{"type":"LineString","coordinates":[[138.9042614,35.1152443],[138.9030737,35.1145901],[138.9022328,35.1141022],[138.9021593,35.1140596],[138.9018084,35.113866],[138.9015271,35.113712],[138.9007937,35.1132966],[138.9006403,35.1131935],[138.9005079,35.1130698],[138.9003984,35.1129458],[138.8993632,35.1118456],[138.8989628,35.11142],[138.8988667,35.1113231],[138.8986054,35.1110595],[138.8983464,35.110796],[138.89825,35.1107057],[138.8980438,35.1104804],[138.8976512,35.110058],[138.8975182,35.1099429],[138.8967729,35.1091314],[138.8966945,35.1090459],[138.896173,35.1085159],[138.8957398,35.1080322],[138.8957035,35.1079885],[138.8954038,35.1076191],[138.8953656,35.1075819],[138.8952609,35.107541],[138.8941793,35.1072291],[138.893963,35.1071702],[138.893357,35.1070165],[138.8926744,35.1068435],[138.8926552,35.1068386],[138.8922978,35.1066984],[138.8921732,35.1066436],[138.8917419,35.1064537],[138.8915871,35.1063856],[138.8907876,35.106103],[138.8903272,35.1059362],[138.8901038,35.1058345],[138.8897585,35.1056751],[138.889705,35.1056465],[138.8894782,35.1055221],[138.8894247,35.1054951],[138.889336,35.1054501],[138.8891978,35.1053952],[138.8890983,35.1053765],[138.88904,35.1053655],[138.8888284,35.1053587]]}},{"type":"Feature","properties":{"id":277214730,"name":"湘南新道","highway":"primary","role":null},"geometry":{"type":"LineString","coordinates":[[139.4883322,35.346958],[139.4887048,35.3474093],[139.4888612,35.3476057],[139.4890384,35.3478102],[139.4891849,35.3479882],[139.4893643,35.3482564],[139.4901534,35.3493444],[139.4902972,35.3495687],[139.4903998,35.3497615],[139.4904896,35.3499797],[139.4906498,35.3504098],[139.4907185,35.3506541],[139.4907454,35.3508289],[139.4907605,35.3510207],[139.4907814,35.3514668],[139.4907915,35.3518107],[139.4908004,35.3521003],[139.4908017,35.3522198],[139.4908142,35.3523599],[139.4908418,35.3525075],[139.4908977,35.3526746],[139.4910251,35.3530218],[139.4912098,35.3534246],[139.4912158,35.3534417],[139.4913578,35.353785],[139.4914445,35.3539765],[139.4915378,35.3541637],[139.4915691,35.3542161],[139.4916166,35.3543062],[139.4917187,35.3544753],[139.491945,35.3548244],[139.4921953,35.3552189],[139.4923007,35.3554093],[139.4923926,35.3555992],[139.4927315,35.3565007],[139.4928416,35.3568045],[139.4929662,35.3571436],[139.4931744,35.3576963],[139.4933052,35.3580415],[139.49333,35.3581069],[139.4934304,35.3583405]]}},{"type":"Feature","properties":{"id":277230646,"name":"国道1号","highway":"trunk","role":null},"geometry":{"type":"LineString","coordinates":[[139.5258889,35.3927795],[139.5256622,35.3927061],[139.5252101,35.3925461],[139.5246911,35.3923319],[139.5243304,35.3921285],[139.5242149,35.39205],[139.5241029,35.3919508],[139.5240338,35.3918707],[139.5239358,35.3917328],[139.5237549,35.3914946],[139.5236087,35.3913295],[139.5234314,35.3911737],[139.5232879,35.3910687],[139.5231648,35.3909734],[139.5231242,35.3909419],[139.5229596,35.3907895],[139.522801,35.3906161],[139.5225344,35.3903226],[139.5224537,35.3902389]]}},{"type":"Feature","properties":{"id":277498351,"name":"旧東海道","highway":"tertiary","role":null},"geometry":{"type":"LineString","coordinates":[[139.3502055,35.3300113],[139.350104,35.3299966],[139.3500459,35.3299882],[139.3496789,35.3299426],[139.3496213,35.3299355],[139.3495245,35.329923],[139.3494509,35.3299122],[139.3493977,35.329904],[139.3486765,35.3297927],[139.3486082,35.3297824],[139.3485457,35.3297725],[139.3484828,35.3297634],[139.348428,35.3297554],[139.3476638,35.3296442],[139.347604,35.3296355],[139.3475178,35.3296206],[139.3474157,35.3296025],[139.3473628,35.3295904],[139.3458975,35.3292547],[139.3455185,35.3291587],[139.3454448,35.32914],[139.3453163,35.3291145]]}},{"type":"Feature","properties":{"id":279759461,"name":"国道1号","highway":"trunk","role":null},"geometry":{"type":"LineString","coordinates":[[139.533436,35.40183],[139.5330308,35.4016511],[139.532903,35.4015887],[139.5328076,35.4015336],[139.532734,35.4014782],[139.5326803,35.4014134],[139.532644,35.4013582],[139.5326293,35.4013358],[139.5325714,35.4012758],[139.5325208,35.4012484],[139.5324501,35.4012276],[139.53238,35.401221],[139.5323049,35.4012203],[139.532202,35.4012311],[139.532107,35.4012507]]}},{"type":"Feature","properties":{"id":280672998,"name":"旧東海道","highway":"unclassified","role":null},"geometry":{"type":"LineString","coordinates":[[139.5419589,35.4114228],[139.5419697,35.4114774],[139.5419817,35.4115376],[139.5419897,35.4116753],[139.5419818,35.4117598],[139.5419696,35.4118917],[139.5419441,35.4120589],[139.5419083,35.4122224],[139.5418917,35.4122764],[139.5418177,35.4125169]]}},{"type":"Feature","properties":{"id":280672999,"name":"旧東海道","highway":"unclassified","role":null},"geometry":{"type":"LineString","coordinates":[[139.5418177,35.4125169],[139.5417738,35.4126623],[139.5417711,35.4127869],[139.541801,35.4128891],[139.541865,35.4130318],[139.5419575,35.4132445],[139.5419696,35.4132722],[139.5420205,35.413493],[139.5420512,35.4136198],[139.54208,35.4137023],[139.5421144,35.4138012],[139.5422299,35.4139699],[139.5422636,35.4140191]]}},{"type":"Feature","properties":{"id":280695602,"name":"国道1号","highway":"trunk","role":null},"geometry":{"type":"LineString","coordinates":[[139.5489226,35.4184934],[139.5488562,35.4184265],[139.5487797,35.4183642],[139.5486557,35.4182847],[139.548256,35.4180185],[139.5478913,35.4177929]]}},{"type":"Feature","properties":{"id":280695603,"name":"国道1号","highway":"trunk","role":null},"geometry":{"type":"LineString","coordinates":[[139.5478913,35.4177929],[139.5477911,35.4177264],[139.5477057,35.4176713],[139.5476671,35.4176472],[139.5475882,35.4175981],[139.5475336,35.4175636],[139.5474574,35.4175158],[139.5474158,35.4174899],[139.5471291,35.4173119],[139.5468052,35.4171186],[139.5462421,35.4167367],[139.5462041,35.4167102],[139.5460952,35.4166342],[139.5460281,35.4165873],[139.5459376,35.4165201],[139.5458536,35.4164619],[139.545321,35.4160929],[139.5450917,35.4159477],[139.5449312,35.4158566],[139.5448428,35.4158064],[139.5442827,35.4155192],[139.5438785,35.4153186],[139.5434604,35.4151136],[139.5433958,35.4150852],[139.5433406,35.4150642],[139.5431405,35.4149882],[139.5430168,35.4149412]]}},{"type":"Feature","properties":{"id":281568380,"name":"旧東海道","highway":"unclassified","role":null},"geometry":{"type":"LineString","coordinates":[[138.6140794,35.1418288],[138.6141798,35.1418396],[138.614731,35.1421087],[138.6148408,35.1422087],[138.6149681,35.1425717],[138.6150048,35.1427052],[138.6150178,35.1427681],[138.6151177,35.1428602],[138.6156739,35.1433219],[138.6158873,35.1434615],[138.6161392,35.1436665],[138.6163112,35.1438065],[138.6163751,35.143832],[138.6164332,35.1438392],[138.6167627,35.1438343],[138.6172122,35.1438275]]}},{"type":"Feature","properties":{"id":281568393,"name":"旧東海道","highway":"unclassified","role":null},"geometry":{"type":"LineString","coordinates":[[138.6137654,35.1417954],[138.6140794,35.1418288]]}},{"type":"Feature","properties":{"id":281812278,"name":"湘南新道","highway":"primary","role":null},"geometry":{"type":"LineString","coordinates":[[139.4934304,35.3583405],[139.4934931,35.358468],[139.4936874,35.358888],[139.4939772,35.3594785],[139.4941047,35.3597604],[139.4945643,35.3607292],[139.4946687,35.3609577]]}},{"type":"Feature","properties":{"id":282471507,"name":"旧東海道","highway":"unclassified","role":null},"geometry":{"type":"LineString","coordinates":[[139.5666959,35.4363304],[139.5666619,35.4362431],[139.5666122,35.4361161],[139.5665013,35.4358718],[139.5663292,35.4355812],[139.5662589,35.4354864],[139.566228,35.4354448],[139.5660471,35.43522],[139.5658962,35.4350613],[139.5658052,35.4349656],[139.5656988,35.434827]]}},{"type":"Feature","properties":{"id":282471508,"name":"旧東海道","highway":"unclassified","role":null},"geometry":{"type":"LineString","coordinates":[[139.5629917,35.4288077],[139.5630651,35.4286476],[139.5630734,35.4286294],[139.5632294,35.4282891],[139.5632288,35.4282229],[139.563202,35.4281289],[139.5631484,35.4280349],[139.5631086,35.4279931],[139.5630652,35.4279475],[139.5629579,35.4278667],[139.562878,35.4278149],[139.5625967,35.4277484]]}},{"type":"Feature","properties":{"id":282471510,"name":"旧東海道 (Old Tokaido)","highway":"unclassified","role":null},"geometry":{"type":"LineString","coordinates":[[139.5605032,35.4266949],[139.5604403,35.4266137],[139.5604101,35.4265722]]}},{"type":"Feature","properties":{"id":282471512,"name":"旧東海道","highway":"unclassified","role":null},"geometry":{"type":"LineString","coordinates":[[139.5602059,35.4262169],[139.5601349,35.425897],[139.5600798,35.4256483],[139.5598437,35.4250482],[139.5597777,35.4248814],[139.5597472,35.424809],[139.5596936,35.4246997],[139.5596426,35.4246428],[139.55962,35.4246185],[139.5595756,35.4245707],[139.5594307,35.4244636],[139.559291,35.4243876],[139.5590311,35.4242866]]}},{"type":"Feature","properties":{"id":282471513,"name":"旧東海道","highway":"unclassified","role":null},"geometry":{"type":"LineString","coordinates":[[139.5564788,35.4208527],[139.556525,35.4208609],[139.55666,35.4209019],[139.556812,35.42098],[139.5570306,35.4211035],[139.5571045,35.4211563],[139.5571879,35.4212158]]}},{"type":"Feature","properties":{"id":283907475,"name":"川廓通り","highway":"unclassified","role":null},"geometry":{"type":"LineString","coordinates":[[138.8592266,35.0980099],[138.8588909,35.0980528],[138.858651,35.0981026],[138.85856,35.0981244]]}},{"type":"Feature","properties":{"id":285221034,"name":"国道1号","highway":"trunk","role":null},"geometry":{"type":"LineString","coordinates":[[139.5400033,35.411046],[139.5399753,35.4109753],[139.5399378,35.4108809]]}},{"type":"Feature","properties":{"id":286474467,"name":"東海道","highway":"trunk","role":null},"geometry":{"type":"LineString","coordinates":[[137.7276892,34.7080361],[137.7275661,34.7080319]]}},{"type":"Feature","properties":{"id":286898406,"name":"旧東海道","highway":"unclassified","role":null},"geometry":{"type":"LineString","coordinates":[[139.5430168,35.4149412],[139.5430234,35.4148847],[139.5429851,35.4147947],[139.5429191,35.4147036],[139.5427634,35.4145629],[139.5425333,35.414355],[139.5422636,35.4140191]]}},{"type":"Feature","properties":{"id":287296329,"name":"国道1号","highway":"trunk","role":null},"geometry":{"type":"LineString","coordinates":[[139.5001123,35.3688189],[139.4996557,35.3679778],[139.4994218,35.3675484],[139.4992838,35.3673051],[139.4991664,35.3671054],[139.4990777,35.3669545],[139.4988874,35.3666302],[139.4988354,35.3665416],[139.4987078,35.3663529],[139.4984981,35.3660182],[139.4979897,35.3652466],[139.4979736,35.3652204],[139.4978907,35.3650857],[139.4973703,35.364149]]}},{"type":"Feature","properties":{"id":287296330,"name":"国道1号","highway":"trunk","role":null},"geometry":{"type":"LineString","coordinates":[[139.5000443,35.3688516],[139.5005442,35.3699253],[139.5008814,35.3705572],[139.500913,35.3706127],[139.5012423,35.3711589],[139.5015818,35.3717126],[139.5020306,35.3723923],[139.502342,35.3728551],[139.5027447,35.373461],[139.5029801,35.3738226],[139.5030533,35.3739335],[139.5032451,35.374224],[139.5034295,35.374508]]}},{"type":"Feature","properties":{"id":288038134,"name":"旧東海道","highway":"tertiary","role":null},"geometry":{"type":"LineString","coordinates":[[139.5672603,35.4368138],[139.5674204,35.4368648],[139.5674293,35.4368676],[139.5676987,35.4369119],[139.5677295,35.436917],[139.5679118,35.4369489],[139.5680931,35.4370192],[139.5682352,35.4370552],[139.5683962,35.437076],[139.5685222,35.4370738],[139.5687033,35.4370268],[139.5688264,35.4370195],[139.5688866,35.4370252]]}},{"type":"Feature","properties":{"id":288289043,"name":"東海道","highway":"trunk","role":null},"geometry":{"type":"LineString","coordinates":[[137.729701,34.7081484],[137.7306796,34.708172],[137.7308764,34.7081767]]}},{"type":"Feature","properties":{"id":288289044,"name":"東海道","highway":"trunk","role":null},"geometry":{"type":"LineString","coordinates":[[137.7341238,34.708192],[137.7342838,34.70819]]}},{"type":"Feature","properties":{"id":288584437,"name":"国道1号","highway":"trunk","role":null},"geometry":{"type":"LineString","coordinates":[[136.9221025,35.1150094],[136.9218396,35.115062]]}},{"type":"Feature","properties":{"id":288809122,"name":"国道1号","highway":"trunk","role":null},"geometry":{"type":"LineString","coordinates":[[136.3233463,34.9103651],[136.3232594,34.9104755]]}},{"type":"Feature","properties":{"id":288809123,"name":"国道1号","highway":"trunk","role":null},"geometry":{"type":"LineString","coordinates":[[136.3232594,34.9104755],[136.3228748,34.9109854],[136.3226031,34.9113157],[136.3222227,34.9118079]]}},{"type":"Feature","properties":{"id":288809129,"name":"国道1号","highway":"trunk","role":null},"geometry":{"type":"LineString","coordinates":[[136.3304973,34.9065127],[136.3303629,34.9067369],[136.3302881,34.9068484],[136.3301847,34.9069776],[136.3300577,34.9071023],[136.3299088,34.9072364],[136.329779,34.9073384],[136.3296729,34.9074088],[136.32933,34.9076144],[136.3291378,34.9077158],[136.3289674,34.9077969],[136.3288144,34.9078602],[136.3285396,34.9079659],[136.3281961,34.9080791],[136.3277444,34.9082185],[136.3268083,34.9084927],[136.3261066,34.9087109],[136.3258623,34.9088011],[136.3256704,34.9088731],[136.3251965,34.9090916],[136.324875,34.909247],[136.3245281,34.9094111],[136.3243388,34.9095093],[136.3241867,34.9095873],[136.3240992,34.9096356],[136.324014,34.9096934],[136.3238955,34.9097883],[136.323772,34.9098925],[136.3236478,34.9100133],[136.3234681,34.9102135],[136.3233463,34.9103651]]}},{"type":"Feature","properties":{"id":288809132,"name":"国道1号","highway":"trunk","role":null},"geometry":{"type":"LineString","coordinates":[[136.3305532,34.9064179],[136.3304973,34.9065127]]}},{"type":"Feature","properties":{"id":288809142,"name":"国道1号","highway":"trunk","role":null},"geometry":{"type":"LineString","coordinates":[[136.331363,34.9050626],[136.3312533,34.9051802],[136.3312048,34.9052344],[136.3311429,34.9053246],[136.3310555,34.9054609],[136.3308916,34.9057445],[136.3307985,34.9059273],[136.3306288,34.9062685],[136.3305532,34.9064179]]}},{"type":"Feature","properties":{"id":292023454,"name":"旧東海道","highway":"tertiary","role":null},"geometry":{"type":"LineString","coordinates":[[139.5688866,35.4370252],[139.5692521,35.4370794]]}},{"type":"Feature","properties":{"id":296062479,"name":"三条通","highway":"primary","role":null},"geometry":{"type":"LineString","coordinates":[[135.7723653,35.0091057],[135.7724839,35.0091117],[135.7725695,35.0091177],[135.7728934,35.0091426]]}},{"type":"Feature","properties":{"id":297137936,"name":"旧東海道","highway":"footway","role":null},"geometry":{"type":"LineString","coordinates":[[139.6031477,35.4539274],[139.603107,35.4538508],[139.6029705,35.4535942],[139.6029294,35.4534757],[139.6029271,35.453465],[139.6029079,35.4533752],[139.6029328,35.4533284],[139.6029479,35.4533149]]}},{"type":"Feature","properties":{"id":297831488,"name":"国道1号","highway":"trunk","role":null},"geometry":{"type":"LineString","coordinates":[[139.5905557,35.4450816],[139.5902621,35.4451536],[139.5902128,35.4451661],[139.5901453,35.4451807],[139.5899182,35.4452281]]}},{"type":"Feature","properties":{"id":297831489,"name":"国道1号","highway":"trunk","role":null},"geometry":{"type":"LineString","coordinates":[[139.5906135,35.4450667],[139.5905557,35.4450816]]}},{"type":"Feature","properties":{"id":300896117,"name":"環状1号/ 旧東海道","highway":"tertiary","role":null},"geometry":{"type":"LineString","coordinates":[[139.6014548,35.4513926],[139.6014027,35.4513277],[139.6011382,35.4509981],[139.6007721,35.4505421],[139.6007505,35.4505152],[139.6003949,35.4500972],[139.6003734,35.4500703],[139.6002324,35.4498841],[139.5997831,35.449335],[139.5995007,35.448998],[139.599458,35.4489445]]}},{"type":"Feature","properties":{"id":300897356,"name":"環状1号/ 旧東海道","highway":"tertiary","role":null},"geometry":{"type":"LineString","coordinates":[[139.599458,35.4489445],[139.5994133,35.4488894],[139.5990707,35.4484666],[139.5989273,35.4482933],[139.5987785,35.448125],[139.5987142,35.4480404],[139.5986598,35.4479673],[139.5986226,35.4478996],[139.5986078,35.4478441],[139.598602,35.4478284],[139.5985955,35.4477607],[139.5986008,35.4476979]]}},{"type":"Feature","properties":{"id":303159479,"name":"旧東海道","highway":"residential","role":null},"geometry":{"type":"LineString","coordinates":[[139.3716646,35.3322479],[139.371876,35.3323115],[139.3720431,35.3323459],[139.3721774,35.3323585],[139.3723149,35.3323545],[139.3723291,35.3323126]]}},{"type":"Feature","properties":{"id":303443449,"name":"国道1号","highway":"trunk","role":null},"geometry":{"type":"LineString","coordinates":[[139.0257298,35.1897586],[139.0256729,35.1897012],[139.0256549,35.189683],[139.0256015,35.1896291],[139.0255752,35.1896026],[139.0255391,35.1895661]]}},{"type":"Feature","properties":{"id":304242163,"name":"旧東海道","highway":"unclassified","role":null},"geometry":{"type":"LineString","coordinates":[[136.4229516,34.8574791],[136.4228805,34.8574821],[136.4227514,34.857466]]}},{"type":"Feature","properties":{"id":304612794,"name":"環状1号;旧東海道","highway":"primary","role":null},"geometry":{"type":"LineString","coordinates":[[139.6147509,35.4685694],[139.6148067,35.4686045],[139.6149354,35.4686787],[139.6151603,35.4687892],[139.6153827,35.4688707],[139.615532,35.468901],[139.6156439,35.4689139]]}},{"type":"Feature","properties":{"id":306228683,"name":"旧東海道","highway":"unclassified","role":null},"geometry":{"type":"LineString","coordinates":[[139.552348,35.4201866],[139.5524168,35.4202112],[139.5525795,35.4202992],[139.5526975,35.4203921],[139.5529962,35.4206026],[139.5531061,35.4206801],[139.5531411,35.4207162]]}},{"type":"Feature","properties":{"id":306326877,"name":"第一京浜","highway":"trunk","role":null},"geometry":{"type":"LineString","coordinates":[[139.6321894,35.4723024],[139.6321931,35.4723061],[139.6325185,35.4726419],[139.6330112,35.4732017],[139.6330764,35.4732709],[139.6335249,35.4737812],[139.6340226,35.4743493],[139.6345396,35.4749226],[139.635095,35.4755119],[139.6354675,35.4759231]]}},{"type":"Feature","properties":{"id":307397552,"name":"第一京浜","highway":"trunk","role":null},"geometry":{"type":"LineString","coordinates":[[139.6486447,35.484787],[139.6481125,35.4847091],[139.6476674,35.4846501],[139.6470828,35.4845564],[139.6469178,35.4845246],[139.6467621,35.4844847],[139.6465793,35.4844249],[139.6463953,35.4843651],[139.6462777,35.4843267],[139.6461921,35.4842952],[139.6460678,35.4842486],[139.6459456,35.4842007],[139.6458517,35.4841605],[139.6457524,35.484111],[139.6456557,35.4840604],[139.6455679,35.4840145]]}},{"type":"Feature","properties":{"id":307397587,"name":"鶴見東口駅前通り","highway":"tertiary","role":null},"geometry":{"type":"LineString","coordinates":[[139.6803136,35.5133639],[139.6807695,35.5139946],[139.6808016,35.5140378]]}},{"type":"Feature","properties":{"id":307518968,"name":"旧東海道","highway":"residential","role":null},"geometry":{"type":"LineString","coordinates":[[138.4439525,35.0008263],[138.4433355,35.0003446],[138.4429875,35.0000792],[138.4429562,35.0000561]]}},{"type":"Feature","properties":{"id":307653903,"name":"東海道","highway":"trunk","role":null},"geometry":{"type":"LineString","coordinates":[[139.3285178,35.32299],[139.3294028,35.3236351],[139.329453,35.3236711]]}},{"type":"Feature","properties":{"id":307653904,"name":"国道1号","highway":"trunk","role":null},"geometry":{"type":"LineString","coordinates":[[139.3295254,35.3235472],[139.3294822,35.323516],[139.3285887,35.3228695]]}},{"type":"Feature","properties":{"id":307653905,"name":"国道1号","highway":"trunk","role":null},"geometry":{"type":"LineString","coordinates":[[139.331117,35.3247501],[139.33144,35.3250325],[139.3316561,35.325242],[139.331837,35.3255357],[139.3318784,35.3256056]]}},{"type":"Feature","properties":{"id":307653908,"name":"国道1号","highway":"trunk","role":null},"geometry":{"type":"LineString","coordinates":[[139.3285504,35.3228422],[139.3284689,35.3227825],[139.3283223,35.3226768],[139.3276335,35.3222573]]}},{"type":"Feature","properties":{"id":308670705,"name":"三島富士線","highway":"primary","role":null},"geometry":{"type":"LineString","coordinates":[[138.9148055,35.1194387],[138.9144697,35.1193737],[138.9139826,35.119272],[138.9139523,35.119268],[138.9132767,35.1191373],[138.9126986,35.1190122],[138.9120609,35.1188913],[138.9117304,35.1188274],[138.9116614,35.1188141]]}},{"type":"Feature","properties":{"id":308670737,"name":"旧東海道","highway":"unclassified","role":null},"geometry":{"type":"LineString","coordinates":[[138.9438266,35.1314283],[138.9438238,35.1314907],[138.9438264,35.1315359],[138.9438348,35.1315892],[138.9438517,35.1316525],[138.9438704,35.1317224],[138.9438966,35.1317758],[138.9439296,35.131826],[138.9439899,35.1319035],[138.9441276,35.1320247],[138.9442134,35.1321003],[138.9443966,35.1322393],[138.9445304,35.1323273],[138.9446725,35.1323995],[138.9448538,35.1324687],[138.9449593,35.1325117]]}},{"type":"Feature","properties":{"id":308807322,"name":"国道1号","highway":"trunk","role":null},"geometry":{"type":"LineString","coordinates":[[139.2587066,35.2980759],[139.2586758,35.2980657],[139.2585957,35.2980391],[139.2575661,35.297692],[139.2573085,35.2976095],[139.2567789,35.2974519],[139.2562863,35.2973194],[139.2559822,35.2972476],[139.2556935,35.2971757],[139.2552425,35.2970495],[139.2550448,35.2969816],[139.2544824,35.2967625],[139.2538798,35.2965419],[139.2532888,35.29636],[139.2527366,35.2962049],[139.2522519,35.2960808],[139.2519832,35.2959925],[139.2517373,35.2959029],[139.251285,35.2957278],[139.2510779,35.2956471],[139.2504495,35.2954035],[139.2502364,35.295328]]}},{"type":"Feature","properties":{"id":308807323,"name":"国道1号","highway":"trunk","role":null},"geometry":{"type":"LineString","coordinates":[[139.3164865,35.3111157],[139.3164265,35.3110391],[139.3163569,35.310947],[139.3162111,35.3107109],[139.3161505,35.3105988],[139.3160309,35.3103828],[139.3158915,35.3101287],[139.315829,35.3100226],[139.3155643,35.3095611],[139.3153749,35.3091995],[139.3153522,35.3091572],[139.3151714,35.3088321],[139.3149903,35.3085392],[139.314827,35.3083056],[139.314781,35.3082487],[139.3145729,35.3079547],[139.3144766,35.3078519],[139.3143759,35.3077516],[139.3143324,35.3077207],[139.3142843,35.3076865],[139.3142564,35.3076667]]}},{"type":"Feature","properties":{"id":308807324,"name":"国道1号","highway":"trunk","role":null},"geometry":{"type":"LineString","coordinates":[[139.2126442,35.2801499],[139.2130012,35.2802011],[139.2134597,35.2802756]]}},{"type":"Feature","properties":{"id":308807325,"name":"国道1号","highway":"trunk","role":null},"geometry":{"type":"LineString","coordinates":[[139.2126442,35.2801499],[139.2109309,35.2798817],[139.2107633,35.2798502],[139.2103724,35.2797925],[139.2097542,35.2796932],[139.2094309,35.2796408],[139.2088915,35.2795599],[139.2086131,35.2795122],[139.2082031,35.2794616],[139.2078763,35.2794085],[139.2076334,35.279349]]}},{"type":"Feature","properties":{"id":308807326,"name":"国道1号","highway":"trunk","role":null},"geometry":{"type":"LineString","coordinates":[[139.3118542,35.3076139],[139.3117647,35.3076323],[139.3116421,35.3076567],[139.3113753,35.3076937],[139.3112526,35.3077114],[139.3110919,35.3077321],[139.3109351,35.3077545],[139.3099433,35.3078543],[139.3096636,35.3078842],[139.3092871,35.3079214],[139.3091808,35.3079323],[139.3090253,35.3079449],[139.3088261,35.3079579],[139.3086665,35.3079675],[139.3081951,35.3079756]]}},{"type":"Feature","properties":{"id":308807331,"name":"国道1号","highway":"trunk","role":null},"geometry":{"type":"LineString","coordinates":[[139.3609463,35.3317456],[139.36113,35.3316963],[139.3614619,35.331622],[139.3617243,35.3316048],[139.3619522,35.3316195],[139.3619932,35.3316221],[139.3622935,35.3316433],[139.3625176,35.3316592],[139.3626357,35.3316204]]}},{"type":"Feature","properties":{"id":308807332,"name":"国道1号","highway":"trunk","role":null},"geometry":{"type":"LineString","coordinates":[[139.3319963,35.3255588],[139.3317356,35.3251724],[139.3315474,35.3249705],[139.3311623,35.3246551]]}},{"type":"Feature","properties":{"id":308807346,"name":"旧東海道","highway":"tertiary","role":null},"geometry":{"type":"LineString","coordinates":[[139.3608178,35.3316755],[139.3607741,35.3315775],[139.3607593,35.3315463],[139.3607217,35.3315046],[139.3606625,35.3314766],[139.3604336,35.3314576],[139.3602904,35.3314456],[139.3600568,35.3314318]]}},{"type":"Feature","properties":{"id":308807357,"name":"旧東海道","highway":"tertiary","role":null},"geometry":{"type":"LineString","coordinates":[[139.3502055,35.3300113],[139.3503444,35.3300322]]}},{"type":"Feature","properties":{"id":310050124,"name":"第一京浜","highway":"trunk","role":null},"geometry":{"type":"LineString","coordinates":[[139.7376166,35.6283174],[139.7376247,35.6281062],[139.7376421,35.6278544],[139.7376814,35.6275113],[139.7377145,35.6272701],[139.7378041,35.6267903],[139.7378351,35.6266376],[139.7378741,35.6264242],[139.7379156,35.6262632],[139.7379626,35.626107],[139.738033,35.6258938],[139.7381316,35.6256078]]}},{"type":"Feature","properties":{"id":315233374,"name":"第一京浜","highway":"trunk","role":null},"geometry":{"type":"LineString","coordinates":[[139.7540309,35.6527481],[139.7540491,35.6528655],[139.7540624,35.6529515],[139.7540718,35.6530457]]}},{"type":"Feature","properties":{"id":315233375,"name":"第一京浜","highway":"trunk","role":null},"geometry":{"type":"LineString","coordinates":[[139.7542098,35.6527311],[139.7541881,35.6525882],[139.7541546,35.6523986],[139.7540766,35.6518143],[139.7539529,35.6510892],[139.7536817,35.6503962],[139.753661,35.6503462],[139.7536456,35.6503031],[139.7535883,35.6501636],[139.7534927,35.6498995],[139.753344,35.6495061],[139.7532786,35.6493331],[139.75326,35.6492838],[139.7532039,35.649136],[139.7531423,35.6490458],[139.7530681,35.6489806],[139.752988,35.6489295],[139.7528824,35.6488803],[139.7526936,35.6488254],[139.7518019,35.6485651],[139.7512809,35.6484247],[139.7509415,35.6483333],[139.750624,35.6482477],[139.7505638,35.6482315],[139.7504127,35.6481908]]}},{"type":"Feature","properties":{"id":323953017,"name":"東海道","highway":"trunk","role":null},"geometry":{"type":"LineString","coordinates":[[137.72105,34.6959809],[137.7210893,34.696044],[137.7211307,34.6960804],[137.7211761,34.6961133],[137.7212251,34.6961427],[137.7212772,34.696168],[137.7213321,34.6961892],[137.721389,34.6962062],[137.7219903,34.6963805]]}},{"type":"Feature","properties":{"id":324118746,"name":"三島富士線","highway":"primary","role":null},"geometry":{"type":"LineString","coordinates":[[138.679,35.1617595],[138.6790719,35.1618096]]}},{"type":"Feature","properties":{"id":327550665,"name":"旧東海道","highway":"unclassified","role":null},"geometry":{"type":"LineString","coordinates":[[139.0156818,35.1837879],[139.015663,35.1837589],[139.0156303,35.183721],[139.0155524,35.1836799],[139.0155156,35.1836655],[139.0153658,35.1835966],[139.0152745,35.1835258],[139.015237,35.183411],[139.0152347,35.1832159],[139.0152042,35.1830724],[139.0151363,35.1829327],[139.015031,35.1828389],[139.0148014,35.182716]]}},{"type":"Feature","properties":{"id":327550667,"name":"旧東海道","highway":"path","role":null},"geometry":{"type":"LineString","coordinates":[[139.0331712,35.2029173],[139.0331668,35.2029811],[139.0331779,35.2030351],[139.033216,35.203092],[139.0332574,35.2031609],[139.0332971,35.2032069],[139.0333617,35.2032719],[139.0334229,35.20333],[139.0335024,35.203376]]}},{"type":"Feature","properties":{"id":327550669,"name":"旧東海道","highway":"path","role":null},"geometry":{"type":"LineString","coordinates":[[139.0338609,35.2035232],[139.033999,35.2037142],[139.0340513,35.2037468],[139.0341198,35.2037656],[139.0341979,35.20376],[139.0343881,35.2037072],[139.0344857,35.2036898],[139.0345608,35.2036916],[139.0347226,35.2037256],[139.0348764,35.203748]]}},{"type":"Feature","properties":{"id":327550677,"name":"旧東海道","highway":"path","role":null},"geometry":{"type":"LineString","coordinates":[[139.000066,35.1618192],[138.9995923,35.161583],[138.9993873,35.1614787],[138.999101,35.161194],[138.9989115,35.1610359],[138.9986058,35.1607196],[138.9983428,35.1602547],[138.9981378,35.1600112],[138.9979289,35.159793],[138.9975288,35.1593221],[138.9974294,35.1591226],[138.9973895,35.1589483],[138.9973533,35.1586794],[138.9972903,35.1584917],[138.9971782,35.1583952],[138.996997,35.1581956],[138.9969038,35.1580579],[138.9968831,35.1579435],[138.9969051,35.1578478]]}},{"type":"Feature","properties":{"id":327550688,"name":"旧東海道","highway":"path","role":null},"geometry":{"type":"LineString","coordinates":[[139.0336017,35.203418],[139.0336994,35.203376]]}},{"type":"Feature","properties":{"id":327550707,"name":"旧東海道","highway":"path","role":null},"geometry":{"type":"LineString","coordinates":[[139.0357677,35.2040386],[139.03582,35.2040483],[139.0362109,35.2041319],[139.0364064,35.2041648],[139.0367325,35.2041938],[139.0369974,35.2041916],[139.0371521,35.2042054],[139.0376042,35.2042705],[139.0376591,35.2042707],[139.0377137,35.2042412],[139.0378135,35.204138],[139.037958,35.2040101],[139.0380062,35.2039922],[139.0381159,35.2039895],[139.0381685,35.2039722],[139.0383103,35.2039083],[139.0383601,35.203903],[139.0385698,35.2039525],[139.0388293,35.2040117],[139.0390354,35.2040534],[139.039197,35.2040617],[139.0392829,35.2040395],[139.0394069,35.2039509],[139.0395885,35.2038504],[139.0397148,35.2038011],[139.0397922,35.2037681],[139.039926,35.2037668],[139.0400853,35.2038233],[139.0403096,35.2039217],[139.0404223,35.2039404],[139.0404641,35.2039238],[139.0405476,35.2038189],[139.0406198,35.2037813],[139.0407208,35.2037756],[139.04098,35.2038046],[139.0411277,35.2038241],[139.041249,35.2038398],[139.041407,35.2038024],[139.041579,35.2038069],[139.0418038,35.2038409],[139.0418873,35.2038588],[139.0419444,35.2038944],[139.0419753,35.2039752],[139.0419805,35.2040357],[139.0419931,35.2041094],[139.0420527,35.2041214],[139.0420735,35.2040949],[139.0421343,35.2040538],[139.042287,35.203996],[139.042374,35.2039371],[139.042587,35.2037674],[139.0427288,35.2036838],[139.042789,35.2036607],[139.0428605,35.2036638],[139.043021,35.2037176],[139.043133,35.2037178],[139.0435649,35.2037435],[139.0437967,35.2037556],[139.0439627,35.2036596],[139.0441957,35.2034285]]}},{"type":"Feature","properties":{"id":327708979,"name":"旧東海道","highway":"residential","role":null},"geometry":{"type":"LineString","coordinates":[[139.026621,35.1920362],[139.026709,35.1919786],[139.0272909,35.1915981],[139.0274203,35.1915135]]}},{"type":"Feature","properties":{"id":329628584,"name":"旧東海道","highway":"unclassified","role":null},"geometry":{"type":"LineString","coordinates":[[135.9293956,34.9848277],[135.9294928,34.9849343],[135.9295989,34.9849886],[135.9296736,34.9850205],[135.9297093,34.9850357],[135.9299214,34.9850863],[135.930112,34.985143]]}},{"type":"Feature","properties":{"id":330895447,"name":"大野名坂線","highway":"secondary","role":null},"geometry":{"type":"LineString","coordinates":[[136.2146901,34.9556045],[136.2145342,34.9556576],[136.2142902,34.9557434],[136.2139943,34.9558477],[136.2133308,34.9560819]]}},{"type":"Feature","properties":{"id":331026107,"name":"旧東海道","highway":"tertiary","role":null},"geometry":{"type":"LineString","coordinates":[[138.1572672,34.8323567],[138.1574097,34.8324263],[138.1576676,34.8325201],[138.1580933,34.8326849],[138.1586626,34.8329052],[138.1589065,34.8329749],[138.1593636,34.8330589],[138.1599976,34.8331453],[138.1605683,34.8332689],[138.1607168,34.8332908],[138.1613211,34.8333293],[138.1613923,34.8333626],[138.1614423,34.8333978],[138.1615126,34.8334474]]}},{"type":"Feature","properties":{"id":331825012,"name":"市道01059号線","highway":"tertiary","role":null},"geometry":{"type":"LineString","coordinates":[[138.7856255,35.1288667],[138.7858201,35.1288138]]}},{"type":"Feature","properties":{"id":332834327,"name":"国道1号","highway":"trunk","role":null},"geometry":{"type":"LineString","coordinates":[[139.1122029,35.2341247],[139.1119717,35.2340473]]}},{"type":"Feature","properties":{"id":334493733,"name":"国道1号","highway":"trunk","role":null},"geometry":{"type":"LineString","coordinates":[[137.1871532,34.9470433],[137.18703,34.9471089],[137.1867102,34.9472697]]}},{"type":"Feature","properties":{"id":334819100,"name":"国道1号","highway":"trunk","role":null},"geometry":{"type":"LineString","coordinates":[[139.5364886,35.4051818],[139.5365239,35.4051247],[139.5365547,35.4050573],[139.5365771,35.4049935],[139.5365896,35.4049062],[139.5365914,35.4047334],[139.5366068,35.4046533],[139.5366349,35.4045805],[139.536707,35.4044008],[139.536818,35.4042075],[139.5369047,35.4040598],[139.5369363,35.403982],[139.5369621,35.4038606],[139.5369558,35.4037295],[139.5369408,35.4036095],[139.5369239,35.4035227],[139.5368953,35.40347],[139.5368243,35.403353],[139.5367332,35.4032569],[139.5365703,35.4031459],[139.5362664,35.402954],[139.5358247,35.4026882],[139.5356694,35.402597],[139.5355445,35.4025387],[139.5355277,35.4025309],[139.5353644,35.4024835]]}},{"type":"Feature","properties":{"id":338087385,"name":"旧東海道","highway":"tertiary","role":null},"geometry":{"type":"LineString","coordinates":[[138.1559034,34.8314351],[138.1560603,34.8315687],[138.1562386,34.8317133],[138.156398,34.8318366],[138.1565793,34.8319642],[138.1569116,34.8321763],[138.1572672,34.8323567]]}},{"type":"Feature","properties":{"id":345660950,"name":"上青島焼津線","highway":"secondary","role":null},"geometry":{"type":"LineString","coordinates":[[138.2249113,34.8429544],[138.2253892,34.8430038],[138.225473,34.8430197],[138.2257803,34.8431263],[138.2265361,34.8434595],[138.2266343,34.8435028],[138.2269315,34.8436058],[138.2273369,34.8437301],[138.2277682,34.8438509],[138.2282385,34.8439657],[138.2291127,34.8441717],[138.2295887,34.8442617],[138.2299624,34.8443126],[138.2305301,34.8443245],[138.2306952,34.844328],[138.2308694,34.8443267],[138.2318446,34.8443192],[138.2324808,34.8443677],[138.233329,34.8444672],[138.2333513,34.8444723],[138.233385,34.84448],[138.2335511,34.8445181],[138.2341109,34.8447194],[138.2343431,34.8447968],[138.2345206,34.8448395],[138.2346022,34.8448546],[138.2348378,34.8448839],[138.2349233,34.8448964],[138.2349837,34.844914],[138.2350184,34.844934],[138.2350488,34.8449515],[138.2351102,34.8449994],[138.2354611,34.8453912],[138.2356743,34.8456164],[138.2357846,34.8457152],[138.2358735,34.8457854],[138.2358978,34.8458046],[138.2361597,34.8459562],[138.2362693,34.8459928],[138.2363191,34.846002],[138.2365805,34.8460504],[138.2367958,34.8460851],[138.2371521,34.8461733],[138.2378509,34.8463969],[138.2380224,34.8464756],[138.2382371,34.846579],[138.2387197,34.8468331],[138.2389429,34.8469507],[138.2391546,34.8470669],[138.2394608,34.8472349],[138.2397017,34.8473627],[138.2400978,34.8475394],[138.2401758,34.8475742],[138.2403563,34.8476671],[138.2408153,34.8480011],[138.2409398,34.848125],[138.2410316,34.8482565],[138.2411117,34.8484293],[138.2411841,34.8485785],[138.2412621,34.8487537],[138.2413254,34.8488374],[138.2413701,34.8488729]]}},{"type":"Feature","properties":{"id":345660951,"name":"上青島焼津線","highway":"secondary","role":null},"geometry":{"type":"LineString","coordinates":[[138.2246346,34.8429344],[138.2249113,34.8429544]]}},{"type":"Feature","properties":{"id":347977642,"name":"旧東海道","highway":"unclassified","role":null},"geometry":{"type":"LineString","coordinates":[[136.2276571,34.9520813],[136.2274671,34.9521573]]}},{"type":"Feature","properties":{"id":347977643,"name":"旧東海道","highway":"residential","role":null},"geometry":{"type":"LineString","coordinates":[[136.2641703,34.9376638],[136.2642299,34.9376841],[136.2642823,34.9376935],[136.2644094,34.9376866],[136.2644699,34.9376918],[136.2645842,34.9377169],[136.2646913,34.9377397],[136.2647758,34.9377745],[136.2650257,34.9378894],[136.265311,34.9380212],[136.2653902,34.9380627],[136.2654537,34.9380937]]}},{"type":"Feature","properties":{"id":348332545,"name":"三島富士線","highway":"primary","role":null},"geometry":{"type":"LineString","coordinates":[[138.9258152,35.1215387],[138.9257709,35.121524],[138.9250872,35.1212873],[138.9245521,35.1210977],[138.9242052,35.1209747],[138.9237059,35.1208261],[138.9234034,35.1207552],[138.9229868,35.1206838],[138.922774,35.1206497],[138.9227039,35.1206407],[138.9225298,35.1206175],[138.9224362,35.120605],[138.922387,35.1205978],[138.9221039,35.1205572],[138.9218398,35.1205185],[138.9216087,35.1204896],[138.9213494,35.1204517],[138.9207613,35.1203623],[138.920336,35.1202985],[138.9201989,35.1202798],[138.9200969,35.1202659],[138.9199979,35.1202477],[138.9198785,35.120231],[138.919624,35.1201953],[138.9192765,35.1201467],[138.9185538,35.1200463],[138.9179009,35.1199403],[138.9172555,35.1198362],[138.9165918,35.1197227],[138.9164715,35.1197022],[138.916006,35.1196231],[138.9159752,35.1196168],[138.9159187,35.1196083],[138.9152572,35.1195083],[138.915085,35.1194823],[138.9148055,35.1194387]]}},{"type":"Feature","properties":{"id":348332546,"name":"三島富士線","highway":"primary","role":null},"geometry":{"type":"LineString","coordinates":[[138.9262464,35.121679],[138.9258152,35.1215387]]}},{"type":"Feature","properties":{"id":349795939,"name":"旧東海道","highway":"unclassified","role":null},"geometry":{"type":"LineString","coordinates":[[136.2641703,34.9376638],[136.263974,34.9377029],[136.2639422,34.9377041],[136.2636605,34.9377147],[136.263391,34.937724],[136.2630426,34.9377187]]}},{"type":"Feature","properties":{"id":349795940,"name":"旧東海道","highway":"track","role":null},"geometry":{"type":"LineString","coordinates":[[136.2714987,34.9414682],[136.2713522,34.9414721],[136.2711073,34.9414741],[136.2707857,34.9414997]]}},{"type":"Feature","properties":{"id":349795946,"name":"旧東海道","highway":"track","role":null},"geometry":{"type":"LineString","coordinates":[[136.2714987,34.9414682],[136.2717915,34.9414249],[136.2719514,34.9413914],[136.2720076,34.9413796],[136.2721876,34.9413481],[136.2723629,34.9413442],[136.2725189,34.9413678],[136.272711,34.9413895],[136.2728646,34.9413678],[136.2729969,34.941332],[136.2732178,34.9412867],[136.273381,34.941269]]}},{"type":"Feature","properties":{"id":349795949,"name":"国道1号","highway":"trunk","role":null},"geometry":{"type":"LineString","coordinates":[[136.2773815,34.938236],[136.2768555,34.9383587],[136.2762484,34.9385119]]}},{"type":"Feature","properties":{"id":349795953,"name":"旧東海道","highway":"footway","role":null},"geometry":{"type":"LineString","coordinates":[[136.2985967,34.9286789],[136.2989303,34.9282874]]}},{"type":"Feature","properties":{"id":349795959,"name":"旧東海道","highway":"service","role":null},"geometry":{"type":"LineString","coordinates":[[136.2989303,34.9282874],[136.2989412,34.9282793],[136.2991188,34.928173],[136.2993092,34.9281164],[136.2995371,34.9280588]]}},{"type":"Feature","properties":{"id":350033363,"name":"国道1号","highway":"trunk","role":null},"geometry":{"type":"LineString","coordinates":[[136.3062844,34.9229726],[136.3064731,34.9229227],[136.3067702,34.9228132],[136.3070568,34.9226647],[136.3073171,34.9224917],[136.3075527,34.9223057],[136.3077373,34.9221111],[136.3079008,34.9218876],[136.3082418,34.9212468],[136.308358,34.921053],[136.3084985,34.9208808],[136.3086363,34.9207445],[136.3087445,34.9206438],[136.3088526,34.9205643],[136.3090267,34.9204497],[136.3091497,34.9203841],[136.3092547,34.920333],[136.3094398,34.9202615],[136.309619,34.920206],[136.3097985,34.9201649],[136.3114601,34.919829],[136.3130585,34.9194987],[136.3133594,34.9194233],[136.3136827,34.9193152],[136.3140059,34.919148],[136.3142919,34.9189727],[136.3147917,34.9185302],[136.3161444,34.917001],[136.3164512,34.9166851],[136.3167888,34.916391],[136.3171531,34.9161654]]}},{"type":"Feature","properties":{"id":350033382,"name":"国道1号","highway":"trunk","role":null},"geometry":{"type":"LineString","coordinates":[[136.3170951,34.9160869],[136.316884,34.9162123],[136.3167143,34.9163253],[136.3165029,34.9164886],[136.3163199,34.916672],[136.3162329,34.9167704],[136.3158923,34.9171556],[136.3148321,34.9183544],[136.3145527,34.9186322],[136.3140213,34.9190312],[136.3136779,34.919215],[136.313336,34.9193418],[136.3114147,34.9197505],[136.3095584,34.9201328],[136.309397,34.9201865],[136.3092141,34.9202527],[136.3090239,34.9203482],[136.3088814,34.9204334],[136.3087009,34.9205581],[136.3085934,34.9206527],[136.3084954,34.92074],[136.3083853,34.9208637],[136.308328,34.9209287],[136.3082611,34.9210279],[136.3081724,34.9211691],[136.3080602,34.9213708],[136.3078259,34.9218047],[136.3076003,34.9221189],[136.307325,34.9223808],[136.3069373,34.9226285],[136.3065696,34.9227958],[136.3062656,34.9228858]]}},{"type":"Feature","properties":{"id":350033390,"name":"国道1号","highway":"trunk","role":null},"geometry":{"type":"LineString","coordinates":[[136.323475,34.9103599],[136.3235506,34.910261],[136.3236722,34.9101236],[136.3237915,34.9100046],[136.3239692,34.9098463],[136.3240689,34.9097758],[136.3242364,34.9096709],[136.3244183,34.9095713],[136.3249275,34.9093172],[136.325244,34.9091672],[136.3256935,34.9089624],[136.3258971,34.9088792],[136.3261407,34.9087976],[136.3264693,34.9086894],[136.3268505,34.9085736],[136.3277818,34.9082932],[136.3282431,34.9081513],[136.3285447,34.9080562],[136.3288774,34.9079338],[136.3291928,34.9077917],[136.3295033,34.9076204],[136.3298175,34.9074311],[136.3299856,34.9073043],[136.3300264,34.9072681],[136.3301669,34.9071416],[136.3302874,34.9070174],[136.330351,34.9069363],[136.3304758,34.9067654],[136.3305766,34.9065977]]}},{"type":"Feature","properties":{"id":350033457,"name":"国道1号","highway":"trunk","role":null},"geometry":{"type":"LineString","coordinates":[[136.3743122,34.8640321],[136.3742516,34.8641673],[136.3741815,34.8643125],[136.3740622,34.8645242],[136.3739418,34.864738],[136.3736873,34.8651844],[136.3733042,34.8658398],[136.3727859,34.8667179],[136.3724323,34.8673198],[136.3722454,34.8676374],[136.3720221,34.8679353],[136.3717775,34.8681833],[136.3715212,34.8684116],[136.3713201,34.8685865],[136.3711218,34.8687439],[136.3709287,34.8688856],[136.3701794,34.8693904]]}},{"type":"Feature","properties":{"id":350033460,"name":"旧東海道","highway":"residential","role":null},"geometry":{"type":"LineString","coordinates":[[136.3739869,34.8619714],[136.3740872,34.8617748]]}},{"type":"Feature","properties":{"id":350033461,"name":"旧東海道","highway":"residential","role":null},"geometry":{"type":"LineString","coordinates":[[136.3739421,34.8620744],[136.3739869,34.8619714]]}},{"type":"Feature","properties":{"id":351577327,"name":"旧東海道","highway":"residential","role":null},"geometry":{"type":"LineString","coordinates":[[135.9507831,35.0001355],[135.950871,35.0001784],[135.9509758,35.0002249],[135.9512417,35.0003437],[135.9514271,35.000427],[135.9515825,35.0004913],[135.9517139,35.0005763],[135.9518986,35.0007837]]}},{"type":"Feature","properties":{"id":352410499,"name":"旧東海道","highway":"unclassified","role":null},"geometry":{"type":"LineString","coordinates":[[138.866831,35.0997932],[138.8670575,35.099682],[138.8678071,35.0996364],[138.8679483,35.099613],[138.8682216,35.0995383],[138.8686972,35.099358],[138.8689686,35.0992525],[138.8691416,35.0992234],[138.869586,35.099185],[138.8696727,35.0991831],[138.8700505,35.0992276],[138.8701989,35.0992398],[138.8707629,35.0992861],[138.871349,35.0993688],[138.8720331,35.0994929],[138.8726419,35.0996669],[138.8732449,35.0999255],[138.874299,35.1004103],[138.8743484,35.100487],[138.8743071,35.10056],[138.8742834,35.100602]]}},{"type":"Feature","properties":{"id":355253350,"name":"国道1号","highway":"trunk","role":null},"geometry":{"type":"LineString","coordinates":[[139.4147634,35.3363773],[139.4146168,35.3363691],[139.4144934,35.3363518],[139.4143591,35.3363329]]}},{"type":"Feature","properties":{"id":358242233,"name":"吉原停車場吉原線","highway":"secondary_link","role":null},"geometry":{"type":"LineString","coordinates":[[138.7007088,35.1488065],[138.7005605,35.1489067],[138.7002387,35.1491538],[138.7001736,35.1492171],[138.7001343,35.1492801]]}},{"type":"Feature","properties":{"id":360064374,"name":"旧東海道","highway":"tertiary","role":null},"geometry":{"type":"LineString","coordinates":[[138.6695984,35.1565341],[138.6691335,35.1566841],[138.6688936,35.156774],[138.6687256,35.1568221],[138.6684741,35.1568891],[138.6683115,35.1569166],[138.6681042,35.1569301],[138.6677938,35.1569427],[138.6669378,35.1569337],[138.6663772,35.1569559],[138.6658331,35.1569647],[138.6656641,35.156979],[138.6655657,35.1569885],[138.66496,35.1570936],[138.6642365,35.1572057],[138.6641258,35.1572228],[138.6634712,35.1573509],[138.6631088,35.157399],[138.6629815,35.1574124],[138.6628178,35.1574264],[138.6623853,35.1574426]]}},{"type":"Feature","properties":{"id":360072442,"name":"旧東海道","highway":"tertiary","role":null},"geometry":{"type":"LineString","coordinates":[[138.6560838,35.1568521],[138.6563537,35.1568693]]}},{"type":"Feature","properties":{"id":360125981,"name":"旧東海道","highway":"unclassified","role":null},"geometry":{"type":"LineString","coordinates":[[139.7356951,35.5762763],[139.7356699,35.5762157],[139.7356335,35.5761325],[139.7355013,35.5758431],[139.7352782,35.575367],[139.735251,35.575314],[139.7351596,35.5751361]]}},{"type":"Feature","properties":{"id":361084474,"name":"旧東海道","highway":"unclassified","role":null},"geometry":{"type":"LineString","coordinates":[[136.0505487,35.0184225],[136.0504768,35.0182915],[136.0504578,35.0182455],[136.0504647,35.0181879],[136.0506003,35.0180027],[136.0507443,35.0178046],[136.0509096,35.0174629],[136.0509969,35.0172903],[136.0510999,35.0170526],[136.0512054,35.0167919]]}},{"type":"Feature","properties":{"id":361084476,"name":"旧東海道","highway":"tertiary","role":null},"geometry":{"type":"LineString","coordinates":[[136.0474601,35.0203481],[136.0475295,35.0202486],[136.0476961,35.0200098],[136.047798,35.0199659],[136.0478654,35.0199592],[136.0478865,35.0199571]]}},{"type":"Feature","properties":{"id":361084522,"name":"旧東海道","highway":"residential","role":null},"geometry":{"type":"LineString","coordinates":[[135.9520017,35.0036382],[135.9519441,35.0036658],[135.9520272,35.0038467],[135.9521024,35.0039174],[135.9521283,35.003943],[135.9522206,35.0040393]]}},{"type":"Feature","properties":{"id":361084523,"name":"旧東海道","highway":"footway","role":null},"geometry":{"type":"LineString","coordinates":[[135.9520385,35.0032956],[135.9520148,35.0032314],[135.9519747,35.0032111],[135.9519441,35.003165],[135.9519343,35.0031468]]}},{"type":"Feature","properties":{"id":361084524,"name":"旧東海道","highway":"residential","role":null},"geometry":{"type":"LineString","coordinates":[[135.9520017,35.0036382],[135.9519193,35.0033563],[135.9519307,35.003337],[135.9520385,35.0032956]]}},{"type":"Feature","properties":{"id":361084528,"name":"旧東海道","highway":"unclassified","role":null},"geometry":{"type":"LineString","coordinates":[[135.9439615,34.9929637],[135.9439933,34.9930298],[135.9440289,34.9930831],[135.9440458,34.9931022]]}},{"type":"Feature","properties":{"id":361084530,"name":"旧東海道","highway":"tertiary","role":null},"geometry":{"type":"LineString","coordinates":[[135.9134353,34.9758881],[135.9134092,34.9758628],[135.9133522,34.9758075],[135.9131862,34.9756466],[135.9129623,34.9754257],[135.9127397,34.9751984],[135.9125733,34.9750285],[135.9123822,34.9748422],[135.9123418,34.9748006],[135.9123001,34.9747577],[135.9122391,34.9746949],[135.9121992,34.9746537],[135.9119521,34.974398],[135.9114188,34.9738627],[135.9111861,34.9736343],[135.9111641,34.9736127],[135.9109969,34.973452],[135.9109707,34.9734268],[135.9109261,34.9733789]]}},{"type":"Feature","properties":{"id":361084531,"name":"旧東海道","highway":"unclassified","role":null},"geometry":{"type":"LineString","coordinates":[[135.9109261,34.9733789],[135.9109351,34.9732802],[135.9109345,34.9732213],[135.9109037,34.9729608],[135.9108935,34.9729146]]}},{"type":"Feature","properties":{"id":361084540,"name":"京町通（旧東海道）","highway":"unclassified","role":null},"geometry":{"type":"LineString","coordinates":[[135.8621061,35.0079246],[135.8621315,35.0079165],[135.8626908,35.0077377],[135.8629793,35.007643],[135.8635478,35.0074565],[135.8640637,35.0072872],[135.864434,35.007164],[135.8645208,35.0071351]]}},{"type":"Feature","properties":{"id":361084541,"name":"高島大津線","highway":"secondary","role":null},"geometry":{"type":"LineString","coordinates":[[135.8621061,35.0079246],[135.8618957,35.0072952],[135.8618852,35.0072628],[135.861842,35.0071296],[135.8618009,35.0070027],[135.8617765,35.0069275],[135.8616693,35.0065924],[135.861617,35.0064348],[135.8615744,35.0063384],[135.8615515,35.0062905],[135.8614884,35.006129],[135.8614441,35.006064]]}},{"type":"Feature","properties":{"id":361084546,"name":"旧東海道","highway":"steps","role":null},"geometry":{"type":"LineString","coordinates":[[135.8312751,34.9912375],[135.8312119,34.9912447],[135.831183,34.9912516],[135.8311892,34.9913062]]}},{"type":"Feature","properties":{"id":361084547,"name":"旧東海道","highway":"steps","role":null},"geometry":{"type":"LineString","coordinates":[[135.8310219,34.9916067],[135.8309149,34.9915699]]}},{"type":"Feature","properties":{"id":361084548,"name":"旧東海道","highway":"footway","role":null},"geometry":{"type":"LineString","coordinates":[[135.8311892,34.9913062],[135.8310219,34.9916067]]}},{"type":"Feature","properties":{"id":361084551,"name":"旧東海道","highway":"footway","role":null},"geometry":{"type":"LineString","coordinates":[[135.8312751,34.9912375],[135.8312775,34.9912024]]}},{"type":"Feature","properties":{"id":361084554,"name":"三条通","highway":"secondary","role":null},"geometry":{"type":"LineString","coordinates":[[135.8077632,34.9918213],[135.8076203,34.9919453],[135.8073032,34.9922225],[135.8065667,34.9928376],[135.8064804,34.9929113],[135.8064094,34.9929781],[135.8062849,34.9930866],[135.8061971,34.9931734],[135.8059984,34.9933627],[135.8059647,34.9933909],[135.8057988,34.993546]]}},{"type":"Feature","properties":{"id":361084555,"name":"三条通","highway":"secondary","role":null},"geometry":{"type":"LineString","coordinates":[[135.7936021,34.9993084],[135.7935528,34.999353],[135.7935086,34.9994033],[135.7934688,34.9994624],[135.7934348,34.999522],[135.7934037,34.9995879],[135.7933768,34.9996567],[135.7933622,34.999711],[135.7933461,34.9997895],[135.7933379,34.9998662],[135.7933365,35.0000901],[135.7933197,35.0002459],[135.7933103,35.0003207],[135.7932913,35.0004033],[135.7932647,35.0004833],[135.7932229,35.0005711],[135.7931709,35.0006627],[135.7930672,35.0008012],[135.7928919,35.0010169],[135.7928122,35.001115],[135.7927238,35.0012349],[135.7925131,35.0015295],[135.7923884,35.0017243],[135.7922154,35.0020208],[135.792184,35.0020808],[135.7921358,35.0021737],[135.7920353,35.0023831],[135.7920033,35.0024546],[135.7919468,35.002581],[135.7918627,35.0027516],[135.7917775,35.0029141],[135.7916577,35.0030759],[135.7915477,35.0032031],[135.7914236,35.0033109],[135.7912985,35.0034134],[135.7911011,35.0035663],[135.7910105,35.0036555],[135.790909,35.0037757],[135.7908271,35.0038985],[135.7907915,35.0039851],[135.7907621,35.0041058],[135.7907533,35.0042508],[135.7907721,35.0043733],[135.7908181,35.0045293],[135.7909202,35.0047927],[135.7909875,35.004945],[135.7910194,35.0050431],[135.7910615,35.0051959],[135.7910854,35.0053644],[135.7910884,35.0055023],[135.7910854,35.0056378],[135.7910511,35.0057855],[135.7910109,35.0058868],[135.7909542,35.0060174],[135.7908902,35.0061248],[135.7904893,35.0067753],[135.7904178,35.0068998],[135.7903522,35.0070487],[135.7903105,35.0071915],[135.7902733,35.0073831],[135.7902554,35.0075516],[135.7902405,35.0077505],[135.7902256,35.0079006],[135.7901883,35.0080532],[135.7901334,35.0082312]]}},{"type":"Feature","properties":{"id":361084556,"name":"三条通","highway":"tertiary","role":null},"geometry":{"type":"LineString","coordinates":[[135.7704115,35.0089174],[135.7704786,35.0089237],[135.7706485,35.0089396],[135.7712636,35.008997],[135.7713158,35.0090019]]}},{"type":"Feature","properties":{"id":365950151,"name":"旧東海道","highway":"unclassified","role":null},"geometry":{"type":"LineString","coordinates":[[138.6201954,35.1547317],[138.6199625,35.1543662],[138.6197992,35.1541249],[138.6197771,35.1540946],[138.6193926,35.1535546],[138.6192242,35.1535687],[138.6186522,35.1523366]]}},{"type":"Feature","properties":{"id":366318246,"name":"旧東海道","highway":"residential","role":null},"geometry":{"type":"LineString","coordinates":[[138.6114669,35.1364102],[138.6115287,35.1361213],[138.6115932,35.135948],[138.6115929,35.1359368],[138.6115901,35.1358287],[138.6115858,35.1356647]]}},{"type":"Feature","properties":{"id":366318281,"name":"旧東海道","highway":"unclassified","role":null},"geometry":{"type":"LineString","coordinates":[[138.6137654,35.1417954],[138.6136123,35.1417953]]}},{"type":"Feature","properties":{"id":366318307,"name":"旧東海道","highway":"unclassified","role":null},"geometry":{"type":"LineString","coordinates":[[138.6136123,35.1417953],[138.61364,35.1415535],[138.6136879,35.141336],[138.6137064,35.1411288],[138.6137177,35.1409172],[138.6136739,35.1408872],[138.6130809,35.1407027]]}},{"type":"Feature","properties":{"id":367083484,"name":"旧東海道","highway":"residential","role":null},"geometry":{"type":"LineString","coordinates":[[138.2824467,34.9205083],[138.282422,34.9202574],[138.2824278,34.920148],[138.282447,34.9200694],[138.2824915,34.9198904],[138.2825382,34.9197867]]}},{"type":"Feature","properties":{"id":368086440,"name":"旧東海道","highway":"unclassified","role":null},"geometry":{"type":"LineString","coordinates":[[139.571307,35.4393606],[139.5712124,35.4393194],[139.5709356,35.4391223],[139.5708834,35.4390946],[139.5704974,35.4388558],[139.5704094,35.4388057],[139.5703315,35.4387611],[139.570166,35.4386584],[139.5700176,35.4385246],[139.5697122,35.4382351],[139.5696677,35.4381646],[139.5695691,35.4379812],[139.5695612,35.4379569]]}},{"type":"Feature","properties":{"id":368194829,"name":"旧東海道","highway":"unclassified","role":null},"geometry":{"type":"LineString","coordinates":[[139.6113378,35.4651481],[139.6108544,35.4648834]]}},{"type":"Feature","properties":{"id":368287352,"name":"湯本元箱根線","highway":"secondary","role":null},"geometry":{"type":"LineString","coordinates":[[139.0788232,35.2213454],[139.0787701,35.2213271],[139.0787417,35.2213188],[139.0787135,35.2213127],[139.0786865,35.2213086],[139.0786569,35.2213061],[139.0786321,35.2213055],[139.0786055,35.2213064],[139.0785818,35.2213086],[139.0782064,35.2214036],[139.0780671,35.2214288],[139.0779648,35.2214293],[139.0778713,35.2214163],[139.0775893,35.2213316],[139.0773873,35.2212503],[139.0769351,35.2209852],[139.0768181,35.2209344],[139.0766222,35.2208788],[139.0765218,35.2208597],[139.0764073,35.2208507],[139.076244,35.2208555],[139.0754335,35.2209539],[139.0747174,35.2210408],[139.0746783,35.2210389],[139.0746262,35.2210287],[139.074584,35.2210078],[139.0741724,35.2206333],[139.0740932,35.2205631],[139.0740261,35.2204769],[139.0739729,35.2203913],[139.0738433,35.2200693],[139.0737839,35.2199748],[139.073698,35.2198871],[139.0734083,35.2196436],[139.0733457,35.2196037],[139.0732775,35.2195706]]}},{"type":"Feature","properties":{"id":372671674,"name":"旧東海道","highway":"unclassified","role":null},"geometry":{"type":"LineString","coordinates":[[138.5502326,35.0935763],[138.5502139,35.0935184],[138.5501546,35.0933966],[138.5500665,35.0932721],[138.5499849,35.0931896],[138.5497927,35.0930743],[138.5496919,35.0929917],[138.5496134,35.092904],[138.549551,35.0927992],[138.5494571,35.0926857],[138.5494101,35.0926288],[138.5491475,35.0923183],[138.5489089,35.0920091],[138.5488096,35.0919253],[138.5487879,35.0919004],[138.5487536,35.0918611],[138.5487087,35.0917785],[138.5486703,35.0916449],[138.5486331,35.0914685],[138.5486303,35.0914549],[138.5486227,35.0914404],[138.5485678,35.0913344],[138.5485214,35.091255]]}},{"type":"Feature","properties":{"id":372728387,"name":"旧東海道","highway":"unclassified","role":null},"geometry":{"type":"LineString","coordinates":[[138.5466224,35.0815914],[138.5465873,35.0815532],[138.5465682,35.0813634],[138.5465206,35.081253],[138.5464745,35.0810697],[138.5463411,35.0808721],[138.5461552,35.0806368],[138.5460838,35.0805576],[138.5460631,35.0804744],[138.5461028,35.0804029],[138.5461552,35.0803262],[138.5461648,35.0802534],[138.5461549,35.0801927],[138.5461457,35.0801429],[138.5460091,35.0796867],[138.545963,35.0796464],[138.5457407,35.0795086],[138.5457105,35.0794527],[138.5456803,35.0789769],[138.5456501,35.0788665],[138.5456072,35.0786325],[138.5455389,35.0783452],[138.5454754,35.0782399],[138.5454166,35.0781385],[138.5454119,35.0781073],[138.5454262,35.0780566],[138.54545,35.0779903],[138.5454484,35.0779253],[138.545423,35.0778526],[138.5453801,35.0777967],[138.5452864,35.0777447],[138.5448909,35.0775926],[138.5448242,35.0775419],[138.5445812,35.077304],[138.5445081,35.0772143],[138.5444716,35.0771103],[138.5444843,35.0770635],[138.5444747,35.0770115],[138.5444371,35.0769307],[138.5442923,35.0768993],[138.5442129,35.0768302],[138.5440806,35.0766911],[138.5440649,35.0765137],[138.5440538,35.0764292],[138.544036,35.0762415],[138.5439865,35.0761184],[138.5438461,35.0759478],[138.5435936,35.075754],[138.5435,35.0756512],[138.5434674,35.0755178],[138.5434004,35.0753434],[138.5432427,35.0751066],[138.5430043,35.0749113],[138.5427838,35.0747151],[138.5427398,35.0746036],[138.5427421,35.0745006],[138.5427331,35.0743829],[138.5426477,35.0742304],[138.54234,35.0739252],[138.5423175,35.0738664],[138.5422884,35.0738237],[138.5421738,35.0737432],[138.5421131,35.0736899],[138.5420952,35.0736439],[138.5420996,35.0735851],[138.542121,35.0734941],[138.5421603,35.0733902],[138.5421491,35.0733148],[138.5421187,35.0732156],[138.5420817,35.0731512],[138.5420064,35.0730372],[138.5417863,35.0727873],[138.5417336,35.0727274],[138.541699,35.072651],[138.5416568,35.0724768],[138.5416212,35.0723753],[138.5415738,35.0723026]]}},{"type":"Feature","properties":{"id":372736360,"name":"旧東海道","highway":"service","role":null},"geometry":{"type":"LineString","coordinates":[[138.5370071,35.0634397],[138.5375678,35.063922],[138.5383742,35.0646441]]}},{"type":"Feature","properties":{"id":372736377,"name":"旧東海道","highway":"service","role":null},"geometry":{"type":"LineString","coordinates":[[138.5409109,35.0720266],[138.5410194,35.0717648],[138.5410385,35.0717381],[138.5410778,35.0717069],[138.5411631,35.0716774],[138.5412126,35.0716646],[138.5412257,35.0715086]]}},{"type":"Feature","properties":{"id":372783475,"name":"旧東海道","highway":"residential","role":null},"geometry":{"type":"LineString","coordinates":[[138.5324777,35.0654853],[138.5326279,35.0654851],[138.5327003,35.0654694],[138.5327624,35.0654282],[138.5328245,35.0653702],[138.5328836,35.0653036],[138.5329383,35.0652794],[138.5330432,35.0652722],[138.533633,35.0652927],[138.5337099,35.065283],[138.5337912,35.065254],[138.5338755,35.0652092],[138.534219,35.0648985]]}},{"type":"Feature","properties":{"id":372783480,"name":"旧東海道","highway":"unclassified","role":null},"geometry":{"type":"LineString","coordinates":[[138.5311846,35.0627897],[138.5312078,35.0628699],[138.531191,35.0632096],[138.5311894,35.0632423],[138.5311869,35.0632943],[138.5312025,35.0633721],[138.5314101,35.0638752],[138.5314231,35.06393],[138.531445,35.064078],[138.5314785,35.0644441],[138.5315088,35.0645725],[138.5315422,35.0646383],[138.5315751,35.0646875],[138.5316917,35.0647855],[138.5318192,35.0648864],[138.5318725,35.0649472],[138.5319844,35.0651559],[138.5320283,35.0652141],[138.5320784,35.0652637],[138.5321652,35.0653399],[138.5321808,35.0653504],[138.5322342,35.0653861],[138.5323471,35.06544],[138.5324777,35.0654853]]}},{"type":"Feature","properties":{"id":372840788,"name":"旧東海道","highway":"residential","role":null},"geometry":{"type":"LineString","coordinates":[[138.5326016,35.0588992],[138.5325646,35.0589055],[138.5325084,35.0589315],[138.5324642,35.0589269],[138.5317038,35.0585162],[138.5314683,35.0583753],[138.5314191,35.0583311],[138.5313857,35.0582791],[138.5313603,35.0582193],[138.5312475,35.0578162],[138.5309807,35.0575198],[138.5308847,35.0574454],[138.5305947,35.0572207],[138.5303692,35.0569594],[138.5302692,35.056806],[138.530231,35.0567474],[138.530177,35.0566148],[138.5301674,35.0565043],[138.5301992,35.0563379],[138.5304204,35.0556048],[138.5304444,35.0555253]]}},{"type":"Feature","properties":{"id":374725130,"name":"旧東海道","highway":"unclassified","role":null},"geometry":{"type":"LineString","coordinates":[[138.4088191,34.9850714],[138.4087784,34.9849862],[138.408744,34.9849078],[138.4087554,34.9848593],[138.4087986,34.9848251],[138.4088522,34.9847828]]}},{"type":"Feature","properties":{"id":375775946,"name":"東海道","highway":"tertiary","role":null},"geometry":{"type":"LineString","coordinates":[[137.1130318,34.9801879],[137.1137203,34.9796035],[137.1137865,34.9795396],[137.1141282,34.9792098],[137.1143784,34.9789683]]}},{"type":"Feature","properties":{"id":375775947,"name":"旧東海道","highway":"tertiary","role":null},"geometry":{"type":"LineString","coordinates":[[137.1143784,34.9789683],[137.1144304,34.9789197],[137.1145173,34.9788333],[137.1146123,34.978723],[137.1148567,34.9784117],[137.1151461,34.9780754],[137.1154566,34.9777769],[137.1159411,34.9773882],[137.1165244,34.9769657],[137.1170938,34.976391],[137.1172703,34.9762007],[137.1175538,34.9758758],[137.1178944,34.9754943],[137.1179588,34.9754222],[137.1179427,34.9753585],[137.1178928,34.9752846],[137.1178279,34.9752032]]}},{"type":"Feature","properties":{"id":375775949,"name":"旧東海道","highway":"tertiary","role":null},"geometry":{"type":"LineString","coordinates":[[137.1073113,34.98444],[137.1076531,34.9841929],[137.1077954,34.98409],[137.1095552,34.9828164]]}},{"type":"Feature","properties":{"id":375775950,"name":"旧東海道","highway":"tertiary","role":null},"geometry":{"type":"LineString","coordinates":[[137.1095552,34.9828164],[137.1100733,34.9823928],[137.1106005,34.9819965],[137.1111934,34.9815507],[137.1112288,34.9815225],[137.111815,34.9810554],[137.1119584,34.9809517],[137.1125646,34.980513],[137.1130318,34.9801879]]}},{"type":"Feature","properties":{"id":375775951,"name":"旧東海道","highway":"tertiary","role":null},"geometry":{"type":"LineString","coordinates":[[137.1051505,34.9858289],[137.1073113,34.98444]]}},{"type":"Feature","properties":{"id":375791386,"name":"旧東海道","highway":"residential","role":null},"geometry":{"type":"LineString","coordinates":[[135.7996203,34.9944891],[135.7994565,34.9945288],[135.7992124,34.9946109],[135.7989646,34.9946927],[135.7987818,34.9947688],[135.7985931,34.9949135],[135.798446,34.9950068],[135.7983341,34.9951527],[135.7983077,34.9951871],[135.7982777,34.9952462],[135.7982572,34.9952866],[135.7981651,34.995468],[135.7980729,34.9956598],[135.7980603,34.9956861],[135.79788,34.995837],[135.7976829,34.995946],[135.7974816,34.9960802],[135.7974097,34.996135],[135.797394,34.996147],[135.7973055,34.9962144],[135.7972464,34.9962922],[135.797197,34.9963771],[135.7971785,34.9964308],[135.7971073,34.9965818],[135.7970791,34.9966337],[135.7970095,34.9967119],[135.7968209,34.9969239],[135.7966967,34.9970481],[135.7964892,34.9972778],[135.7962318,34.9974873],[135.7959896,34.9976644],[135.79562,34.9978853],[135.7951576,34.9981685],[135.7948301,34.9983405],[135.7947148,34.9984011],[135.7943969,34.9985286],[135.7942884,34.9985751],[135.7940941,34.998686],[135.7938589,34.9988387],[135.7937137,34.998956],[135.7936128,34.9990879],[135.7935409,34.999204],[135.7935357,34.9992294],[135.7935422,34.9992496]]}},{"type":"Feature","properties":{"id":377084412,"name":"国道1号","highway":"trunk","role":null},"geometry":{"type":"LineString","coordinates":[[139.5899182,35.4452281],[139.589631,35.4452572],[139.5892225,35.4453048],[139.5888164,35.4453852],[139.5885197,35.4454309],[139.5883765,35.4454462]]}},{"type":"Feature","properties":{"id":378535550,"name":"白鳥豊橋線","highway":"secondary","role":null},"geometry":{"type":"LineString","coordinates":[[137.3672888,34.7934155],[137.3673994,34.7932882]]}},{"type":"Feature","properties":{"id":378535551,"name":"白鳥豊橋線","highway":"secondary","role":null},"geometry":{"type":"LineString","coordinates":[[137.3673994,34.7932882],[137.3680098,34.7925771],[137.368044,34.7925342]]}},{"type":"Feature","properties":{"id":378689728,"name":"千本城内線","highway":"secondary","role":null},"geometry":{"type":"LineString","coordinates":[[138.8578388,35.0962482],[138.8572594,35.0963478],[138.857017,35.0963811],[138.856828,35.0964552]]}},{"type":"Feature","properties":{"id":378689730,"name":"千本城内線","highway":"secondary","role":null},"geometry":{"type":"LineString","coordinates":[[138.856828,35.0964552],[138.8570224,35.0964333],[138.8572753,35.0964058],[138.8578612,35.0963234]]}},{"type":"Feature","properties":{"id":379398400,"name":"国道1号","highway":"trunk","role":null},"geometry":{"type":"LineString","coordinates":[[137.2646446,34.8869959],[137.2646042,34.8872563],[137.2645436,34.8875342],[137.2644743,34.8878148],[137.2644216,34.8881337]]}},{"type":"Feature","properties":{"id":379457676,"name":"国道1号","highway":"trunk","role":null},"geometry":{"type":"LineString","coordinates":[[139.1836658,35.26498],[139.1833676,35.2648724]]}},{"type":"Feature","properties":{"id":379457677,"name":"国道1号","highway":"trunk","role":null},"geometry":{"type":"LineString","coordinates":[[139.1833676,35.2648724],[139.1830929,35.2647647],[139.1830287,35.2647295],[139.1828382,35.2646249],[139.1827255,35.264563]]}},{"type":"Feature","properties":{"id":379459570,"name":"国道1号","highway":"trunk","role":null},"geometry":{"type":"LineString","coordinates":[[139.1703759,35.2559575],[139.1700875,35.2558349]]}},{"type":"Feature","properties":{"id":379459572,"name":"国道1号","highway":"trunk","role":null},"geometry":{"type":"LineString","coordinates":[[139.1704349,35.2559698],[139.1703759,35.2559575]]}},{"type":"Feature","properties":{"id":379586471,"name":"掛川浜岡線","highway":"primary","role":null},"geometry":{"type":"LineString","coordinates":[[138.0021729,34.7757064],[138.0020308,34.7760195]]}},{"type":"Feature","properties":{"id":379586472,"name":"掛川浜岡線","highway":"primary","role":null},"geometry":{"type":"LineString","coordinates":[[138.0020308,34.7760195],[138.002019,34.7760449],[138.0018897,34.7763326],[138.0018452,34.7764656]]}},{"type":"Feature","properties":{"id":379642491,"name":"国道1号","highway":"trunk","role":null},"geometry":{"type":"LineString","coordinates":[[137.1249087,34.9709414],[137.1247752,34.9710134]]}},{"type":"Feature","properties":{"id":379642492,"name":"国道1号","highway":"trunk","role":null},"geometry":{"type":"LineString","coordinates":[[137.1247752,34.9710134],[137.1245146,34.9711332],[137.1244093,34.9711797],[137.1243248,34.9712102],[137.1239788,34.971333],[137.1231634,34.9716386],[137.1223704,34.9719227],[137.1215742,34.9722116],[137.1210748,34.9723896],[137.1206524,34.9726015],[137.1205019,34.9727134],[137.1204101,34.9727817],[137.1201816,34.9729722],[137.1200987,34.9730414],[137.1198232,34.9733335],[137.1187729,34.9744949],[137.1184649,34.97479],[137.1181826,34.974984],[137.1178279,34.9752032]]}},{"type":"Feature","properties":{"id":379766276,"name":"国道1号","highway":"trunk","role":null},"geometry":{"type":"LineString","coordinates":[[136.3305766,34.9065977],[136.3306242,34.9065044]]}},{"type":"Feature","properties":{"id":379766280,"name":"国道1号","highway":"trunk","role":null},"geometry":{"type":"LineString","coordinates":[[136.3233749,34.9104907],[136.323475,34.9103599]]}},{"type":"Feature","properties":{"id":379766281,"name":"国道1号","highway":"trunk","role":null},"geometry":{"type":"LineString","coordinates":[[136.3223044,34.9118512],[136.3226853,34.9113569],[136.3229737,34.9110091],[136.3233749,34.9104907]]}},{"type":"Feature","properties":{"id":380652944,"name":"旧東海道","highway":"tertiary","role":null},"geometry":{"type":"LineString","coordinates":[[136.4794982,34.8580053],[136.4796032,34.8580172]]}},{"type":"Feature","properties":{"id":380652945,"name":"旧東海道","highway":"tertiary","role":null},"geometry":{"type":"LineString","coordinates":[[136.4796032,34.8580172],[136.4796434,34.8580247],[136.4799176,34.858063],[136.4804413,34.8581052],[136.4804546,34.8581062],[136.4807176,34.8581267],[136.4808968,34.8581406],[136.4810703,34.8581609],[136.481285,34.8581989],[136.4813788,34.8582157],[136.4815246,34.8582314],[136.4815845,34.8582364],[136.4818236,34.8582204],[136.4820404,34.8582049],[136.4821435,34.8581976],[136.4823639,34.8581803],[136.4824979,34.8581758],[136.4826276,34.85818]]}},{"type":"Feature","properties":{"id":380983024,"name":"旧長明寺井田川停車場線","highway":"unclassified","role":null},"geometry":{"type":"LineString","coordinates":[[136.4919189,34.8685098],[136.492008,34.8687802],[136.4920807,34.8689539],[136.4922296,34.8693116],[136.492276,34.869389],[136.4923156,34.8694384],[136.4925526,34.8697865],[136.4926472,34.8699573],[136.4927256,34.870114],[136.49281,34.8702801],[136.4928795,34.8703778],[136.4929555,34.8704586],[136.4930786,34.8705616]]}},{"type":"Feature","properties":{"id":381201476,"name":"旧東海道","highway":"track","role":null},"geometry":{"type":"LineString","coordinates":[[137.3352932,34.8296719],[137.335114,34.8297397],[137.3348803,34.8298093]]}},{"type":"Feature","properties":{"id":381218063,"name":"旧東海道","highway":"track","role":null},"geometry":{"type":"LineString","coordinates":[[137.3355704,34.8295343],[137.3356707,34.8294825]]}},{"type":"Feature","properties":{"id":381218068,"name":"旧東海道","highway":"track","role":null},"geometry":{"type":"LineString","coordinates":[[137.3352932,34.8296719],[137.3355704,34.8295343]]}},{"type":"Feature","properties":{"id":385602489,"name":"藤枝静岡線","highway":"secondary_link","role":null},"geometry":{"type":"LineString","coordinates":[[138.3077278,34.9373751],[138.3079307,34.9372752],[138.3080374,34.9372327],[138.308124,34.9372339],[138.3082149,34.93728],[138.3084567,34.9374757],[138.3084888,34.9375017],[138.3086136,34.9375748],[138.3087263,34.9376041]]}},{"type":"Feature","properties":{"id":388399716,"name":"旧東海道 (Old Tokaido)","highway":"tertiary","role":null},"geometry":{"type":"LineString","coordinates":[[139.5867914,35.4454806],[139.5867932,35.445397]]}},{"type":"Feature","properties":{"id":389340405,"name":"東海道","highway":"trunk","role":null},"geometry":{"type":"LineString","coordinates":[[139.5190291,35.3878898],[139.5188788,35.3877708]]}},{"type":"Feature","properties":{"id":390735627,"name":"第一京浜","highway":"trunk","role":null},"geometry":{"type":"LineString","coordinates":[[139.7381064,35.6249526],[139.7381043,35.6249859]]}},{"type":"Feature","properties":{"id":391372812,"name":"旧東海道","highway":"unclassified","role":null},"geometry":{"type":"LineString","coordinates":[[138.1986669,34.8362451],[138.1985634,34.8361843],[138.1983743,34.8361063],[138.1982375,34.8360619],[138.1980579,34.8360246],[138.1979577,34.836013],[138.1976991,34.8359832],[138.1974395,34.835965],[138.1973487,34.8359671]]}},{"type":"Feature","properties":{"id":391852764,"name":"旧東海道","highway":"tertiary","role":null},"geometry":{"type":"LineString","coordinates":[[138.1540468,34.8304905],[138.154268,34.8306172],[138.154485,34.8307281],[138.1545573,34.8307591],[138.1547179,34.8308281],[138.1549462,34.8309262],[138.1553074,34.8311001],[138.1555099,34.8311602],[138.1557262,34.8312675],[138.1557428,34.8312832],[138.1558024,34.8313396],[138.1559034,34.8314351]]}},{"type":"Feature","properties":{"id":393529400,"name":"第一京浜","highway":"trunk","role":null},"geometry":{"type":"LineString","coordinates":[[139.7357169,35.5872217],[139.7357157,35.5872628]]}},{"type":"Feature","properties":{"id":393529404,"name":"第一京浜","highway":"trunk","role":null},"geometry":{"type":"LineString","coordinates":[[139.7359886,35.5882055],[139.735971,35.5876799],[139.7359656,35.5875679],[139.7359579,35.5874354],[139.735955,35.5873853]]}},{"type":"Feature","properties":{"id":393529405,"name":"第一京浜","highway":"trunk","role":null},"geometry":{"type":"LineString","coordinates":[[139.7359028,35.585991],[139.7358584,35.5862319],[139.7357552,35.5867732],[139.7357227,35.5871371],[139.7357169,35.5872217]]}},{"type":"Feature","properties":{"id":393529573,"name":"旧東海道","highway":"unclassified","role":null},"geometry":{"type":"LineString","coordinates":[[138.0800918,34.8038739],[138.0801471,34.8039148],[138.0802408,34.8039817],[138.0803624,34.8040186],[138.0808891,34.8040178],[138.0809796,34.8040202],[138.0810726,34.8040316],[138.0812493,34.8040902],[138.0814248,34.8041849],[138.0815329,34.8042659],[138.0816252,34.804339],[138.0820341,34.804552],[138.0823073,34.8046943],[138.082336,34.8047065],[138.0827528,34.8048833],[138.0833399,34.805112],[138.0833816,34.8051283],[138.0837099,34.8052386],[138.0838191,34.8052907],[138.0838749,34.8053173],[138.0841885,34.8054667],[138.0844064,34.8055705],[138.0847565,34.8057374],[138.084777,34.8057486],[138.0850494,34.8058973],[138.0851061,34.8059282],[138.0852894,34.8060034],[138.0858734,34.8061627],[138.0858991,34.8061723],[138.0865386,34.8064118],[138.0866259,34.8064445],[138.0867815,34.806518],[138.0867976,34.8065273],[138.0871368,34.8067229],[138.0873378,34.8068388],[138.0875588,34.8069662],[138.0876618,34.8070256],[138.0877258,34.807073],[138.0878132,34.8071376],[138.0878589,34.8071779],[138.0879596,34.8072667],[138.0880157,34.8073161],[138.0880415,34.8073512],[138.0881031,34.8074351],[138.0881208,34.8074746],[138.0881329,34.8075016],[138.0881478,34.8075349],[138.0881478,34.8076836],[138.0881389,34.8077918],[138.0881257,34.8079161],[138.0881175,34.8079984],[138.0881171,34.8081072],[138.0881288,34.8081538],[138.0881734,34.8082507],[138.0882608,34.8084152],[138.0883342,34.8085129],[138.0883658,34.8085849],[138.0886141,34.8088271],[138.0887308,34.8089433],[138.0887665,34.8089771],[138.0889734,34.8091807],[138.0894984,34.8096973],[138.0895381,34.8097355],[138.0895737,34.8097698],[138.0896213,34.8098157],[138.0898441,34.8100303],[138.0899963,34.8101721],[138.090025,34.8101975],[138.0903407,34.8104772],[138.0903713,34.8105043],[138.0904388,34.8105641],[138.0906247,34.8107289],[138.0908017,34.8109109],[138.0912408,34.8113537],[138.0912764,34.8113735],[138.0913175,34.8113965],[138.0914603,34.8114762],[138.0914985,34.8115124],[138.0915157,34.8115287],[138.0915269,34.8115807],[138.091569,34.8117772],[138.0917566,34.8123093],[138.0918172,34.8124568],[138.0918227,34.8124703],[138.0918382,34.8124979],[138.0921275,34.8130128],[138.0922149,34.8131335],[138.0922256,34.8131433],[138.0922768,34.8131898],[138.0922938,34.8132053],[138.09235,34.8132374],[138.0924617,34.8133013],[138.0925651,34.8133604],[138.092584,34.8133712],[138.0928636,34.8135312],[138.093334,34.8138003],[138.0936495,34.8140296],[138.0937589,34.8140851],[138.093788,34.8140999],[138.0941353,34.8142762],[138.0944701,34.8144461],[138.0945183,34.814473],[138.0949067,34.8146896],[138.0953739,34.8149501],[138.0957974,34.8151541],[138.0961834,34.8154051],[138.0964821,34.8156094],[138.0969236,34.8159017],[138.0970203,34.8159586],[138.0972348,34.8160824],[138.0972921,34.8161238],[138.0974069,34.8162217],[138.0974408,34.8162513],[138.097457,34.8162821],[138.0975991,34.8167633],[138.0976015,34.8168119],[138.0976152,34.8168804],[138.0976676,34.8170312],[138.0977091,34.8171533],[138.0977217,34.8171877],[138.0978457,34.8175491],[138.0978693,34.8176108],[138.097902,34.8176586],[138.0979574,34.8177081],[138.0980473,34.8177674],[138.0982664,34.8179086],[138.0983439,34.817958],[138.0985858,34.8180789],[138.0987359,34.8181404],[138.0988992,34.8181995],[138.0993411,34.8183436],[138.0999043,34.8185369],[138.0999675,34.8185568],[138.1000856,34.8185884],[138.1001572,34.8186076],[138.1004827,34.8186541],[138.1013258,34.8187746],[138.1014435,34.8187842],[138.1015375,34.8187918],[138.1016536,34.8187983],[138.1020308,34.8188526],[138.102053,34.8188577],[138.1022002,34.8188918],[138.1022573,34.818905],[138.1024016,34.8189384],[138.1024614,34.8189523],[138.102694,34.8189878],[138.1030828,34.8190027],[138.1033376,34.819041],[138.103523,34.8190472],[138.1036149,34.8190311],[138.1037055,34.8189943],[138.1037611,34.8189717],[138.1038847,34.8189272],[138.1040378,34.8188995],[138.1040761,34.8188925],[138.1043173,34.8188802],[138.1043616,34.8188815],[138.1046534,34.8188901],[138.1047448,34.8188804],[138.1047936,34.8188752],[138.1049081,34.818843],[138.1050358,34.8187971],[138.1051523,34.8187552],[138.1054854,34.8186723],[138.1057016,34.8186185],[138.1057974,34.8185947],[138.1058637,34.8185782],[138.1062948,34.8184619],[138.1063732,34.818452],[138.1065149,34.8184483],[138.1066972,34.8184145],[138.106762,34.8184025],[138.1069505,34.8183209],[138.1070394,34.8183048],[138.1071085,34.8183275],[138.1071612,34.8183694],[138.1072299,34.8184507],[138.1072946,34.8185243],[138.1073352,34.818577],[138.1073557,34.818631],[138.1073625,34.8186966],[138.1073608,34.8187739],[138.107312,34.8188612],[138.1073287,34.8188685]]}},{"type":"Feature","properties":{"id":393987407,"name":"旧東海道","highway":"tertiary","role":null},"geometry":{"type":"LineString","coordinates":[[139.3453163,35.3291145],[139.3451947,35.3290875],[139.3450566,35.3290556],[139.344994,35.3290424],[139.3440139,35.3288364],[139.3438556,35.3288031],[139.3437874,35.3287888],[139.3433001,35.3286863],[139.3430179,35.3286269],[139.3422485,35.3284649],[139.342135,35.3284417],[139.3420338,35.3284194],[139.3410728,35.328219],[139.3408953,35.3281802]]}},{"type":"Feature","properties":{"id":394632492,"name":"旧東海道","highway":"tertiary","role":null},"geometry":{"type":"LineString","coordinates":[[138.0767917,34.8047656],[138.0767329,34.8047989],[138.0765953,34.8048122],[138.0763605,34.8047878],[138.0761679,34.8047475],[138.0760636,34.8047257],[138.0755915,34.8045483],[138.0754598,34.8044901],[138.0753619,34.8044243],[138.0752896,34.8043658],[138.0752242,34.804298],[138.0751207,34.8041733],[138.0750881,34.8041195],[138.0750137,34.8039944],[138.0750006,34.8039368],[138.0750029,34.8038792],[138.0750091,34.8038531],[138.0750502,34.803681],[138.0750766,34.8035706],[138.0750812,34.8035512],[138.0751459,34.8034093],[138.075235,34.8033007],[138.0753727,34.8031766],[138.075435,34.8031244],[138.0756934,34.8029071],[138.0757329,34.8028752],[138.0760042,34.802658],[138.0761796,34.8025029],[138.0762123,34.8024563],[138.0762269,34.8024302],[138.0762394,34.8023782],[138.0762309,34.802296],[138.0762051,34.8020791]]}},{"type":"Feature","properties":{"id":394632493,"name":"旧東海道","highway":"unclassified","role":null},"geometry":{"type":"LineString","coordinates":[[138.0767917,34.8047656],[138.0768407,34.8047215],[138.0768726,34.8046797],[138.0768633,34.8046101],[138.0766744,34.8043929],[138.0766752,34.8043824],[138.0766791,34.8043296],[138.0766798,34.8043197],[138.0767607,34.8042688],[138.0769362,34.8041513],[138.0770306,34.8040294],[138.0771112,34.8039091],[138.0771197,34.8038965],[138.0771575,34.8037214],[138.077168,34.8034649],[138.0771683,34.8034577],[138.077166,34.8034064],[138.0772007,34.8033734],[138.0772442,34.8033324],[138.0772823,34.8032972],[138.0773171,34.8032796],[138.077349,34.8032833],[138.0773871,34.8032915],[138.0774131,34.8033313],[138.0774323,34.8033669],[138.0774436,34.8033854],[138.0774654,34.8033938],[138.0775267,34.8033649],[138.0775754,34.8033498],[138.0776134,34.8033582],[138.0776259,34.803382],[138.0775969,34.803424],[138.0775866,34.8034453],[138.0775925,34.8034588],[138.0776098,34.8034675],[138.0776495,34.8034662],[138.0777166,34.8034353],[138.0777505,34.8034324],[138.0777826,34.8034339],[138.0778227,34.8034466],[138.0779594,34.8035136],[138.0780441,34.8035671],[138.078087,34.8035809],[138.0781629,34.8035931],[138.0782473,34.803582],[138.0784123,34.8035564],[138.0784516,34.8035422],[138.0785686,34.8035332],[138.0786442,34.8035391],[138.0786872,34.8035598],[138.0787177,34.8035729],[138.0787525,34.8035842],[138.0787797,34.8035849],[138.0788064,34.8035707],[138.0788473,34.8035372],[138.0788769,34.8035045],[138.0789052,34.8034777],[138.0789352,34.8034601],[138.0789689,34.8034494],[138.0790192,34.8034446],[138.0791547,34.8034442],[138.0792544,34.8034525],[138.0793714,34.8034811],[138.0794917,34.8035091],[138.0795877,34.8035439],[138.0796885,34.8035928],[138.079746,34.8036293],[138.0798426,34.8036794],[138.0799918,34.8038108],[138.080061,34.8038567],[138.0800918,34.8038739]]}},{"type":"Feature","properties":{"id":396347776,"name":"国道1号","highway":"trunk","role":null},"geometry":{"type":"LineString","coordinates":[[139.5883765,35.4454462],[139.5881043,35.4454563],[139.5878137,35.4454419],[139.5867932,35.445397]]}},{"type":"Feature","properties":{"id":396347777,"name":"国道1号","highway":"trunk","role":null},"geometry":{"type":"LineString","coordinates":[[139.5883895,35.4455307],[139.5885588,35.4455118],[139.5891068,35.4454073],[139.5894871,35.4453309],[139.5899182,35.4452281]]}},{"type":"Feature","properties":{"id":398619840,"name":"掛川袋井線","highway":"secondary","role":null},"geometry":{"type":"LineString","coordinates":[[137.9645183,34.7635071],[137.9647987,34.7636589],[137.9652543,34.7638957],[137.9654526,34.7640011],[137.9659791,34.7643889],[137.9660359,34.7644307],[137.9660732,34.7644582],[137.96638,34.7646656],[137.9665965,34.7647965],[137.9667152,34.7648639],[137.9668403,34.7649295],[137.9670351,34.7650107],[137.9678511,34.7652812],[137.9682112,34.7654006],[137.9691147,34.765717],[137.9691314,34.765723],[137.9698768,34.7660575],[137.9700453,34.7661152],[137.9702302,34.7661531],[137.9704696,34.7661783],[137.9705263,34.7661826]]}},{"type":"Feature","properties":{"id":398619841,"name":"掛川袋井線","highway":"secondary","role":null},"geometry":{"type":"LineString","coordinates":[[137.9712001,34.7662333],[137.9717223,34.7662749],[137.9718336,34.7662854]]}},{"type":"Feature","properties":{"id":399041604,"name":"旧東海道","highway":"residential","role":null},"geometry":{"type":"LineString","coordinates":[[137.9257783,34.7499603],[137.926084,34.7500328],[137.9262709,34.750325],[137.9269503,34.7512167],[137.9271962,34.751449],[137.927876,34.7521439],[137.9279314,34.7521934]]}},{"type":"Feature","properties":{"id":399041612,"name":"旧東海道","highway":"service","role":null},"geometry":{"type":"LineString","coordinates":[[137.9279314,34.7521934],[137.9284059,34.7523712]]}},{"type":"Feature","properties":{"id":400013423,"name":"旧東海道","highway":"tertiary","role":null},"geometry":{"type":"LineString","coordinates":[[137.888272,34.73872],[137.8878234,34.7384142],[137.887388,34.7381587]]}},{"type":"Feature","properties":{"id":400909448,"name":"旧東海道","highway":"track","role":null},"geometry":{"type":"LineString","coordinates":[[137.3363998,34.8288832],[137.336189,34.829088],[137.3359478,34.8293044],[137.3358071,34.8294047],[137.3356707,34.8294825]]}},{"type":"Feature","properties":{"id":402334965,"name":"旧東海道","highway":"unclassified","role":null},"geometry":{"type":"LineString","coordinates":[[138.1174217,34.8159898],[138.1174703,34.8160205],[138.1175048,34.8160363],[138.1175567,34.8160455],[138.1176327,34.8160472],[138.1177914,34.8160163],[138.1185764,34.8158633],[138.1185902,34.8158623],[138.1187165,34.8158529],[138.1190309,34.8158373],[138.1194212,34.8158127],[138.1194963,34.815806],[138.1196677,34.8157615],[138.119818,34.8157166],[138.1201015,34.8156219],[138.1203214,34.8155294],[138.1205628,34.8153973],[138.1206983,34.8153321],[138.1208154,34.8152869],[138.1209488,34.8152355],[138.1210617,34.8151903],[138.1211263,34.815157],[138.1211883,34.8151222],[138.1213297,34.8150319],[138.1214656,34.8149353],[138.1216493,34.8147713]]}},{"type":"Feature","properties":{"id":402980577,"name":"旧東海道","highway":"unclassified","role":null},"geometry":{"type":"LineString","coordinates":[[137.2772643,34.8754683],[137.2773288,34.8753814],[137.2774446,34.8753021],[137.2775926,34.8752287],[137.27787,34.8750905],[137.2780748,34.8749378],[137.2783514,34.8747992],[137.2786484,34.8746972],[137.278757,34.8746745],[137.2789358,34.8746488]]}},{"type":"Feature","properties":{"id":403107688,"name":"旧東海道","highway":"tertiary","role":null},"geometry":{"type":"LineString","coordinates":[[137.0682503,35.002078],[137.0688827,35.0019256],[137.0691498,35.0018612],[137.0697328,35.0017213],[137.0699748,35.0016632],[137.0700444,35.0016469],[137.071065,35.0014085],[137.0714043,35.0013137],[137.0722544,35.0011319],[137.0727334,35.001],[137.0731068,35.0008703],[137.073604,35.0006752],[137.0743238,35.0003251],[137.0743549,35.000307],[137.0747267,35.0000913],[137.0749613,34.9999285]]}},{"type":"Feature","properties":{"id":404572514,"name":"旧東海道","highway":"path","role":null},"geometry":{"type":"LineString","coordinates":[[138.9870304,35.1501043],[138.9875002,35.1501671],[138.987733,35.1502032],[138.9880981,35.1502286],[138.9882516,35.1502494],[138.9883561,35.1502688],[138.9884862,35.1503072],[138.9887571,35.1505441],[138.9889294,35.1506768],[138.9889861,35.1507091],[138.9891572,35.1508206],[138.9892298,35.1508567],[138.9893988,35.1509133],[138.9895529,35.1509536],[138.9897061,35.150974],[138.9900234,35.1509756],[138.9901137,35.1509864],[138.9901715,35.1509968],[138.9902726,35.1509948]]}},{"type":"Feature","properties":{"id":405241077,"name":"旧東海道","highway":"unclassified","role":null},"geometry":{"type":"LineString","coordinates":[[137.8130509,34.7370339],[137.8130571,34.7369099],[137.813108,34.7367307],[137.8130872,34.7361034],[137.8130684,34.735539],[137.8130769,34.7354758],[137.8131161,34.7351818],[137.8131624,34.7349453],[137.8131771,34.7348701],[137.8132194,34.7346539],[137.8132504,34.7343907],[137.8132717,34.7342104],[137.8132802,34.7341381],[137.8132824,34.7341194],[137.8133357,34.7339354],[137.8133555,34.7338759]]}},{"type":"Feature","properties":{"id":405241093,"name":"旧東海道","highway":"tertiary","role":null},"geometry":{"type":"LineString","coordinates":[[137.8195682,34.7231205],[137.8192965,34.7231637],[137.8189761,34.7231926],[137.8188863,34.7232007],[137.8188726,34.723202],[137.8186677,34.7232042],[137.8181945,34.7232093],[137.8179008,34.7232125],[137.8175385,34.7232209],[137.8169297,34.7232562],[137.816876,34.7232562],[137.8162928,34.7232568],[137.8162734,34.7232569],[137.816235,34.7232567],[137.8154088,34.723254],[137.8143905,34.7231961],[137.8143057,34.7231906],[137.8136051,34.7231493],[137.813179,34.7231464]]}},{"type":"Feature","properties":{"id":405241117,"name":"旧東海道","highway":"residential","role":null},"geometry":{"type":"LineString","coordinates":[[137.8136848,34.7308165],[137.8138813,34.7304074],[137.8140181,34.7303965]]}},{"type":"Feature","properties":{"id":405241161,"name":"旧東海道","highway":"tertiary","role":null},"geometry":{"type":"LineString","coordinates":[[137.8133663,34.7315823],[137.8134105,34.7314998],[137.8136257,34.7310219],[137.8136721,34.7309188],[137.8137436,34.7308697]]}},{"type":"Feature","properties":{"id":409553689,"name":"さんさん通り","highway":"secondary","role":null},"geometry":{"type":"LineString","coordinates":[[138.8578388,35.0962482],[138.8578612,35.0963234]]}},{"type":"Feature","properties":{"id":409553690,"name":"さんさん通り","highway":"secondary","role":null},"geometry":{"type":"LineString","coordinates":[[138.8578612,35.0963234],[138.8580156,35.0967626],[138.8580476,35.0968488],[138.858179,35.0972025],[138.8582305,35.0973172],[138.8584763,35.0979194],[138.85856,35.0981244]]}},{"type":"Feature","properties":{"id":411063556,"name":"千本城内線","highway":"secondary","role":null},"geometry":{"type":"LineString","coordinates":[[138.8562185,35.0940786],[138.8558678,35.0941693],[138.8552311,35.0945361],[138.8552116,35.0945472],[138.855032,35.0946457]]}},{"type":"Feature","properties":{"id":411063559,"name":"千本城内線","highway":"secondary","role":null},"geometry":{"type":"LineString","coordinates":[[138.856828,35.0964552],[138.8567213,35.0960477],[138.8566874,35.0959223],[138.8566393,35.0957412],[138.8565405,35.0953616],[138.8564847,35.0951303],[138.8564561,35.0950161],[138.8563689,35.0946735],[138.8562185,35.0940786]]}},{"type":"Feature","properties":{"id":413317720,"name":"掛川袋井線","highway":"secondary","role":null},"geometry":{"type":"LineString","coordinates":[[137.993817,34.7714995],[137.993702,34.7714557],[137.993471,34.7713678],[137.9927909,34.7711339],[137.9926648,34.7710853],[137.991925,34.7708009],[137.9914435,34.7706127],[137.9914194,34.7706034],[137.9909804,34.7704328],[137.9906704,34.7703275],[137.9896942,34.7699909],[137.9896356,34.769973],[137.989432,34.7699037],[137.9889958,34.7697339],[137.9888208,34.7696627],[137.9883788,34.7695233],[137.9882967,34.7694987]]}},{"type":"Feature","properties":{"id":413317726,"name":"掛川袋井線","highway":"secondary","role":null},"geometry":{"type":"LineString","coordinates":[[137.9944773,34.7721063],[137.994438,34.7720335],[137.9944264,34.7720242],[137.994409,34.7719967],[137.994308,34.7718666],[137.9941937,34.7717388],[137.9940976,34.7716387],[137.9939203,34.7715358],[137.993817,34.7714995]]}},{"type":"Feature","properties":{"id":421326333,"name":"旧東海道","highway":"tertiary","role":null},"geometry":{"type":"LineString","coordinates":[[138.659279,35.157198],[138.6583605,35.1570067]]}},{"type":"Feature","properties":{"id":421326334,"name":"旧東海道","highway":"tertiary","role":null},"geometry":{"type":"LineString","coordinates":[[138.6612612,35.1574285],[138.6608159,35.1574192],[138.6606051,35.157395],[138.6605093,35.1573865]]}},{"type":"Feature","properties":{"id":421988694,"name":"旧東海道","highway":"tertiary","role":null},"geometry":{"type":"LineString","coordinates":[[137.0756373,34.9991576],[137.0756916,34.9990963],[137.0757474,34.9990333],[137.0758555,34.9989111],[137.0758816,34.9988809],[137.0761819,34.9985336],[137.0767663,34.9979256],[137.0772077,34.9975216],[137.0777998,34.9970062],[137.0781231,34.9967709],[137.0782811,34.9966486],[137.0783033,34.9966346]]}},{"type":"Feature","properties":{"id":421988695,"name":"旧東海道","highway":"tertiary","role":null},"geometry":{"type":"LineString","coordinates":[[137.0784026,34.996572],[137.0784372,34.9965479],[137.0790195,34.9961806],[137.0792887,34.996033],[137.0802857,34.9954386],[137.0807591,34.9951556]]}},{"type":"Feature","properties":{"id":425365821,"name":"緑瑞穂線","highway":"secondary","role":null},"geometry":{"type":"LineString","coordinates":[[136.9657655,35.0696382],[136.9658826,35.0695595]]}},{"type":"Feature","properties":{"id":425365822,"name":"緑瑞穂線","highway":"secondary","role":null},"geometry":{"type":"LineString","coordinates":[[136.9658826,35.0695595],[136.9660123,35.0694955],[136.9660736,35.0694046],[136.966084,35.0693891],[136.9660985,35.0693729],[136.9661937,35.0692665],[136.9663586,35.0690518],[136.9665077,35.0689158],[136.9668275,35.0687485],[136.9669002,35.0687105],[136.9672633,35.0685694],[136.9674133,35.0684961],[136.9676106,35.0683568],[136.9678415,35.0681849],[136.9679567,35.0681268],[136.9683403,35.0680266],[136.9685553,35.0679652],[136.9690308,35.0678477],[136.9690905,35.0678325],[136.9694734,35.0676936],[136.9699059,35.0675334],[136.9699705,35.0675095],[136.9700419,35.067468],[136.970104,35.0674319],[136.9703381,35.0672243],[136.9704753,35.0670371],[136.9705833,35.0668526],[136.9706244,35.066822],[136.9714197,35.0662803],[136.9717075,35.0661764],[136.9719268,35.0660429],[136.9720737,35.0659402],[136.9722543,35.0657522],[136.9724987,35.0655838],[136.9725467,35.0655469],[136.972806,35.065358],[136.9729224,35.0652709],[136.9730355,35.065167],[136.97313,35.0650766],[136.9733596,35.0648617],[136.9735934,35.064715],[136.9737384,35.0646592],[136.9737435,35.0646581]]}},{"type":"Feature","properties":{"id":425579169,"name":"旧東海道","highway":"tertiary","role":null},"geometry":{"type":"LineString","coordinates":[[138.5731089,35.1110568],[138.5730325,35.1110046]]}},{"type":"Feature","properties":{"id":425579170,"name":"旧東海道","highway":"tertiary","role":null},"geometry":{"type":"LineString","coordinates":[[138.5739632,35.1116541],[138.5738919,35.1115347],[138.5731089,35.1110568]]}},{"type":"Feature","properties":{"id":425647134,"name":"旧東海道","highway":"tertiary","role":null},"geometry":{"type":"LineString","coordinates":[[136.9914797,35.0562226],[136.9914272,35.0562649],[136.9914133,35.0562772],[136.9911309,35.0565262],[136.9911031,35.056552],[136.9908715,35.056767],[136.9907594,35.0568711],[136.9906351,35.0569866],[136.9904234,35.05719],[136.9902861,35.0573248],[136.9900257,35.0575806],[136.9899699,35.057629],[136.989874,35.057715],[136.9897837,35.0577771],[136.9897113,35.0578268],[136.989639,35.0578734],[136.9891893,35.0581632],[136.9891813,35.0581684],[136.9890685,35.0582305],[136.9885231,35.0585304],[136.9883466,35.0586275],[136.9879308,35.0588103],[136.987527,35.0589685],[136.9874212,35.0590135],[136.98726,35.059077],[136.9870664,35.0591525],[136.9868465,35.0592382],[136.9863001,35.0594729],[136.9860046,35.0596285],[136.9856101,35.0598825],[136.9853534,35.0600478],[136.9846904,35.0604892],[136.9846743,35.0605005],[136.9844917,35.0606285],[136.9844243,35.0606758],[136.9841613,35.0608305],[136.9840839,35.0608634],[136.9840689,35.0608697],[136.9839408,35.0609241],[136.9836899,35.0610169],[136.9834773,35.0610958]]}},{"type":"Feature","properties":{"id":425647138,"name":"旧東海道","highway":"tertiary","role":null},"geometry":{"type":"LineString","coordinates":[[136.991587,35.0561421],[136.9914797,35.0562226]]}},{"type":"Feature","properties":{"id":427798579,"name":"旧東海道","highway":"unclassified","role":null},"geometry":{"type":"LineString","coordinates":[[139.6160918,35.4692089],[139.6158081,35.4690897],[139.6156555,35.4690542]]}},{"type":"Feature","properties":{"id":428939426,"name":"東海道","highway":"secondary","role":null},"geometry":{"type":"LineString","coordinates":[[138.0712282,34.7900298],[138.0710488,34.7895645],[138.0709055,34.7892355],[138.0707143,34.7888972],[138.0706836,34.7888536]]}},{"type":"Feature","properties":{"id":430414579,"name":"旧東海道","highway":"residential","role":null},"geometry":{"type":"LineString","coordinates":[[136.4857736,34.863573],[136.4857785,34.8635889],[136.4858476,34.8637282],[136.4858939,34.86381],[136.486022,34.86398],[136.4861415,34.8641025],[136.4862574,34.8642228],[136.4863998,34.8643566],[136.4865381,34.8644729],[136.4867756,34.8646401],[136.4870243,34.8648567],[136.4870625,34.8649005],[136.4871145,34.8649675],[136.4872131,34.8651022],[136.4872491,34.8651582],[136.4874137,34.8653986],[136.4874818,34.8655035],[136.4875669,34.8656793],[136.4876084,34.865756],[136.4876775,34.8658651],[136.4878768,34.8661163],[136.4881172,34.8663752]]}},{"type":"Feature","properties":{"id":430414580,"name":"旧東海道","highway":"residential","role":null},"geometry":{"type":"LineString","coordinates":[[136.4856718,34.8632773],[136.4857736,34.863573]]}},{"type":"Feature","properties":{"id":435735084,"name":"中央緑道","highway":"unclassified","role":null},"geometry":{"type":"LineString","coordinates":[[137.1673476,34.9584895],[137.1673165,34.9583992],[137.1671753,34.9579883]]}},{"type":"Feature","properties":{"id":435752445,"name":"木まち通り","highway":"tertiary","role":null},"geometry":{"type":"LineString","coordinates":[[137.160274,34.9616667],[137.1611334,34.961671],[137.1615297,34.9616507],[137.1621633,34.9616576]]}},{"type":"Feature","properties":{"id":436516869,"name":"旧東海道","highway":"tertiary","role":null},"geometry":{"type":"LineString","coordinates":[[137.1746252,34.9562879],[137.1740093,34.9564723]]}},{"type":"Feature","properties":{"id":437536344,"name":"東海道","highway":"trunk","role":null},"geometry":{"type":"LineString","coordinates":[[136.407015,34.8522295],[136.406959,34.8521607]]}},{"type":"Feature","properties":{"id":437536349,"name":"亀山城跡上野町線","highway":"secondary","role":null},"geometry":{"type":"LineString","coordinates":[[136.4582763,34.8535042],[136.4580783,34.8535039],[136.4579572,34.8535097],[136.4571602,34.8536195]]}},{"type":"Feature","properties":{"id":437536356,"name":"旧東海道","highway":"residential","role":null},"geometry":{"type":"LineString","coordinates":[[136.4834665,34.8586964],[136.4834973,34.8587858],[136.4835071,34.8589336],[136.4835075,34.8591951],[136.4835419,34.8593551],[136.4835479,34.8593828],[136.483606,34.8596026],[136.4836301,34.8596644],[136.4837028,34.8598512],[136.4838376,34.8600578],[136.4839363,34.8602312]]}},{"type":"Feature","properties":{"id":437536357,"name":"旧東海道","highway":"unclassified","role":null},"geometry":{"type":"LineString","coordinates":[[136.4881172,34.8663752],[136.4883231,34.8663015],[136.488483,34.8662331],[136.4886477,34.8661625],[136.4888752,34.8660578],[136.48893,34.8660466],[136.4890017,34.8660346]]}},{"type":"Feature","properties":{"id":437536360,"name":"旧東海道","highway":"unclassified","role":null},"geometry":{"type":"LineString","coordinates":[[136.5030532,34.8712484],[136.5032175,34.871232],[136.5034074,34.8712223],[136.5035328,34.871215],[136.504093,34.8712334],[136.5043089,34.8712399],[136.5044178,34.8712419],[136.5045425,34.8712363],[136.5046528,34.8712282],[136.5048052,34.8712522]]}},{"type":"Feature","properties":{"id":437536362,"name":"国道1号","highway":"trunk","role":null},"geometry":{"type":"LineString","coordinates":[[136.5287217,34.8865948],[136.5292175,34.887124],[136.5294454,34.8873371],[136.5297282,34.8875706],[136.5300426,34.8878187],[136.5305365,34.8881654],[136.5310946,34.8885165],[136.5314523,34.8887216],[136.5319848,34.8890404],[136.5322622,34.8892022],[136.5328405,34.8895401]]}},{"type":"Feature","properties":{"id":437536363,"name":"旧東海道","highway":"tertiary","role":null},"geometry":{"type":"LineString","coordinates":[[136.5287217,34.8865948],[136.5285435,34.8866847],[136.5280774,34.8869252],[136.5276743,34.8871398],[136.5274035,34.8873062],[136.5273188,34.8873497]]}},{"type":"Feature","properties":{"id":437536366,"name":"旧東海道","highway":"track","role":null},"geometry":{"type":"LineString","coordinates":[[136.5431826,34.893033],[136.543092,34.8928874]]}},{"type":"Feature","properties":{"id":437536367,"name":"旧東海道","highway":"unclassified","role":null},"geometry":{"type":"LineString","coordinates":[[136.543092,34.8928874],[136.542982,34.8928496],[136.5428549,34.8928012],[136.5426873,34.8927198],[136.5424731,34.892598],[136.5422884,34.8924738],[136.5422106,34.892385],[136.5421335,34.8922848],[136.5420374,34.8921354],[136.5419707,34.8920266]]}},{"type":"Feature","properties":{"id":437536369,"name":"旧東海道","highway":"track","role":null},"geometry":{"type":"LineString","coordinates":[[136.5442819,34.8929237],[136.544743,34.8929003]]}},{"type":"Feature","properties":{"id":437536370,"name":"旧東海道","highway":"track","role":null},"geometry":{"type":"LineString","coordinates":[[136.5464812,34.8939387],[136.5463429,34.8939125],[136.546226,34.8938994],[136.546169,34.8938835],[136.5461043,34.8938816],[136.5455177,34.8937467],[136.5454516,34.8937193],[136.545414,34.8936943],[136.5453753,34.8936624],[136.5452797,34.8934942],[136.545115,34.893229],[136.5449742,34.8930452],[136.5449038,34.8929528],[136.5448371,34.8928877],[136.544743,34.8929003]]}},{"type":"Feature","properties":{"id":437536371,"name":"旧東海道","highway":"path","role":null},"geometry":{"type":"LineString","coordinates":[[136.5475645,34.8947397],[136.54753,34.8946773],[136.5474695,34.8946206],[136.547203,34.8944889],[136.5471074,34.8944343],[136.5470415,34.8943788],[136.5469867,34.894337],[136.5468064,34.894308]]}},{"type":"Feature","properties":{"id":437536374,"name":"国道1号","highway":"trunk","role":null},"geometry":{"type":"LineString","coordinates":[[136.5410137,34.8906901],[136.5407316,34.8905541],[136.5404822,34.8904413],[136.540052,34.8902811],[136.5397486,34.8901884],[136.5394586,34.8901225],[136.5391473,34.8900757],[136.5389206,34.8900529],[136.538621,34.8900415],[136.5382556,34.8900463],[136.5378251,34.8900774],[136.5364193,34.8901884],[136.5358068,34.8902315],[136.5354018,34.8902484],[136.5351478,34.8902461],[136.5348742,34.8902347],[136.5346123,34.8901978],[136.5343466,34.8901392],[136.534147,34.8900824],[136.5339289,34.8900059],[136.5337001,34.8899057]]}},{"type":"Feature","properties":{"id":437536375,"name":"国道1号","highway":"trunk","role":null},"geometry":{"type":"LineString","coordinates":[[136.5505202,34.9094467],[136.5505927,34.9097462],[136.5506774,34.9100014],[136.5507833,34.9102326],[136.5509191,34.9104809],[136.5510013,34.9106065],[136.5511489,34.9107873],[136.5512976,34.910952],[136.5515877,34.911207],[136.5516843,34.9112863]]}},{"type":"Feature","properties":{"id":437536378,"name":"国道1号","highway":"trunk","role":null},"geometry":{"type":"LineString","coordinates":[[136.5517975,34.9112514],[136.5514621,34.9109627],[136.5512351,34.9107277],[136.5511021,34.9105459],[136.5509997,34.9104057],[136.5509282,34.9102925],[136.5508719,34.9101902],[136.5507669,34.9099693],[136.550689,34.9097258],[136.550641,34.9095032]]}},{"type":"Feature","properties":{"id":437536379,"name":"旧東海道","highway":"footway","role":null},"geometry":{"type":"LineString","coordinates":[[136.5606792,34.9145754],[136.5605863,34.9145424],[136.5603345,34.9145279],[136.560296,34.9145261],[136.5601238,34.9145637]]}},{"type":"Feature","properties":{"id":437536380,"name":"旧東海道","highway":"residential","role":null},"geometry":{"type":"LineString","coordinates":[[136.5601238,34.9145637],[136.5600957,34.914546],[136.5600006,34.9145325],[136.5596303,34.9144988],[136.5592405,34.9144477],[136.558542,34.9143463],[136.5583569,34.9143212],[136.5580266,34.914292],[136.5578027,34.9142565],[136.5577318,34.9142335],[136.557641,34.9141963],[136.5573709,34.9140606],[136.557115,34.9139278],[136.5565982,34.9136345],[136.5565023,34.9135841],[136.5560111,34.9133056],[136.5558123,34.913185],[136.5548148,34.912548],[136.5548046,34.9125415],[136.5544484,34.9123169],[136.5539858,34.9120153],[136.5537701,34.9118982],[136.5534535,34.9117362],[136.5532046,34.9116405],[136.5530666,34.9116033],[136.5523524,34.9113576]]}},{"type":"Feature","properties":{"id":437709341,"name":"国道1号","highway":"trunk","role":null},"geometry":{"type":"LineString","coordinates":[[136.5693565,34.9144132],[136.5699445,34.9144102],[136.5701956,34.9144118],[136.570348,34.9144236],[136.5705532,34.9144489],[136.5710299,34.9145326],[136.5714915,34.9146248],[136.5723691,34.9147917],[136.5729296,34.9149014],[136.5733254,34.9149798],[136.5738054,34.9150801]]}},{"type":"Feature","properties":{"id":437709343,"name":"国道1号","highway":"trunk","role":null},"geometry":{"type":"LineString","coordinates":[[136.5738415,34.9149986],[136.5729571,34.9148159],[136.5727127,34.9147705],[136.5723942,34.914711],[136.5715176,34.9145414],[136.5710539,34.9144516],[136.5705723,34.9143675],[136.5703439,34.914338],[136.570131,34.9143229],[136.5699394,34.9143177],[136.5696001,34.9143187],[136.5693531,34.9143188]]}},{"type":"Feature","properties":{"id":437709368,"name":"国道1号","highway":"trunk","role":null},"geometry":{"type":"LineString","coordinates":[[136.5984195,34.9367703],[136.5983381,34.9366179],[136.5983138,34.9365652],[136.5982921,34.936501],[136.5982661,34.9363918],[136.5982528,34.9362999],[136.5982339,34.9361341],[136.5982371,34.936024],[136.5982638,34.9358713]]}},{"type":"Feature","properties":{"id":437730641,"name":"旧東海道","highway":"tertiary","role":null},"geometry":{"type":"LineString","coordinates":[[136.6099775,34.9586873],[136.6098891,34.9586282],[136.6095042,34.9583677],[136.6094535,34.9583289],[136.609434,34.958314],[136.6090516,34.9580135],[136.6086511,34.9577055],[136.6082548,34.9573872],[136.6082278,34.9573646]]}},{"type":"Feature","properties":{"id":437730643,"name":"旧東海道","highway":"tertiary","role":null},"geometry":{"type":"LineString","coordinates":[[136.6100782,34.9587496],[136.6099775,34.9586873]]}},{"type":"Feature","properties":{"id":437730644,"name":"旧東海道","highway":"unclassified","role":null},"geometry":{"type":"LineString","coordinates":[[136.6212158,34.964514],[136.6211877,34.9644504]]}},{"type":"Feature","properties":{"id":437730646,"name":"旧東海道","highway":"residential","role":null},"geometry":{"type":"LineString","coordinates":[[136.6197242,34.9622232],[136.6196096,34.9620416],[136.6195781,34.9619916],[136.6195722,34.9619823],[136.6194766,34.9618455],[136.6193315,34.9616377],[136.6192548,34.9615316],[136.6191801,34.9614857],[136.6189006,34.9613128],[136.6186395,34.9611699],[136.618314,34.9610133],[136.6182055,34.9609615],[136.6177968,34.9608338],[136.6177681,34.9608259],[136.6175983,34.9607743],[136.616996,34.9605997],[136.6167069,34.9605167],[136.6165201,34.9604505],[136.6162989,34.9603793],[136.6161387,34.9603366],[136.6159212,34.9603374],[136.6155684,34.9603715],[136.6150749,34.9604184],[136.6140687,34.9605501],[136.613785,34.9605931]]}},{"type":"Feature","properties":{"id":437730652,"name":"旧東海道","highway":"pedestrian","role":null},"geometry":{"type":"LineString","coordinates":[[136.622927,34.967673],[136.622803,34.967571],[136.6227536,34.9674783],[136.6224668,34.9670064],[136.6224486,34.9669764],[136.6221329,34.966514]]}},{"type":"Feature","properties":{"id":437730653,"name":"旧東海道","highway":"unclassified","role":null},"geometry":{"type":"LineString","coordinates":[[136.6216342,34.965546],[136.6215359,34.965266],[136.6215266,34.9651961],[136.6215159,34.9651734],[136.6212183,34.9645413],[136.6212158,34.964514]]}},{"type":"Feature","properties":{"id":437730658,"name":"国道1号","highway":"trunk","role":null},"geometry":{"type":"LineString","coordinates":[[136.6343749,34.9859193],[136.6339623,34.9856037],[136.6337355,34.9854154],[136.6333577,34.9850619],[136.633049,34.9847799],[136.6327306,34.9845223],[136.6321605,34.9840627],[136.6320233,34.9839634],[136.6314148,34.9834123],[136.6312548,34.9832476],[136.6312434,34.9832358]]}},{"type":"Feature","properties":{"id":437730673,"name":"旧東海道","highway":"unclassified","role":null},"geometry":{"type":"LineString","coordinates":[[136.646907,34.9990082],[136.6469568,34.999047]]}},{"type":"Feature","properties":{"id":437730676,"name":"旧東海道","highway":"residential","role":null},"geometry":{"type":"LineString","coordinates":[[136.6498486,35.0034338],[136.6498445,35.0034261],[136.6497141,35.0031809],[136.6495922,35.0029616],[136.6493447,35.0024959],[136.6491983,35.0022047],[136.6491284,35.0020636],[136.6489592,35.0018223],[136.6487574,35.0015971],[136.6485557,35.0014051],[136.6484478,35.0012863],[136.6484287,35.0012661],[136.6482318,35.0010785],[136.6481139,35.0009675],[136.6479776,35.0008722],[136.6477529,35.0007298],[136.6474781,35.000558],[136.6474632,35.0005414],[136.6474562,35.0005184],[136.6474648,35.0004864],[136.6476953,35.0002523],[136.6478713,35.0000905],[136.6478874,35.0000767],[136.647942,35.0000318],[136.647977,35.0000014],[136.6479251,34.9999159],[136.6478132,34.9997974],[136.6477393,34.9997115],[136.6475777,34.9995203],[136.64751,34.9994536],[136.6473255,34.9993006],[136.647173,34.999191],[136.6471617,34.9991828],[136.647154,34.9991777],[136.6469568,34.999047]]}},{"type":"Feature","properties":{"id":437730677,"name":"旧東海道","highway":"unclassified","role":null},"geometry":{"type":"LineString","coordinates":[[136.6498794,35.0034937],[136.6498486,35.0034338]]}},{"type":"Feature","properties":{"id":437796018,"name":"旧東海道","highway":"residential","role":null},"geometry":{"type":"LineString","coordinates":[[136.651742,35.006725],[136.6514234,35.007008],[136.6510957,35.0072812],[136.6510073,35.007373],[136.6509622,35.0074377],[136.650947,35.0074646],[136.6509219,35.007544],[136.6509026,35.0076444],[136.6508956,35.0077],[136.65089,35.0078071],[136.6508952,35.0079409],[136.6508946,35.0081373],[136.6508853,35.0082671],[136.6508152,35.0087375],[136.6507889,35.0089244],[136.6507771,35.0090086],[136.6507613,35.0091155],[136.6507242,35.0093052],[136.6506972,35.0094361],[136.6506955,35.0095516],[136.6507175,35.0096687],[136.6508405,35.010074],[136.6508521,35.0101692],[136.6508266,35.0102449],[136.6507656,35.0104011]]}},{"type":"Feature","properties":{"id":437812321,"name":"旧東海道","highway":"residential","role":null},"geometry":{"type":"LineString","coordinates":[[136.6769577,35.0461343],[136.6772788,35.0464343],[136.6775752,35.0468084],[136.6777203,35.047214],[136.6777553,35.0473208],[136.677863,35.0476821],[136.6779066,35.0478613],[136.6779513,35.0480326],[136.6780353,35.0482835],[136.6781211,35.0484715],[136.6782093,35.0486725],[136.67829,35.0489035],[136.6783978,35.0492066],[136.6786259,35.0498992],[136.6786455,35.0499554],[136.6787724,35.050332],[136.6787985,35.0504163],[136.6788774,35.0506143],[136.6789848,35.0508641],[136.6789986,35.0508987],[136.6791776,35.0513406],[136.6793401,35.0516816],[136.6795475,35.0521432],[136.6797023,35.052486],[136.6799314,35.0530013],[136.6801498,35.0534955],[136.6801633,35.0535279],[136.6809766,35.0554928],[136.6810165,35.0555864],[136.6813925,35.0564838],[136.6814395,35.0565889],[136.6818897,35.0576139]]}},{"type":"Feature","properties":{"id":437812324,"name":"福島城南線","highway":"secondary","role":null},"geometry":{"type":"LineString","coordinates":[[136.6902371,35.055577],[136.6901982,35.0554535],[136.6901495,35.0552677]]}},{"type":"Feature","properties":{"id":437812325,"name":"旧東海道","highway":"residential","role":null},"geometry":{"type":"LineString","coordinates":[[136.6919273,35.0604359],[136.691223,35.0589375],[136.6910176,35.0585102],[136.6904774,35.0573568],[136.6903796,35.0571529],[136.6902225,35.0568255],[136.690194,35.0566868],[136.6901851,35.0562152],[136.6901957,35.0559184],[136.6902026,35.0557231],[136.6902371,35.055577]]}},{"type":"Feature","properties":{"id":437812326,"name":"旧東海道","highway":"residential","role":null},"geometry":{"type":"LineString","coordinates":[[136.691319,35.0612354],[136.6913752,35.0613119],[136.6916169,35.0617324]]}},{"type":"Feature","properties":{"id":437835273,"name":"旧東海道","highway":"unclassified","role":null},"geometry":{"type":"LineString","coordinates":[[136.9078344,35.1211349],[136.9075692,35.1208058],[136.9074786,35.1207676]]}},{"type":"Feature","properties":{"id":437844960,"name":"旧東海道","highway":"unclassified","role":null},"geometry":{"type":"LineString","coordinates":[[136.9282866,35.1142749],[136.9282709,35.114294]]}},{"type":"Feature","properties":{"id":437844961,"name":"旧東海道","highway":"unclassified","role":null},"geometry":{"type":"LineString","coordinates":[[136.9285067,35.1141111],[136.9283325,35.1142249],[136.9282866,35.1142749]]}},{"type":"Feature","properties":{"id":437844962,"name":"旧東海道","highway":"unclassified","role":null},"geometry":{"type":"LineString","coordinates":[[136.9331145,35.1008693],[136.9330484,35.1025932],[136.9330516,35.1030756],[136.933015,35.1042926],[136.933015,35.1043237],[136.9330159,35.1050989],[136.9330284,35.1052986],[136.9331999,35.1057574],[136.9332313,35.1058919],[136.9332737,35.1059877],[136.9336496,35.1067259],[136.9338795,35.1071306],[136.9338821,35.1072081],[136.933868,35.107294],[136.9336711,35.1076477],[136.9335706,35.107732],[136.9334428,35.1078524],[136.9333919,35.1079256],[136.9332602,35.1081151],[136.9329441,35.1084711],[136.9325939,35.1090173],[136.9325739,35.1090996],[136.9325266,35.1091908],[136.9324158,35.1094329],[136.9319724,35.1103873],[136.931824,35.110755],[136.9318167,35.110773],[136.9315766,35.1113163],[136.9315599,35.1113708],[136.9314405,35.1117593],[136.9313716,35.1119418],[136.931366,35.1119531],[136.9313172,35.1120513],[136.9312281,35.1121534],[136.9310839,35.1122939],[136.9309282,35.1124416],[136.9307555,35.1125583],[136.9304106,35.1127994],[136.9299845,35.113129],[136.9295138,35.1134429],[136.9294667,35.1134776],[136.9286751,35.1140046],[136.9285354,35.1140916],[136.9285067,35.1141111]]}},{"type":"Feature","properties":{"id":437844963,"name":"緑瑞穂線","highway":"secondary","role":null},"geometry":{"type":"LineString","coordinates":[[136.9331145,35.1008693],[136.933177,35.1008566],[136.9334439,35.1006558],[136.93357,35.1005587],[136.9336096,35.1005331],[136.933656,35.1005082],[136.9338484,35.1004051],[136.9341102,35.1002382],[136.9344866,35.1000224],[136.9347619,35.0998794],[136.9349645,35.0997777],[136.9350965,35.0997307],[136.9358696,35.099428],[136.9359056,35.0994001],[136.9359238,35.0993673],[136.9359595,35.0991241],[136.9359981,35.0990684],[136.9360452,35.0990478],[136.936204,35.0989725],[136.9362429,35.0989285],[136.9364202,35.0987281],[136.9364448,35.0987003],[136.9365065,35.0986461],[136.9367894,35.0983617],[136.9370083,35.0981183],[136.9376653,35.0973877],[136.9379154,35.0971002],[136.9381529,35.0968287],[136.9383081,35.096652],[136.9385503,35.0962992],[136.9387896,35.0958965],[136.9388799,35.0957315],[136.9390921,35.0953498],[136.9391383,35.0952558],[136.939348,35.0948954],[136.9393961,35.0948276],[136.9395662,35.0947291],[136.9398205,35.0946577],[136.940054,35.0946023],[136.940802,35.0944411]]}},{"type":"Feature","properties":{"id":437844965,"name":"国道1号","highway":"trunk","role":null},"geometry":{"type":"LineString","coordinates":[[136.9770347,35.0622154],[136.9767028,35.0623218],[136.976557,35.0623685],[136.9764223,35.0624117],[136.9757799,35.0626538],[136.9747859,35.0631879],[136.9746635,35.0632536],[136.9740937,35.0635592]]}},{"type":"Feature","properties":{"id":437844967,"name":"国道1号","highway":"trunk","role":null},"geometry":{"type":"LineString","coordinates":[[136.9834773,35.0610958],[136.9830618,35.0610438],[136.9830446,35.0610417],[136.9827128,35.0610002],[136.9822745,35.0608974],[136.9817179,35.0608123],[136.9813227,35.0608052],[136.9810925,35.0608303],[136.9809764,35.0608429],[136.9808024,35.0608864],[136.9807136,35.0609086],[136.9805624,35.0609595],[136.9803907,35.0610173]]}},{"type":"Feature","properties":{"id":437844968,"name":"旧東海道","highway":"tertiary","role":null},"geometry":{"type":"LineString","coordinates":[[136.9950879,35.0535381],[136.9949516,35.0535958],[136.9947905,35.053664],[136.9945363,35.0537716],[136.9942968,35.053873],[136.9941861,35.0539199],[136.9940456,35.0540035],[136.9938878,35.0540974],[136.9938366,35.0541421],[136.9935462,35.0543955],[136.9934166,35.054529],[136.9933605,35.0545867],[136.9929206,35.0550396],[136.9925334,35.0553924],[136.9923891,35.055524],[136.9920356,35.0557925],[136.9918389,35.0559419],[136.9917261,35.0560276],[136.991655,35.0560861],[136.991587,35.0561421]]}},{"type":"Feature","properties":{"id":437844969,"name":"国道1号","highway":"trunk","role":null},"geometry":{"type":"LineString","coordinates":[[137.0107933,35.0397399],[137.0104419,35.0401062],[137.0102818,35.0402738],[137.0102659,35.0402904],[137.0101144,35.0404471],[137.0099957,35.0405648],[137.0098852,35.0406642],[137.0094438,35.0411004],[137.0094268,35.0411171],[137.0090086,35.0415303]]}},{"type":"Feature","properties":{"id":437901309,"name":"第一京浜","highway":"trunk","role":null},"geometry":{"type":"LineString","coordinates":[[139.6345962,35.4744316],[139.6341293,35.4739135],[139.6333833,35.4730919],[139.6332889,35.4729881],[139.6324676,35.4721129],[139.6324014,35.4720449],[139.6323855,35.4720284]]}},{"type":"Feature","properties":{"id":438000664,"name":"第一京浜","highway":"trunk","role":null},"geometry":{"type":"LineString","coordinates":[[139.6356902,35.4757768],[139.6351059,35.4750173],[139.6346232,35.4744616],[139.6345962,35.4744316]]}},{"type":"Feature","properties":{"id":438085343,"name":"国道1号","highway":"trunk","role":null},"geometry":{"type":"LineString","coordinates":[[137.0260679,35.0247229],[137.026305,35.0245633],[137.0263771,35.024508],[137.0265069,35.0244138]]}},{"type":"Feature","properties":{"id":438085352,"name":"国道1号","highway":"trunk","role":null},"geometry":{"type":"LineString","coordinates":[[137.0264267,35.0243774],[137.0262782,35.0244907],[137.0259953,35.0246835]]}},{"type":"Feature","properties":{"id":438085355,"name":"旧東海道","highway":"tertiary","role":null},"geometry":{"type":"LineString","coordinates":[[137.0286412,35.0240256],[137.0286665,35.023996],[137.0287722,35.0238871]]}},{"type":"Feature","properties":{"id":438085359,"name":"国道1号","highway":"trunk","role":null},"geometry":{"type":"LineString","coordinates":[[137.0305189,35.02169],[137.0309647,35.0214162],[137.031438,35.0211012],[137.0323277,35.0205062],[137.0326998,35.0201638],[137.0327466,35.0201226],[137.033105,35.0197183],[137.0332712,35.0195305],[137.0336814,35.0190672],[137.0344998,35.0181429],[137.0346013,35.0180387],[137.0350621,35.0175653],[137.035159,35.0174801],[137.0362355,35.0165337],[137.0367824,35.0161162],[137.0369023,35.0160246]]}},{"type":"Feature","properties":{"id":438085367,"name":"旧東海道","highway":"unclassified","role":null},"geometry":{"type":"LineString","coordinates":[[137.0374548,35.0153081],[137.0373894,35.0153669],[137.0373089,35.0154642],[137.0371938,35.0155508],[137.0370453,35.015605],[137.036964,35.0156398]]}},{"type":"Feature","properties":{"id":438085368,"name":"旧東海道","highway":"tertiary","role":null},"geometry":{"type":"LineString","coordinates":[[137.0374548,35.0153081],[137.0375038,35.0152075],[137.0375801,35.0149979],[137.0375987,35.0149431]]}},{"type":"Feature","properties":{"id":438085369,"name":"旧東海道","highway":"unclassified","role":null},"geometry":{"type":"LineString","coordinates":[[137.0368762,35.0159288],[137.0369105,35.0158349],[137.0369349,35.015794],[137.0369586,35.0157311],[137.0369994,35.0156833],[137.0370518,35.0156559],[137.037116,35.0156356],[137.0371531,35.0156188],[137.0371886,35.0156027],[137.0372455,35.0155773],[137.0373004,35.0155391],[137.0373653,35.0154822],[137.0374323,35.0153835],[137.0374548,35.0153081]]}},{"type":"Feature","properties":{"id":438085373,"name":"旧東海道","highway":"unclassified","role":null},"geometry":{"type":"LineString","coordinates":[[137.0407684,35.0099542],[137.0405802,35.0095675],[137.0404485,35.0093314],[137.0404002,35.0092547]]}},{"type":"Feature","properties":{"id":439005737,"name":"知立東浦線","highway":"primary","role":null},"geometry":{"type":"LineString","coordinates":[[137.0432906,35.0072457],[137.0435201,35.0072337]]}},{"type":"Feature","properties":{"id":439005740,"name":"旧東海道","highway":"tertiary","role":null},"geometry":{"type":"LineString","coordinates":[[137.0536234,35.0039065],[137.0540301,35.0036678],[137.0543269,35.0035602]]}},{"type":"Feature","properties":{"id":439005741,"name":"国道1号","highway":"trunk","role":null},"geometry":{"type":"LineString","coordinates":[[137.1178928,34.9752846],[137.1182294,34.9750583],[137.118493,34.9748562],[137.1186943,34.9746778],[137.1189752,34.9743904],[137.1194008,34.9739255],[137.1198801,34.9733932],[137.1201687,34.9731062],[137.1202545,34.973027],[137.1204167,34.9728774],[137.1205602,34.9727726],[137.1206527,34.972705],[137.1210608,34.9724854],[137.1222331,34.9720516],[137.1231077,34.9717212],[137.1240105,34.9714119],[137.1241716,34.9713623],[137.1243087,34.9713185],[137.1244549,34.9712588],[137.1246282,34.971181],[137.1248273,34.9710803]]}},{"type":"Feature","properties":{"id":439005743,"name":"国道1号","highway":"trunk","role":null},"geometry":{"type":"LineString","coordinates":[[137.136663,34.9648773],[137.1358007,34.965201],[137.1350205,34.9655121],[137.1344436,34.9658212],[137.1339578,34.9661108],[137.1335346,34.9663932],[137.1334995,34.9664217],[137.132663,34.9671004],[137.1317501,34.9677264],[137.1313029,34.9680556],[137.1309477,34.9682789],[137.1307153,34.9683744],[137.1305535,34.9684238],[137.1293261,34.9687415],[137.1283766,34.9689807],[137.1281929,34.9690434],[137.1280957,34.9690766],[137.1276868,34.9692163],[137.1270305,34.9695189],[137.1267392,34.9696812],[137.1266592,34.9697301],[137.1260581,34.9701406],[137.1260434,34.970151],[137.1255902,34.9704727],[137.1250337,34.9708484],[137.1249087,34.9709414]]}},{"type":"Feature","properties":{"id":439005745,"name":"安城街道","highway":"unclassified","role":null},"geometry":{"type":"LineString","coordinates":[[137.136663,34.9648773],[137.1367453,34.9649459]]}},{"type":"Feature","properties":{"id":439005753,"name":"龍城通り","highway":"trunk","role":null},"geometry":{"type":"LineString","coordinates":[[137.1560379,34.9586451],[137.1567812,34.9585737],[137.1569198,34.9585562]]}},{"type":"Feature","properties":{"id":439005758,"name":"龍城通り","highway":"trunk","role":null},"geometry":{"type":"LineString","coordinates":[[137.156907,34.9584623],[137.1564323,34.9585187],[137.1561095,34.9585551],[137.1560241,34.9585615]]}},{"type":"Feature","properties":{"id":439005761,"name":"旧東海道","highway":"tertiary","role":null},"geometry":{"type":"LineString","coordinates":[[137.1579828,34.9601836],[137.1583556,34.9601815]]}},{"type":"Feature","properties":{"id":439005764,"name":"旧東海道","highway":"tertiary","role":null},"geometry":{"type":"LineString","coordinates":[[137.1573693,34.9602459],[137.1574719,34.9602325],[137.1578139,34.9601971],[137.1579129,34.9601869]]}},{"type":"Feature","properties":{"id":439005769,"name":"旧東海道","highway":"tertiary","role":null},"geometry":{"type":"LineString","coordinates":[[137.162127,34.9602769],[137.1627913,34.9602917],[137.1631798,34.9602987]]}},{"type":"Feature","properties":{"id":439005770,"name":"旧東海道","highway":"residential","role":null},"geometry":{"type":"LineString","coordinates":[[137.1630883,34.9595564],[137.1631406,34.9599289],[137.1631798,34.9602987]]}},{"type":"Feature","properties":{"id":439005773,"name":"旧東海道","highway":"footway","role":null},"geometry":{"type":"LineString","coordinates":[[137.1671972,34.9596527],[137.1672334,34.9595738],[137.1672499,34.9595376],[137.1671898,34.9586205]]}},{"type":"Feature","properties":{"id":439005775,"name":"中央緑道","highway":"unclassified","role":null},"geometry":{"type":"LineString","coordinates":[[137.1669477,34.958028],[137.1670962,34.9584634],[137.1671259,34.9585586]]}},{"type":"Feature","properties":{"id":439005776,"name":"伝馬通り","highway":"tertiary","role":null},"geometry":{"type":"LineString","coordinates":[[137.1690709,34.9579675],[137.1705353,34.9575302]]}},{"type":"Feature","properties":{"id":439005777,"name":"旧東海道","highway":"tertiary","role":null},"geometry":{"type":"LineString","coordinates":[[137.1759452,34.955881],[137.1753925,34.9560507],[137.1747597,34.9562475],[137.1746252,34.9562879]]}},{"type":"Feature","properties":{"id":439005779,"name":"旧東海道","highway":"tertiary","role":null},"geometry":{"type":"LineString","coordinates":[[137.1813808,34.9516834],[137.1815867,34.9520701],[137.1816579,34.9521919],[137.1818595,34.9525627]]}},{"type":"Feature","properties":{"id":439005781,"name":"旧東海道","highway":"unclassified","role":null},"geometry":{"type":"LineString","coordinates":[[137.1861291,34.9480862],[137.1863268,34.9480117],[137.1868625,34.9474965],[137.1868826,34.9473313]]}},{"type":"Feature","properties":{"id":439005782,"name":"国道1号","highway":"trunk","role":null},"geometry":{"type":"LineString","coordinates":[[137.1868826,34.9473313],[137.1871924,34.9471816],[137.1872226,34.9471717],[137.1874688,34.9470452],[137.1882705,34.9465397],[137.1886156,34.9462453],[137.1887076,34.9461486],[137.1887784,34.9460741],[137.188897,34.9459494],[137.1898803,34.9447199],[137.1901536,34.9443722],[137.1903555,34.9441029],[137.1904663,34.9439625],[137.1915453,34.9425908]]}},{"type":"Feature","properties":{"id":439005786,"name":"国道1号","highway":"trunk","role":null},"geometry":{"type":"LineString","coordinates":[[137.1913756,34.9426737],[137.1912702,34.942802],[137.191193,34.942896],[137.1906563,34.94359],[137.190467,34.943811],[137.1903697,34.9439395],[137.190199,34.944165],[137.1897029,34.9447845],[137.1886691,34.9459987],[137.1884651,34.9461999],[137.1882733,34.9463648],[137.1877884,34.9467115],[137.1876791,34.9467826],[137.1875591,34.9468542],[137.187393,34.9469362]]}},{"type":"Feature","properties":{"id":439005788,"name":"旧東海道","highway":"track","role":null},"geometry":{"type":"LineString","coordinates":[[137.1949845,34.9350817],[137.1950778,34.9349475],[137.1951643,34.9347657],[137.1952341,34.934604],[137.1952892,34.9345086]]}},{"type":"Feature","properties":{"id":439005791,"name":"国道1号","highway":"trunk","role":null},"geometry":{"type":"LineString","coordinates":[[137.2029056,34.9243491],[137.2029783,34.9242728],[137.2045475,34.9226418],[137.2064862,34.9206611],[137.2075995,34.9195376],[137.2079005,34.9192457],[137.2081976,34.9189845],[137.2085447,34.9187246],[137.2088845,34.9184907],[137.2090619,34.9183728]]}},{"type":"Feature","properties":{"id":439005792,"name":"国道1号","highway":"trunk","role":null},"geometry":{"type":"LineString","coordinates":[[137.2089986,34.9183117],[137.2081232,34.918928],[137.2078891,34.919148],[137.2073874,34.919604],[137.2064045,34.9206179],[137.2044913,34.9225932],[137.2037181,34.9233795],[137.2028242,34.924303]]}},{"type":"Feature","properties":{"id":439009691,"name":"旧東海道","highway":"unclassified","role":null},"geometry":{"type":"LineString","coordinates":[[137.1671972,34.9596527],[137.1670588,34.9596534],[137.1663523,34.959642],[137.1656671,34.9596231],[137.164906,34.9596039],[137.1638963,34.9595737]]}},{"type":"Feature","properties":{"id":439009694,"name":"旧東海道","highway":"unclassified","role":null},"geometry":{"type":"LineString","coordinates":[[137.1584253,34.9619335],[137.1584127,34.9614872],[137.1584042,34.9613431],[137.1583737,34.9608286],[137.1583981,34.9602437],[137.158403,34.9601824]]}},{"type":"Feature","properties":{"id":439009704,"name":"国道1号","highway":"trunk","role":null},"geometry":{"type":"LineString","coordinates":[[137.0368762,35.0159288],[137.0367065,35.0160449],[137.0363169,35.0163424],[137.0356221,35.0169362],[137.0349942,35.0175304],[137.0344434,35.0180711],[137.0335007,35.019131],[137.032622,35.0200977],[137.0322443,35.0204593]]}},{"type":"Feature","properties":{"id":439009717,"name":"大野名坂線","highway":"secondary","role":null},"geometry":{"type":"LineString","coordinates":[[136.2001116,34.9577239],[136.1999126,34.9577276],[136.1997441,34.9577418],[136.1994538,34.9578055],[136.1993567,34.9578306],[136.1987078,34.9579988]]}},{"type":"Feature","properties":{"id":439009727,"name":"栗東信楽線","highway":"primary","role":null},"geometry":{"type":"LineString","coordinates":[[136.0200858,35.0260354],[136.0202957,35.0260792],[136.0204954,35.0261098],[136.0206985,35.0261257],[136.0209104,35.0261423]]}},{"type":"Feature","properties":{"id":439009734,"name":"大津能登川長浜線","highway":"primary","role":null},"geometry":{"type":"LineString","coordinates":[[135.9104397,34.9728993],[135.9102498,34.9728863],[135.9102139,34.9728838]]}},{"type":"Feature","properties":{"id":439128822,"name":"国道1号","highway":"trunk","role":null},"geometry":{"type":"LineString","coordinates":[[137.2351697,34.9034375],[137.2349266,34.9038018],[137.2345916,34.9043072],[137.2343577,34.9046629],[137.2341212,34.9049969],[137.2339135,34.9052426],[137.2337086,34.9054528],[137.2334812,34.9056532],[137.2333577,34.9057599],[137.2331264,34.9059312],[137.232978,34.9060336],[137.23258,34.9062947],[137.2313286,34.9069554],[137.2308157,34.9072403],[137.2306334,34.9073415],[137.2305311,34.9074109],[137.2303996,34.9075],[137.2301772,34.9076756],[137.22996,34.907876]]}},{"type":"Feature","properties":{"id":439128823,"name":"旧東海道","highway":"footway","role":null},"geometry":{"type":"LineString","coordinates":[[137.2457888,34.8983719],[137.2459967,34.8983542],[137.2460724,34.8982741]]}},{"type":"Feature","properties":{"id":439128824,"name":"国道1号","highway":"trunk","role":null},"geometry":{"type":"LineString","coordinates":[[137.2460724,34.8982741],[137.2464466,34.8982181],[137.24681,34.8981445],[137.2473581,34.8980006],[137.247817,34.8978369],[137.2481861,34.8976818],[137.2494946,34.8970865],[137.2502305,34.8967715],[137.2507614,34.8965193],[137.2511766,34.8963382],[137.2521011,34.8958251],[137.2524775,34.8956162],[137.2531582,34.8952691],[137.2534526,34.8951696],[137.2537322,34.8950888]]}},{"type":"Feature","properties":{"id":439128848,"name":"国道1号","highway":"trunk","role":null},"geometry":{"type":"LineString","coordinates":[[137.264571,34.8881611],[137.2646001,34.8879515],[137.2646689,34.8876084],[137.2647753,34.8870254]]}},{"type":"Feature","properties":{"id":439128849,"name":"国道1号","highway":"trunk","role":null},"geometry":{"type":"LineString","coordinates":[[137.2772643,34.8754683],[137.2769165,34.8756566],[137.2765299,34.8758926],[137.2759781,34.8762968],[137.2750627,34.877063],[137.2746303,34.8773814],[137.2741114,34.8777653],[137.2737401,34.8780396],[137.2731035,34.8784445],[137.2722233,34.8789876],[137.2717339,34.8792766],[137.271181,34.8796188],[137.2705224,34.8799988],[137.2700823,34.8802766],[137.2698192,34.880461],[137.2694213,34.8807829],[137.268482,34.8815695],[137.2680272,34.8819668],[137.2674458,34.8825249],[137.2672263,34.8827168],[137.266404,34.8834469],[137.2658551,34.8839486],[137.2656498,34.8841606],[137.2655361,34.8843062],[137.2653769,34.8845291],[137.2652462,34.8847584],[137.2651142,34.8850239],[137.265038,34.885233],[137.2649698,34.8854627],[137.2648597,34.8858308],[137.2648118,34.8860726],[137.264734,34.8864311],[137.2646446,34.8869959]]}},{"type":"Feature","properties":{"id":439128851,"name":"長沢国府線","highway":"secondary","role":null},"geometry":{"type":"LineString","coordinates":[[137.2789147,34.8745502],[137.2789134,34.8745245],[137.2790472,34.8744632],[137.2791485,34.8744478],[137.2791982,34.8744402],[137.2793451,34.8744039],[137.2794614,34.8743033],[137.2796811,34.8740978],[137.2798494,34.8739218],[137.2799753,34.8737949],[137.2800701,34.8737213],[137.2800965,34.8737075]]}},{"type":"Feature","properties":{"id":439128852,"name":"長沢国府線","highway":"secondary","role":null},"geometry":{"type":"LineString","coordinates":[[137.3110541,34.8522664],[137.310875,34.8526203],[137.310774,34.8529496],[137.3106973,34.8533751],[137.3106388,34.8535334],[137.3105062,34.8537712],[137.3100856,34.8542904],[137.3099369,34.8544339],[137.3099248,34.8544456],[137.3097574,34.854572],[137.3094945,34.8547583],[137.3093262,34.8548936],[137.3086007,34.8554719],[137.3080949,34.8558764],[137.3080417,34.8559189],[137.3079854,34.8559685],[137.3078387,34.8560977],[137.3076343,34.8562862],[137.3071391,34.8567253],[137.307065,34.8567825],[137.3070368,34.8568041],[137.3069234,34.8568913],[137.3065849,34.8571423],[137.3063476,34.8573382],[137.3058227,34.8577731],[137.3052994,34.8582095],[137.3050595,34.8583746],[137.3047419,34.8586437],[137.3046607,34.8587437],[137.3045205,34.8589833],[137.3043035,34.8592957],[137.3037098,34.8600409],[137.3036627,34.8601],[137.3033907,34.8605006],[137.3030777,34.8608497],[137.3029695,34.8609829],[137.3028987,34.8610854]]}},{"type":"Feature","properties":{"id":439128854,"name":"旧東海道","highway":"unclassified","role":null},"geometry":{"type":"LineString","coordinates":[[137.3170214,34.8435693],[137.3171,34.8436135],[137.3177458,34.8439803],[137.3180219,34.8441371]]}},{"type":"Feature","properties":{"id":439128857,"name":"国道1号","highway":"trunk","role":null},"geometry":{"type":"LineString","coordinates":[[137.3298921,34.832494],[137.3302644,34.8319663],[137.3305133,34.8316484],[137.3308291,34.8312754],[137.3310599,34.8310343],[137.3312466,34.8308751],[137.3316335,34.830593]]}},{"type":"Feature","properties":{"id":439128858,"name":"旧東海道","highway":"residential","role":null},"geometry":{"type":"LineString","coordinates":[[137.3320111,34.8303533],[137.3321151,34.8303751],[137.3322618,34.8303306],[137.332605,34.830249],[137.3330751,34.8301594],[137.3332,34.8301286],[137.3335226,34.8300464],[137.3338015,34.8300034]]}},{"type":"Feature","properties":{"id":439128867,"name":"国道1号","highway":"trunk","role":null},"geometry":{"type":"LineString","coordinates":[[137.3319583,34.8302999],[137.3315741,34.8305272]]}},{"type":"Feature","properties":{"id":439128869,"name":"旧東海道","highway":"track","role":null},"geometry":{"type":"LineString","coordinates":[[137.3370812,34.8282129],[137.3368613,34.8284837],[137.3366413,34.8286818],[137.3363998,34.8288832]]}},{"type":"Feature","properties":{"id":439128870,"name":"白鳥豊橋線","highway":"secondary","role":null},"geometry":{"type":"LineString","coordinates":[[137.3373922,34.8276759],[137.3373759,34.8277147],[137.3373655,34.8277696],[137.3374181,34.8278425],[137.3374799,34.8279054]]}},{"type":"Feature","properties":{"id":439128872,"name":"旧東海道","highway":"tertiary","role":null},"geometry":{"type":"LineString","coordinates":[[137.3834029,34.7713448],[137.3835438,34.7713199],[137.3840759,34.7712259],[137.3846962,34.7711252],[137.385152,34.7710507],[137.3852382,34.7710366],[137.3863348,34.7708595],[137.3864553,34.7708436]]}},{"type":"Feature","properties":{"id":439128873,"name":"白鳥豊橋線","highway":"secondary","role":null},"geometry":{"type":"LineString","coordinates":[[137.3834029,34.7713448],[137.3834386,34.7714647],[137.3835171,34.7717148]]}},{"type":"Feature","properties":{"id":439128875,"name":"旧東海道","highway":"tertiary","role":null},"geometry":{"type":"LineString","coordinates":[[137.3859691,34.7675782],[137.386076,34.767554],[137.3866428,34.7674258],[137.387084,34.7673291],[137.3879082,34.7671483],[137.3880046,34.7671272],[137.3880891,34.7671021],[137.3888191,34.7668851],[137.3891428,34.7667875],[137.3896198,34.7666366],[137.3901256,34.7664809],[137.3902515,34.7664422]]}},{"type":"Feature","properties":{"id":439128876,"name":"旧東海道","highway":"tertiary","role":null},"geometry":{"type":"LineString","coordinates":[[137.3932622,34.7655019],[137.3929153,34.7656088],[137.3928058,34.7656425],[137.3927191,34.7656707],[137.3918143,34.7659651],[137.3914499,34.7660836],[137.3913682,34.7661102],[137.3912707,34.7661382],[137.3905445,34.7663472],[137.3904095,34.766386],[137.3903447,34.7664105],[137.390315,34.7664206],[137.3902515,34.7664422]]}},{"type":"Feature","properties":{"id":439128878,"name":"旧東海道","highway":"tertiary","role":null},"geometry":{"type":"LineString","coordinates":[[137.3934495,34.7659673],[137.3948941,34.7656385],[137.3949558,34.7656245],[137.3950886,34.7655919],[137.3951492,34.7655782],[137.3969354,34.7651745],[137.3969949,34.765161],[137.3970608,34.7651463],[137.3975096,34.7650462],[137.3983218,34.7648645],[137.3988583,34.7647811]]}},{"type":"Feature","properties":{"id":439128883,"name":"旧東海道","highway":"tertiary","role":null},"geometry":{"type":"LineString","coordinates":[[137.3995928,34.7652612],[137.3996547,34.7653352],[137.399731,34.7654868],[137.3997793,34.7656862],[137.3998742,34.7658268]]}},{"type":"Feature","properties":{"id":439128887,"name":"国道1号","highway":"trunk","role":null},"geometry":{"type":"LineString","coordinates":[[137.3998973,34.7659384],[137.3999553,34.7659047],[137.4000037,34.7658751],[137.4000917,34.7658216],[137.40138,34.7650297],[137.4015374,34.7649381],[137.4024483,34.7643805],[137.4029249,34.7640773],[137.4034584,34.7636818],[137.4037729,34.7633945],[137.4042379,34.7628969],[137.4049004,34.7621606],[137.4053076,34.761757],[137.4065863,34.7603745],[137.4067871,34.7601613],[137.4073679,34.7594777],[137.4086307,34.7581628],[137.4087389,34.7580317],[137.4088111,34.7579442],[137.408882,34.7578385],[137.4091483,34.7574412],[137.4097329,34.7565506]]}},{"type":"Feature","properties":{"id":439128889,"name":"国道1号","highway":"trunk","role":null},"geometry":{"type":"LineString","coordinates":[[137.4137962,34.7474885],[137.4137324,34.7476976],[137.4136075,34.7481038],[137.4132226,34.7493559],[137.4126567,34.7512029],[137.412545,34.7515613],[137.4125114,34.7516666]]}},{"type":"Feature","properties":{"id":439140814,"name":"旧東海道","highway":"unclassified","role":null},"geometry":{"type":"LineString","coordinates":[[137.4596616,34.7207872],[137.4595891,34.7208238],[137.459204,34.7211014],[137.4589668,34.7212673]]}},{"type":"Feature","properties":{"id":439140815,"name":"旧東海道","highway":"unclassified","role":null},"geometry":{"type":"LineString","coordinates":[[137.4589668,34.7212673],[137.4585825,34.7216031]]}},{"type":"Feature","properties":{"id":439140816,"name":"国道1号","highway":"trunk","role":null},"geometry":{"type":"LineString","coordinates":[[137.4601969,34.7203515],[137.4604291,34.7202873],[137.4609822,34.7200719],[137.4615935,34.7197848],[137.4630398,34.719026],[137.4636457,34.7187081],[137.4657704,34.7175686]]}},{"type":"Feature","properties":{"id":439140818,"name":"東海道","highway":"secondary","role":null},"geometry":{"type":"LineString","coordinates":[[137.4952761,34.6945497],[137.4951237,34.6946155],[137.4949423,34.6946742],[137.4949078,34.6946854],[137.4947688,34.6947087],[137.4937495,34.6948677],[137.4929155,34.694991],[137.492579,34.6950155],[137.4923483,34.6950379],[137.4918391,34.6950845],[137.4914067,34.6951419],[137.4912727,34.6951557],[137.4911733,34.6951659],[137.4906999,34.6952122],[137.4905411,34.6952329]]}},{"type":"Feature","properties":{"id":439140824,"name":"東海道","highway":"secondary","role":null},"geometry":{"type":"LineString","coordinates":[[137.5576494,34.6871564],[137.5568916,34.6869182],[137.5567718,34.6868786],[137.5564235,34.6867721],[137.5562536,34.6867201],[137.5559741,34.6866373],[137.5557705,34.6865769],[137.5557373,34.6865671]]}},{"type":"Feature","properties":{"id":439140825,"name":"旧東海道","highway":"unclassified","role":null},"geometry":{"type":"LineString","coordinates":[[137.5581153,34.6889372],[137.5579955,34.6888765],[137.5578457,34.6888086],[137.5573161,34.6885852],[137.5572737,34.6885372],[137.5572838,34.6884685],[137.5573081,34.6883965],[137.5574141,34.6880245],[137.5574724,34.6878685],[137.55757,34.687412],[137.557637,34.687193],[137.5576494,34.6871564]]}},{"type":"Feature","properties":{"id":444883580,"name":"富士由比線","highway":"secondary","role":null},"geometry":{"type":"LineString","coordinates":[[138.5959982,35.1168458],[138.5958708,35.1168151]]}},{"type":"Feature","properties":{"id":444883581,"name":"富士由比線","highway":"secondary","role":null},"geometry":{"type":"LineString","coordinates":[[138.5958708,35.1168151],[138.5954281,35.1167086],[138.5950966,35.1166252],[138.5949415,35.1165966],[138.594814,35.116576],[138.5946671,35.1165518],[138.5943652,35.1165],[138.5943084,35.1164899],[138.5938333,35.1164059],[138.5935266,35.1163557],[138.5934002,35.1163381],[138.592731,35.116243],[138.5926164,35.1162237],[138.592177,35.1161496],[138.5918608,35.1160853],[138.5914263,35.116006],[138.591212,35.1159593],[138.5910868,35.1159352],[138.5907091,35.1158508],[138.5901909,35.1157332],[138.5900205,35.1157006],[138.5897492,35.1156539],[138.5893503,35.1156088],[138.5886791,35.1155196],[138.588567,35.115504],[138.5876539,35.1153669],[138.5870806,35.1152709],[138.5867021,35.1152192],[138.5855045,35.1150898],[138.5850192,35.1150135],[138.5843375,35.1149071],[138.5838961,35.1148634],[138.5836765,35.1148512],[138.5832919,35.114815],[138.5829478,35.114768],[138.5828604,35.114755],[138.582017,35.1146103],[138.5813544,35.1145011],[138.5812408,35.1144819],[138.5806331,35.1143525],[138.5804979,35.1143156],[138.580492,35.1143144]]}},{"type":"Feature","properties":{"id":446424411,"name":"旧東海道","highway":"unclassified","role":null},"geometry":{"type":"LineString","coordinates":[[135.8527596,34.994401],[135.8528568,34.9944238],[135.8529995,34.9944531],[135.8531271,34.9944744],[135.8533307,34.9944971],[135.8534789,34.9945113],[135.8535741,34.994513],[135.8536222,34.9945138],[135.8538943,34.9944989],[135.8540254,34.9944764],[135.8542487,34.9944278],[135.8547811,34.9942989],[135.8549756,34.9942542],[135.8550757,34.9942349],[135.8551154,34.9942288],[135.8551821,34.9942185],[135.8552941,34.994207],[135.855343,34.9942015],[135.8553732,34.9941905],[135.8553975,34.9941725],[135.8554579,34.9941132]]}},{"type":"Feature","properties":{"id":446424412,"name":"旧東海道","highway":"footway","role":null},"geometry":{"type":"LineString","coordinates":[[135.8527596,34.994401],[135.8527668,34.9943768]]}},{"type":"Feature","properties":{"id":446424413,"name":"旧東海道","highway":"footway","role":null},"geometry":{"type":"LineString","coordinates":[[135.8525874,34.9943403],[135.8526186,34.9941308]]}},{"type":"Feature","properties":{"id":446424414,"name":"旧東海道","highway":"steps","role":null},"geometry":{"type":"LineString","coordinates":[[135.8526186,34.9941308],[135.8524438,34.9941039]]}},{"type":"Feature","properties":{"id":446424415,"name":"旧東海道","highway":"footway","role":null},"geometry":{"type":"LineString","coordinates":[[135.8524438,34.9941039],[135.8523913,34.9940966],[135.8522699,34.9940614],[135.8520339,34.9939785],[135.8518635,34.9938966],[135.8517576,34.9938351],[135.8513962,34.9935879],[135.8512111,34.9934665],[135.849982,34.9926244],[135.8496199,34.992397],[135.8493222,34.9922377],[135.849072,34.9921179],[135.8486871,34.991958],[135.8486147,34.9919339],[135.8483271,34.9918377],[135.8473192,34.9915614],[135.8464408,34.9913241],[135.8458976,34.9911758],[135.8446518,34.9908627],[135.8423987,34.9903177],[135.8421143,34.9902403],[135.8418556,34.9901705],[135.8417335,34.9901507],[135.8415311,34.9901299]]}},{"type":"Feature","properties":{"id":446424416,"name":"旧東海道","highway":"steps","role":null},"geometry":{"type":"LineString","coordinates":[[135.8527668,34.9943768],[135.8525874,34.9943403]]}},{"type":"Feature","properties":{"id":447849626,"name":"連雀通り","highway":"primary","role":null},"geometry":{"type":"LineString","coordinates":[[138.0165186,34.7729383],[138.0164165,34.7729322],[138.0153723,34.7728815],[138.0152613,34.7728747]]}},{"type":"Feature","properties":{"id":448717682,"name":"東海道","highway":"tertiary","role":null},"geometry":{"type":"LineString","coordinates":[[137.6083394,34.6846592],[137.6083339,34.6846768],[137.6083124,34.6847276],[137.608286,34.6847899],[137.6081165,34.6851904],[137.6080467,34.6853552],[137.6079641,34.6855502],[137.6078856,34.6857149]]}},{"type":"Feature","properties":{"id":448717685,"name":"東海道","highway":"trunk","role":null},"geometry":{"type":"LineString","coordinates":[[137.722028,34.6962961],[137.7214732,34.6961353],[137.7214178,34.6961163],[137.7213636,34.6960952],[137.7213106,34.696072],[137.721259,34.6960468],[137.721209,34.6960196],[137.721145,34.6959928],[137.72105,34.6959809]]}},{"type":"Feature","properties":{"id":448717686,"name":"旧東海道","highway":"tertiary","role":null},"geometry":{"type":"LineString","coordinates":[[137.7247416,34.699506],[137.724752,34.699465],[137.7246545,34.6993763],[137.7245614,34.6992916],[137.7243013,34.6990548],[137.7240341,34.6988116],[137.7236057,34.6984217],[137.7235246,34.6983479],[137.7234952,34.6983211],[137.723488,34.6983143],[137.7232306,34.6980734],[137.7230561,34.6978999],[137.7229415,34.697786],[137.7227923,34.6976377],[137.7227454,34.697591],[137.722493,34.6973401],[137.7220634,34.696937],[137.7219166,34.6967992],[137.7218864,34.6967628],[137.7218698,34.6967208],[137.7218681,34.6966768],[137.72188,34.6966388],[137.7218815,34.6966341],[137.7219604,34.6964502],[137.7219903,34.6963805]]}},{"type":"Feature","properties":{"id":448717687,"name":"雄踏街道","highway":"primary","role":null},"geometry":{"type":"LineString","coordinates":[[137.724718,34.6995983],[137.7248723,34.6996249],[137.7251195,34.6996676],[137.7257893,34.6997831],[137.7265567,34.6999154],[137.7268183,34.6999605],[137.7269025,34.699975],[137.726971,34.6999835],[137.7270348,34.6999849]]}},{"type":"Feature","properties":{"id":448717688,"name":"旧東海道","highway":"tertiary","role":null},"geometry":{"type":"LineString","coordinates":[[137.724718,34.6995983],[137.7247416,34.699506]]}},{"type":"Feature","properties":{"id":449151541,"name":"東海道","highway":"secondary","role":null},"geometry":{"type":"LineString","coordinates":[[137.9963943,34.7758247],[137.996334,34.7758137]]}},{"type":"Feature","properties":{"id":451278367,"name":"第一京浜","highway":"trunk","role":null},"geometry":{"type":"LineString","coordinates":[[139.7247438,35.5612311],[139.7247204,35.5612015],[139.7246618,35.5611282],[139.7246016,35.5610507],[139.7244343,35.5608352],[139.7239534,35.5602209]]}},{"type":"Feature","properties":{"id":451278389,"name":"第一京浜","highway":"trunk","role":null},"geometry":{"type":"LineString","coordinates":[[139.7180578,35.5526325],[139.7181282,35.5527194],[139.7182508,35.5528768],[139.7183331,35.5529898],[139.7183991,35.5530878],[139.718666,35.5534784],[139.7188101,35.5537096],[139.7189198,35.5538777],[139.7190355,35.5540426],[139.7190725,35.5540977],[139.7192912,35.5543863],[139.7193183,35.5544197],[139.7193645,35.5544765],[139.7194204,35.5545446],[139.7196083,35.5548026],[139.7197446,35.5549773],[139.7200403,35.5553636],[139.720251,35.555637],[139.7202951,35.5556943],[139.7203431,35.5557608]]}},{"type":"Feature","properties":{"id":451278411,"name":"旧東海道","highway":"trunk_link","role":null},"geometry":{"type":"LineString","coordinates":[[139.7203431,35.5557608],[139.7203852,35.555878],[139.7206729,35.5562959],[139.7208467,35.5565212],[139.7210325,35.5567766],[139.7212389,35.5570589]]}},{"type":"Feature","properties":{"id":451278414,"name":"旧東海道","highway":"trunk_link","role":null},"geometry":{"type":"LineString","coordinates":[[139.7223563,35.5580317],[139.7222831,35.557929],[139.7222053,35.5578167],[139.7221176,35.5576944],[139.7220226,35.5575709],[139.7219637,35.5574895],[139.7218732,35.5573753],[139.7216871,35.5571511],[139.7214828,35.5568822],[139.7213467,35.5566983],[139.7212014,35.5565201],[139.7210599,35.5563578],[139.7210508,35.5563473],[139.7209132,35.5561937],[139.7207475,35.5559823],[139.7206217,35.5558233],[139.7205852,35.5557776],[139.7204683,35.5557089]]}},{"type":"Feature","properties":{"id":455721778,"name":"旧東海道","highway":"unclassified","role":null},"geometry":{"type":"LineString","coordinates":[[137.8127943,34.7371391],[137.8128586,34.7371193],[137.8130114,34.7370514],[137.8130509,34.7370339]]}},{"type":"Feature","properties":{"id":455721780,"name":"旧東海道","highway":"residential","role":null},"geometry":{"type":"LineString","coordinates":[[137.8136848,34.7308165],[137.8137436,34.7308697]]}},{"type":"Feature","properties":{"id":455721782,"name":"旧東海道","highway":"unclassified","role":null},"geometry":{"type":"LineString","coordinates":[[137.8133555,34.7338759],[137.8134629,34.7335971],[137.813487,34.7334207],[137.8134796,34.7332978],[137.8134763,34.7332444],[137.8133637,34.7326691],[137.8133449,34.7325015],[137.8133342,34.7323561],[137.8133503,34.7316904],[137.8133663,34.7315823]]}},{"type":"Feature","properties":{"id":455886393,"name":"磐田停車場線","highway":"primary","role":null},"geometry":{"type":"LineString","coordinates":[[137.8526139,34.7211211],[137.8526153,34.7208306],[137.8526131,34.7204359],[137.8526253,34.7188564],[137.8526259,34.7187672],[137.8526011,34.7181743],[137.8525883,34.7178722],[137.8525581,34.7171633],[137.8525342,34.7167742],[137.8525193,34.7165318],[137.8525155,34.7164123],[137.8524535,34.7154876],[137.8524194,34.7149804],[137.8524167,34.7149346],[137.8523741,34.7142175],[137.852303,34.7133684],[137.8522659,34.7127641],[137.8522423,34.7124121],[137.8521948,34.7117295]]}},{"type":"Feature","properties":{"id":455886395,"name":"磐田天竜線","highway":"primary","role":null},"geometry":{"type":"LineString","coordinates":[[137.8531309,34.7260227],[137.8532032,34.725928],[137.8532575,34.7258292],[137.8532971,34.7257352],[137.8533269,34.7256413],[137.8533421,34.7255463],[137.8533436,34.7254948],[137.8533446,34.7254623],[137.8533467,34.7253946],[137.8533349,34.725196],[137.8532239,34.7245615],[137.8531046,34.7238773]]}},{"type":"Feature","properties":{"id":455898152,"name":"第一京浜","highway":"trunk","role":null},"geometry":{"type":"LineString","coordinates":[[139.7248593,35.5613851],[139.7247533,35.5612431],[139.7247438,35.5612311]]}},{"type":"Feature","properties":{"id":459359299,"name":"旧東海道","highway":"path","role":null},"geometry":{"type":"LineString","coordinates":[[139.0604381,35.2097519],[139.0607782,35.2096001]]}},{"type":"Feature","properties":{"id":462901298,"name":"旧東海道","highway":"unclassified","role":null},"geometry":{"type":"LineString","coordinates":[[137.1756231,34.9551917],[137.176196,34.9550186],[137.1767331,34.9548563],[137.1770952,34.9546232],[137.1774931,34.954367],[137.1783013,34.9538997],[137.179246,34.9535413],[137.1795247,34.9534356],[137.180232,34.9531732]]}},{"type":"Feature","properties":{"id":463384675,"name":"旧東海道","highway":"unclassified","role":null},"geometry":{"type":"LineString","coordinates":[[137.2630786,34.8891025],[137.2631468,34.8890341],[137.2635083,34.8886714],[137.2637111,34.8884709],[137.2638907,34.8883628],[137.2640707,34.8882156],[137.2641813,34.8881606],[137.2643086,34.8881351]]}},{"type":"Feature","properties":{"id":466549986,"name":"旧東海道","highway":"tertiary","role":null},"geometry":{"type":"LineString","coordinates":[[137.153168,34.956816],[137.1529901,34.9568663],[137.1529281,34.9568723]]}},{"type":"Feature","properties":{"id":472845046,"name":"旧東海道","highway":"track","role":null},"geometry":{"type":"LineString","coordinates":[[137.3348803,34.8298093],[137.3347198,34.8298491],[137.3346768,34.8298552],[137.3340617,34.8299829]]}},{"type":"Feature","properties":{"id":474508319,"name":"旧東海道","highway":"unclassified","role":null},"geometry":{"type":"LineString","coordinates":[[137.2539183,34.8946923],[137.2546452,34.8944197],[137.2550266,34.8942927],[137.2552833,34.8942072],[137.2555989,34.8941159],[137.2562097,34.8939392]]}},{"type":"Feature","properties":{"id":474730867,"name":"大津能登川長浜線","highway":"primary","role":null},"geometry":{"type":"LineString","coordinates":[[135.9102139,34.9728838],[135.9100977,34.9728773],[135.9100036,34.9728695],[135.9097365,34.9728471],[135.9094305,34.9728234],[135.9090807,34.9727964],[135.9090522,34.9727942],[135.9087662,34.9727724],[135.9085064,34.9727525],[135.9078269,34.9727038],[135.9076978,34.9727127],[135.9075929,34.9727345],[135.9075769,34.9727382]]}},{"type":"Feature","properties":{"id":475445882,"name":"旧東海道","highway":"tertiary","role":null},"geometry":{"type":"LineString","coordinates":[[139.3408953,35.3281802],[139.3407747,35.3281529],[139.3396517,35.3278884],[139.3395944,35.3278749],[139.3395315,35.32786],[139.3387698,35.327679],[139.3387005,35.3276625],[139.3377118,35.3274123],[139.3373484,35.3273009],[139.3372329,35.3272651]]}},{"type":"Feature","properties":{"id":486761174,"name":"旧東海道","highway":"unclassified","role":null},"geometry":{"type":"LineString","coordinates":[[135.9608323,35.0180738],[135.961401,35.0177888],[135.9615202,35.0177444]]}},{"type":"Feature","properties":{"id":495809396,"name":"旧東海道","highway":"tertiary","role":null},"geometry":{"type":"LineString","coordinates":[[137.3864553,34.7708436],[137.3864501,34.7707597],[137.3864541,34.7701622],[137.3864528,34.7701065],[137.3864411,34.7696159],[137.3864375,34.7695006],[137.386421,34.7693626],[137.3864032,34.7692699],[137.3861895,34.768452],[137.3861699,34.7683604],[137.385991,34.7676634],[137.3859691,34.7675782]]}},{"type":"Feature","properties":{"id":496651365,"name":"旧東海道","highway":"footway","role":null},"geometry":{"type":"LineString","coordinates":[[139.0267331,35.193678],[139.0265013,35.1933252],[139.0264017,35.1931779],[139.0263771,35.1930707],[139.0263683,35.1927274],[139.0263554,35.1926385],[139.0263527,35.192557]]}},{"type":"Feature","properties":{"id":499621119,"name":"旧東海道","highway":"unclassified","role":null},"geometry":{"type":"LineString","coordinates":[[138.6132648,35.1239063],[138.6135265,35.124019]]}},{"type":"Feature","properties":{"id":499621120,"name":"旧東海道","highway":"unclassified","role":null},"geometry":{"type":"LineString","coordinates":[[138.6132011,35.1238811],[138.6132648,35.1239063]]}},{"type":"Feature","properties":{"id":500382583,"name":"旧東海道","highway":"tertiary","role":null},"geometry":{"type":"LineString","coordinates":[[136.9950879,35.0535381],[136.9951445,35.053511],[136.9955926,35.0532963],[136.9958128,35.053177],[136.9961632,35.0529871],[136.9963084,35.0528919],[136.9964834,35.0527771],[136.9966239,35.0526809],[136.9967995,35.0525537],[136.9968885,35.0524892],[136.9969947,35.0524245],[136.9970585,35.0523856],[136.9974607,35.0521404],[136.9976167,35.0520453],[136.9977567,35.0519596],[136.9982021,35.0516871],[136.9983479,35.0515931],[136.9986531,35.0513963],[136.998955,35.0512016],[136.9989904,35.0511794],[136.9990595,35.0511362],[136.9991508,35.051079],[136.9992384,35.0510201],[136.9993012,35.0509779],[136.9994537,35.0508754],[136.9996081,35.0507658],[136.9996804,35.0507124],[137.0000168,35.0504704],[137.0000503,35.0504463],[137.0001363,35.0503845],[137.0004481,35.0501094],[137.0009037,35.0497074],[137.0016008,35.0491368],[137.0017217,35.0490267],[137.0021723,35.0486315],[137.0023064,35.0485117],[137.0026036,35.048241],[137.0027423,35.0481146],[137.0029082,35.0479636],[137.0031055,35.0477838],[137.0034152,35.0475017],[137.0037337,35.0472156],[137.003846,35.0471199],[137.0039857,35.0470039],[137.0043095,35.0467358],[137.0044723,35.0466038],[137.0046193,35.0464823],[137.0049056,35.0462454]]}},{"type":"Feature","properties":{"id":508338355,"name":"旧東海道","highway":"unclassified","role":null},"geometry":{"type":"LineString","coordinates":[[135.8043691,34.993518],[135.8043746,34.9935483]]}},{"type":"Feature","properties":{"id":513812206,"name":"磐田袋井線","highway":"secondary","role":null},"geometry":{"type":"LineString","coordinates":[[137.87133,34.730846],[137.871005,34.7306127],[137.8708294,34.7305041],[137.8704306,34.730205],[137.8699157,34.7297613]]}},{"type":"Feature","properties":{"id":513812207,"name":"旧東海道","highway":"unclassified","role":null},"geometry":{"type":"LineString","coordinates":[[137.887388,34.7381587],[137.8866647,34.7377527],[137.8866236,34.737727],[137.8862555,34.7374968],[137.8859958,34.7373565],[137.8857751,34.7372373],[137.8856228,34.7371643]]}},{"type":"Feature","properties":{"id":513812208,"name":"磐田袋井線","highway":"secondary","role":null},"geometry":{"type":"LineString","coordinates":[[137.9004099,34.7426284],[137.8995231,34.7424357],[137.899133,34.7423456]]}},{"type":"Feature","properties":{"id":513812211,"name":"旧東海道","highway":"tertiary","role":null},"geometry":{"type":"LineString","coordinates":[[137.926031,34.7493627],[137.9258338,34.7493044],[137.9255774,34.7492287],[137.9255504,34.7492174],[137.9254471,34.7491738],[137.9254057,34.7491564]]}},{"type":"Feature","properties":{"id":513812212,"name":"旧東海道","highway":"tertiary","role":null},"geometry":{"type":"LineString","coordinates":[[137.9257783,34.7499603],[137.926031,34.7493627]]}},{"type":"Feature","properties":{"id":513812216,"name":"掛川袋井線","highway":"secondary","role":null},"geometry":{"type":"LineString","coordinates":[[137.9290367,34.7531837],[137.9287292,34.7529895],[137.9282229,34.7527151]]}},{"type":"Feature","properties":{"id":513812217,"name":"掛川袋井線","highway":"secondary","role":null},"geometry":{"type":"LineString","coordinates":[[137.9584849,34.7607502],[137.9582997,34.7606541],[137.9579522,34.7605559],[137.9578571,34.7605367],[137.9577775,34.7605291],[137.9573119,34.7605244],[137.957175,34.7605166],[137.957046,34.7604926],[137.956889,34.7604447],[137.9565284,34.7603267],[137.9559219,34.7601211],[137.9557794,34.76009],[137.9556207,34.7600733],[137.9553211,34.7600727],[137.9551036,34.7600612],[137.9547493,34.7600157],[137.9544175,34.7599845],[137.9542214,34.7599661],[137.9536345,34.7599248],[137.9528928,34.7599158],[137.9526695,34.7599033],[137.9524722,34.7598734],[137.9521412,34.7597995],[137.9518952,34.7597365],[137.9512455,34.7595583],[137.9507585,34.759489],[137.9506103,34.759479],[137.9493822,34.7595105],[137.9491257,34.7595027],[137.9489689,34.7594903],[137.9487871,34.7594417],[137.9486409,34.7594003],[137.9484053,34.7592927],[137.9482285,34.759193],[137.9481393,34.7591393],[137.9479132,34.7590335],[137.9477822,34.7589937],[137.947689,34.7589706],[137.9475258,34.7589363],[137.9473593,34.7589165],[137.947299,34.7589122],[137.9472141,34.7589061],[137.9469341,34.7588984],[137.946635,34.7588826],[137.9465231,34.7588653],[137.9461156,34.7587798],[137.9460977,34.7587768],[137.9455962,34.7586932],[137.9454004,34.7586862],[137.9452162,34.7586474],[137.9451043,34.7586417],[137.9447824,34.7585281],[137.9444602,34.7585369],[137.9443566,34.7585428],[137.9437031,34.7586321],[137.9435744,34.7586458],[137.9435095,34.7586459],[137.9433301,34.7586463],[137.9431654,34.7586476],[137.9430401,34.7586254],[137.9423981,34.7584006],[137.9420404,34.7582403],[137.941595,34.7580367],[137.9411536,34.7578736],[137.9405599,34.7576682],[137.9400346,34.7574949],[137.9397155,34.7574321],[137.9393274,34.7573261],[137.9393189,34.7573227],[137.9390538,34.7572163],[137.9388744,34.757143],[137.9384422,34.7569929],[137.9383548,34.7569673],[137.9382725,34.756954],[137.9377536,34.756934],[137.9373154,34.7569068],[137.9368712,34.7568424],[137.9363104,34.756739],[137.9358703,34.7566141],[137.9356566,34.7565377],[137.9353381,34.7564237],[137.9350024,34.7562702],[137.9349874,34.7562633],[137.9347071,34.75612],[137.9345907,34.7560606],[137.9345324,34.7560307],[137.9342185,34.7558703],[137.933506,34.7554466],[137.9321539,34.7546408],[137.9313946,34.7541794],[137.930438,34.7535703],[137.9302448,34.7534597],[137.9300335,34.7533574],[137.9296905,34.7532293],[137.929384,34.7531106],[137.9292535,34.75306]]}},{"type":"Feature","properties":{"id":513812218,"name":"旧東海道","highway":"unclassified","role":null},"geometry":{"type":"LineString","coordinates":[[137.9608945,34.7625885],[137.9605214,34.7622136],[137.960394,34.7620808],[137.9603203,34.7620126],[137.9598883,34.7617376],[137.9597155,34.7616007],[137.959589,34.7614793],[137.9593951,34.7613063],[137.9591207,34.7611201],[137.9590097,34.7610434],[137.9588784,34.7609636],[137.958568,34.7607934],[137.9585565,34.7607874],[137.9584849,34.7607502]]}},{"type":"Feature","properties":{"id":513812219,"name":"東海道","highway":"secondary","role":null},"geometry":{"type":"LineString","coordinates":[[138.0018452,34.7764656],[138.0017056,34.7764734],[138.0006541,34.7765598],[138.000223,34.7765476],[138.0000516,34.7765362],[137.9999169,34.7765156],[137.9969708,34.7759218],[137.9966296,34.7758618],[137.9963943,34.7758247]]}},{"type":"Feature","properties":{"id":513812220,"name":"掛川浜岡線","highway":"primary","role":null},"geometry":{"type":"LineString","coordinates":[[138.0186338,34.7730438],[138.0185221,34.7730372],[138.0174602,34.7729864],[138.0173714,34.7729823],[138.017159,34.772971],[138.0166248,34.7729438],[138.0165186,34.7729383]]}},{"type":"Feature","properties":{"id":513812223,"name":"旧東海道","highway":"unclassified","role":null},"geometry":{"type":"LineString","coordinates":[[138.0209501,34.7716441],[138.0211393,34.7716501],[138.021813,34.7716723],[138.0218354,34.7716731],[138.022114,34.7716798]]}},{"type":"Feature","properties":{"id":513812224,"name":"旧東海道","highway":"tertiary","role":null},"geometry":{"type":"LineString","coordinates":[[138.0207578,34.7723324],[138.0203826,34.7723279],[138.020265,34.7723265],[138.0200876,34.7723249],[138.0197515,34.7723218]]}},{"type":"Feature","properties":{"id":513812225,"name":"旧東海道","highway":"residential","role":null},"geometry":{"type":"LineString","coordinates":[[138.0226864,34.7722086],[138.0227207,34.7718658],[138.0227365,34.7717084]]}},{"type":"Feature","properties":{"id":513812228,"name":"旧東海道","highway":"tertiary","role":null},"geometry":{"type":"LineString","coordinates":[[138.0237209,34.7732986],[138.0238413,34.7733372],[138.0239671,34.7733866]]}},{"type":"Feature","properties":{"id":513812230,"name":"東海道","highway":"secondary","role":null},"geometry":{"type":"LineString","coordinates":[[138.0481883,34.784489],[138.0481681,34.78449],[138.0480713,34.7844817],[138.0478593,34.7844553],[138.0477743,34.7844499],[138.0475185,34.7843997],[138.0475008,34.7843962],[138.0468299,34.784224],[138.0467406,34.7842031],[138.0466928,34.7841908],[138.0465275,34.7841437],[138.0462532,34.7840656],[138.0459314,34.7839739],[138.0456583,34.7838947],[138.0453046,34.7837922],[138.0452745,34.7837835],[138.0450443,34.7836933],[138.0449505,34.7836565],[138.0447284,34.7835561],[138.0444779,34.7834222],[138.0441849,34.7832204],[138.0432461,34.7825736],[138.0429381,34.7823919],[138.0425305,34.7822025],[138.0419966,34.7820445],[138.0415886,34.7819527],[138.0414025,34.7819062],[138.0412245,34.7818712],[138.0410499,34.7818405],[138.0406537,34.7817653],[138.040221,34.7816449],[138.0400964,34.781618]]}},{"type":"Feature","properties":{"id":513812232,"name":"東海道","highway":"secondary","role":null},"geometry":{"type":"LineString","coordinates":[[138.0651799,34.7862912],[138.0643316,34.7860181],[138.0639881,34.7858473],[138.0636097,34.7856247]]}},{"type":"Feature","properties":{"id":513812234,"name":"日坂八坂線;東海道","highway":"secondary","role":null},"geometry":{"type":"LineString","coordinates":[[138.074788,34.7988154],[138.0746223,34.7984971],[138.0745208,34.7982344],[138.0743038,34.797705],[138.0740627,34.7971227],[138.0739158,34.7968197],[138.0739026,34.7967921],[138.0733904,34.7955489],[138.0733004,34.7953305],[138.0732681,34.7952466],[138.0730029,34.7945561],[138.0728976,34.794282],[138.0728829,34.7942414],[138.0728682,34.7942008],[138.0722986,34.7926836],[138.0717782,34.7915492],[138.0716858,34.7913322],[138.071613,34.7911784],[138.0714809,34.790816],[138.0713364,34.7903834]]}},{"type":"Feature","properties":{"id":513812243,"name":"旧東海道","highway":"footway","role":null},"geometry":{"type":"LineString","coordinates":[[138.1074899,34.8190833],[138.1074876,34.8190734],[138.1074852,34.8190635],[138.1074756,34.8190114],[138.1074885,34.8189787]]}},{"type":"Feature","properties":{"id":513812244,"name":"旧東海道","highway":"steps","role":null},"geometry":{"type":"LineString","coordinates":[[138.1075277,34.8191427],[138.1074899,34.8190833]]}},{"type":"Feature","properties":{"id":513812245,"name":"旧東海道","highway":"footway","role":null},"geometry":{"type":"LineString","coordinates":[[138.1075376,34.819211],[138.1075209,34.8191907],[138.107503,34.8191685]]}},{"type":"Feature","properties":{"id":513812246,"name":"旧東海道","highway":"footway","role":null},"geometry":{"type":"LineString","coordinates":[[138.107503,34.8191685],[138.107498,34.8191623],[138.1075277,34.8191427]]}},{"type":"Feature","properties":{"id":513812247,"name":"菊川坂","highway":"footway","role":null},"geometry":{"type":"LineString","coordinates":[[138.1120818,34.8182449],[138.1121331,34.8182808],[138.1122255,34.8182887],[138.1122755,34.8182681],[138.1123217,34.8182381],[138.1123987,34.8182192],[138.1124833,34.818235],[138.1125565,34.818265],[138.1126238,34.8182713],[138.1126969,34.8182776],[138.1127623,34.8183045],[138.1128685,34.8183437],[138.1129836,34.818355],[138.113126,34.8183455],[138.1132549,34.8183487],[138.1133954,34.8183661],[138.1135147,34.8184056],[138.1136147,34.8184103],[138.1137533,34.8183629],[138.1138776,34.8183191],[138.1139959,34.8182466],[138.1140791,34.8182069],[138.1141677,34.8181739],[138.1142282,34.8181585],[138.1142804,34.8181452],[138.1143555,34.818099],[138.1143861,34.8180796],[138.1144736,34.8180241],[138.1146615,34.8178919],[138.1148413,34.8176385],[138.1149862,34.817438],[138.1151311,34.8171714],[138.1152027,34.8169694],[138.1152787,34.8168696],[138.115421,34.8167198],[138.1155002,34.8166338],[138.1156243,34.816532],[138.115786,34.8164261],[138.1159148,34.8163303],[138.1159328,34.8163094],[138.115998,34.8162267],[138.1160898,34.8161568],[138.1161482,34.8161227],[138.1161965,34.8161084],[138.1162448,34.816105],[138.1164084,34.8161238],[138.1164307,34.8161216],[138.1165447,34.8160737],[138.1167005,34.8160285],[138.1168436,34.8159955],[138.1169479,34.8159966],[138.1170795,34.8160081],[138.1172338,34.8160257]]}},{"type":"Feature","properties":{"id":513812252,"name":"国道473号","highway":"trunk","role":null},"geometry":{"type":"LineString","coordinates":[[138.1253691,34.8172855],[138.1256358,34.8170785]]}},{"type":"Feature","properties":{"id":513825404,"name":"島田岡部線","highway":"secondary","role":null},"geometry":{"type":"LineString","coordinates":[[138.2160879,34.8413458],[138.2156944,34.8411878]]}},{"type":"Feature","properties":{"id":513825406,"name":"旧東海道","highway":"unclassified","role":null},"geometry":{"type":"LineString","coordinates":[[138.2820973,34.8928739],[138.2820865,34.8928387]]}},{"type":"Feature","properties":{"id":513825408,"name":"藤枝静岡線","highway":"secondary","role":null},"geometry":{"type":"LineString","coordinates":[[138.282472,34.8941755],[138.2822811,34.893853],[138.2822358,34.8937823],[138.2821964,34.893721]]}},{"type":"Feature","properties":{"id":513825409,"name":"旧東海道","highway":"footway","role":null},"geometry":{"type":"LineString","coordinates":[[138.284547,34.9020086],[138.2845702,34.9021067],[138.2845702,34.9021716]]}},{"type":"Feature","properties":{"id":513825410,"name":"旧東海道","highway":"footway","role":null},"geometry":{"type":"LineString","coordinates":[[138.2845702,34.9021716],[138.2845098,34.9023158],[138.2843964,34.9025009]]}},{"type":"Feature","properties":{"id":513825411,"name":"焼津森線","highway":"primary","role":null},"geometry":{"type":"LineString","coordinates":[[138.284547,34.9020086],[138.2845611,34.9019648],[138.284562,34.9019156],[138.2844981,34.901237],[138.2844744,34.9010989],[138.2844425,34.9009836],[138.2844006,34.9008294],[138.2843476,34.9006347],[138.2843329,34.9005705],[138.2842446,34.9001838],[138.2841844,34.8998759],[138.2841326,34.899645],[138.2840824,34.8994216],[138.2840581,34.8993422],[138.2839457,34.8989756],[138.2838027,34.8985048]]}},{"type":"Feature","properties":{"id":513825421,"name":"旧東海道","highway":"tertiary","role":null},"geometry":{"type":"LineString","coordinates":[[138.280693,34.9108323],[138.2805109,34.9108302],[138.2803907,34.9108178]]}},{"type":"Feature","properties":{"id":513825422,"name":"藤枝静岡線","highway":"secondary","role":null},"geometry":{"type":"LineString","coordinates":[[138.2820288,34.9174058],[138.2820492,34.9174877],[138.2820982,34.9176826],[138.2821849,34.9180649],[138.282293,34.9185802],[138.2823483,34.9188739],[138.2823673,34.9189624],[138.2824168,34.9191924],[138.2825382,34.9197867]]}},{"type":"Feature","properties":{"id":513837375,"name":"旧東海道","highway":"footway","role":null},"geometry":{"type":"LineString","coordinates":[[138.3006248,34.9248116],[138.3003871,34.9247014],[138.3002561,34.9246407]]}},{"type":"Feature","properties":{"id":513837376,"name":"旧東海道","highway":"service","role":null},"geometry":{"type":"LineString","coordinates":[[138.3006248,34.9248116],[138.300651,34.9248548],[138.3007641,34.9249527],[138.3010657,34.9251562],[138.3012197,34.9252902],[138.3013988,34.9254782],[138.3014928,34.9255856],[138.3015747,34.9256792],[138.3017381,34.9259187],[138.3018795,34.9261532],[138.3019327,34.9262699],[138.3020003,34.9264297]]}},{"type":"Feature","properties":{"id":513837380,"name":"旧東海道","highway":"footway","role":null},"geometry":{"type":"LineString","coordinates":[[138.3024389,34.9283368],[138.3023849,34.9280949],[138.3023756,34.9279438]]}},{"type":"Feature","properties":{"id":513837384,"name":"国道1号","highway":"trunk","role":null},"geometry":{"type":"LineString","coordinates":[[138.3087263,34.9376041],[138.3089592,34.9377486],[138.3092589,34.9379068],[138.3095243,34.9380133],[138.3099412,34.9381599],[138.3103279,34.9382782],[138.3109191,34.9384231],[138.3122521,34.9387247],[138.3130513,34.9388595],[138.3130722,34.9388609],[138.3135317,34.9388926],[138.3143943,34.9388974],[138.3160131,34.9388784],[138.3164545,34.9389151],[138.3167849,34.9389612],[138.3172436,34.9390653]]}},{"type":"Feature","properties":{"id":513837385,"name":"東海道","highway":"trunk","role":null},"geometry":{"type":"LineString","coordinates":[[138.3193607,34.9402501],[138.3202366,34.9409197]]}},{"type":"Feature","properties":{"id":513866029,"name":"国道1号","highway":"trunk","role":null},"geometry":{"type":"LineString","coordinates":[[138.3302685,34.9457829],[138.33004,34.9452341],[138.3299336,34.9450188]]}},{"type":"Feature","properties":{"id":513866102,"name":"本通","highway":"secondary","role":null},"geometry":{"type":"LineString","coordinates":[[138.3697883,34.9621566],[138.3697012,34.9620116],[138.369665,34.9619659],[138.3695059,34.9617474],[138.3694681,34.9617056],[138.36943,34.9616773],[138.3693648,34.9616336]]}},{"type":"Feature","properties":{"id":513866114,"name":"旧東海道","highway":"unclassified","role":null},"geometry":{"type":"LineString","coordinates":[[138.3776636,34.9724628],[138.3774616,34.972123],[138.3773015,34.9718759],[138.3772839,34.9718487]]}},{"type":"Feature","properties":{"id":513866116,"name":"旧東海道","highway":"unclassified","role":null},"geometry":{"type":"LineString","coordinates":[[138.3796874,34.9716362],[138.3796505,34.9716514],[138.37866,34.97206],[138.3776636,34.9724628]]}},{"type":"Feature","properties":{"id":513866118,"name":"旧東海道","highway":"unclassified","role":null},"geometry":{"type":"LineString","coordinates":[[138.4008266,34.9775868],[138.4014207,34.977572]]}},{"type":"Feature","properties":{"id":513866138,"name":"国道1号","highway":"trunk","role":null},"geometry":{"type":"LineString","coordinates":[[138.4180775,34.990756],[138.4192134,34.9914716],[138.4196408,34.991749],[138.4197564,34.991824]]}},{"type":"Feature","properties":{"id":513866148,"name":"旧東海道","highway":"tertiary","role":null},"geometry":{"type":"LineString","coordinates":[[138.4197564,34.991824],[138.4198025,34.9917605],[138.4198622,34.9916875],[138.4198747,34.9916722],[138.4199234,34.9916827],[138.4200343,34.9917065],[138.4202164,34.9917342],[138.4204714,34.9917653],[138.420952,34.9917845],[138.4210654,34.9918024],[138.4213658,34.9918889],[138.4214269,34.9919065],[138.4219879,34.9920916],[138.4221466,34.9921581],[138.4225198,34.9923145],[138.4232619,34.9924905],[138.4237367,34.9926236],[138.4239768,34.9926677]]}},{"type":"Feature","properties":{"id":513866151,"name":"国道1号","highway":"trunk","role":null},"geometry":{"type":"LineString","coordinates":[[138.4198025,34.9917605],[138.4196895,34.9916874],[138.4195609,34.9916041],[138.4181607,34.9906979]]}},{"type":"Feature","properties":{"id":513944129,"name":"旧東海道","highway":"tertiary","role":null},"geometry":{"type":"LineString","coordinates":[[138.43072,34.9922242],[138.4304628,34.9925242],[138.430387,34.9926119]]}},{"type":"Feature","properties":{"id":513944130,"name":"旧東海道","highway":"tertiary","role":null},"geometry":{"type":"LineString","coordinates":[[138.4439525,35.0008263],[138.4438067,35.0010229]]}},{"type":"Feature","properties":{"id":513944132,"name":"南幹線","highway":"secondary","role":null},"geometry":{"type":"LineString","coordinates":[[138.4436253,35.0012141],[138.4437224,35.0012851],[138.4439325,35.0014532],[138.4445842,35.0018943],[138.4446589,35.0019411],[138.444923,35.0021002],[138.4449376,35.0021087]]}},{"type":"Feature","properties":{"id":513944135,"name":"清水富士宮線","highway":"primary","role":null},"geometry":{"type":"LineString","coordinates":[[138.4804532,35.0174123],[138.4808044,35.0181802],[138.4811968,35.0188934],[138.4812076,35.0189144]]}},{"type":"Feature","properties":{"id":513944137,"name":"国道1号","highway":"trunk","role":null},"geometry":{"type":"LineString","coordinates":[[138.4890701,35.031252],[138.4891192,35.0314107],[138.4891584,35.0315221],[138.4891891,35.0315843],[138.4892642,35.0316985],[138.4892945,35.0317248],[138.489401,35.0318281]]}},{"type":"Feature","properties":{"id":513944138,"name":"国道1号","highway":"trunk","role":null},"geometry":{"type":"LineString","coordinates":[[138.5282545,35.0540274],[138.5278462,35.0537627],[138.5275308,35.0535854],[138.5272779,35.0534516],[138.5269412,35.0532676],[138.5264967,35.0530523],[138.5259386,35.0528114],[138.5256135,35.0526724],[138.5255094,35.0526301],[138.5248742,35.0523779],[138.5243617,35.0521698],[138.5233688,35.0517608],[138.5224091,35.0513543],[138.5216551,35.0509551],[138.5206943,35.0504201],[138.5204101,35.050268],[138.5197004,35.0498883],[138.5194315,35.0497426],[138.5177944,35.0488551],[138.5171251,35.0484883],[138.5170085,35.0484244],[138.5165082,35.0481152],[138.5162763,35.0479517],[138.515627,35.0474336],[138.5155585,35.0473799],[138.5154527,35.0473122],[138.5152962,35.0472167],[138.5151665,35.0471461],[138.5151155,35.0471184],[138.5148998,35.0470354],[138.5146784,35.0469608],[138.5144635,35.0469095],[138.5142778,35.046874],[138.5140893,35.046854],[138.5138536,35.0468437],[138.5135878,35.04685],[138.5135729,35.0468511],[138.5132367,35.046876],[138.513088,35.0468854],[138.5130255,35.0468893],[138.5126924,35.0469106],[138.5123797,35.0469158],[138.5121131,35.0469085],[138.5118378,35.0468911],[138.511556,35.0468644],[138.5113008,35.0468234],[138.511019,35.0467707],[138.5098962,35.0465289],[138.5094912,35.046451],[138.5093038,35.0464248],[138.5086247,35.0463673],[138.5084504,35.0463531],[138.5082958,35.0463278],[138.5080312,35.0462776],[138.5076563,35.0461909],[138.5074276,35.0461411],[138.5072758,35.0461195],[138.5071399,35.0461111],[138.5070142,35.0461044],[138.5063121,35.0461091],[138.5061991,35.0460923],[138.5060944,35.0460698],[138.506008,35.0460224],[138.5059318,35.0459645],[138.5051836,35.0452336],[138.5051083,35.0451994],[138.5050486,35.0451887],[138.5049635,35.045192]]}},{"type":"Feature","properties":{"id":513944141,"name":"おきつ川通り","highway":"tertiary","role":null},"geometry":{"type":"LineString","coordinates":[[138.5311846,35.0627897],[138.5312237,35.0627092],[138.5313145,35.0626338],[138.5318495,35.0621671],[138.5320762,35.0619764],[138.532193,35.0618546],[138.5323312,35.0616922],[138.532542,35.0614481],[138.5326601,35.0613112],[138.5329217,35.0610785],[138.5330509,35.06096],[138.5334263,35.0606826],[138.5336346,35.0605357],[138.5337082,35.0604722],[138.5338414,35.0603503],[138.5340191,35.0601756],[138.5341612,35.0600599]]}},{"type":"Feature","properties":{"id":513944143,"name":"旧東海道","highway":"residential","role":null},"geometry":{"type":"LineString","coordinates":[[138.534219,35.0648985],[138.5347865,35.0651495]]}},{"type":"Feature","properties":{"id":513944144,"name":"旧東海道","highway":"unclassified","role":null},"geometry":{"type":"LineString","coordinates":[[138.5415738,35.0723026],[138.5414892,35.0722513],[138.5413611,35.0722205],[138.541146,35.0721778],[138.5410479,35.0721593],[138.5410043,35.0721138],[138.5409109,35.0720266]]}},{"type":"Feature","properties":{"id":513948987,"name":"旧東海道","highway":"secondary_link","role":null},"geometry":{"type":"LineString","coordinates":[[138.5513294,35.0958054],[138.5513493,35.0957692],[138.5513728,35.0957504],[138.5514005,35.0957445],[138.5514416,35.0957556]]}},{"type":"Feature","properties":{"id":513948989,"name":"由比停車場線","highway":"secondary","role":null},"geometry":{"type":"LineString","coordinates":[[138.5667035,35.107125],[138.566513,35.1070207],[138.5662702,35.1068878],[138.5657706,35.1066291],[138.5653876,35.1064305],[138.5653597,35.1064191]]}},{"type":"Feature","properties":{"id":513948991,"name":"富士由比線","highway":"secondary","role":null},"geometry":{"type":"LineString","coordinates":[[138.60156,35.1177032],[138.6011284,35.1176394],[138.6009497,35.117613],[138.6000399,35.117485],[138.5995624,35.1174252],[138.5994516,35.1174179],[138.5987225,35.1173477],[138.5983107,35.1173038],[138.5982373,35.117296],[138.5979843,35.117256],[138.5973917,35.1171467],[138.5964697,35.1169581],[138.5963136,35.1169197],[138.5959982,35.1168458]]}},{"type":"Feature","properties":{"id":513960135,"name":"旧東海道","highway":"unclassified","role":null},"geometry":{"type":"LineString","coordinates":[[138.6124955,35.1285366],[138.6127034,35.1284341],[138.6129303,35.1283222]]}},{"type":"Feature","properties":{"id":513960137,"name":"旧東海道","highway":"unclassified","role":null},"geometry":{"type":"LineString","coordinates":[[138.6119123,35.1339161],[138.6119278,35.1338706],[138.6119441,35.1338102],[138.6119663,35.1337594],[138.6120492,35.1336482],[138.6120927,35.1336122],[138.6122155,35.1335103],[138.6123025,35.1334281],[138.6123635,35.1333707],[138.6125542,35.1331772],[138.6126313,35.133094],[138.6127094,35.1329879],[138.6128553,35.1327896],[138.6129377,35.1326582],[138.6129548,35.1325789],[138.6129597,35.1323424],[138.6129584,35.1321946],[138.6129568,35.1320715],[138.612941,35.1319816],[138.6128776,35.131776],[138.6128494,35.1316973],[138.6128469,35.1316638],[138.6128515,35.1316361],[138.6128622,35.1316066],[138.6128871,35.1315727],[138.6130266,35.1314503],[138.6131693,35.1312706],[138.6132081,35.1311963],[138.6132514,35.1311123],[138.6132446,35.1310168],[138.6132345,35.1308525],[138.6132347,35.130721],[138.6132519,35.1306609],[138.6132881,35.1306051],[138.6133356,35.1305537],[138.6134002,35.1304967],[138.6134336,35.130453],[138.613436,35.1303826]]}},{"type":"Feature","properties":{"id":513960139,"name":"岩淵富士川停車場線","highway":"secondary","role":null},"geometry":{"type":"LineString","coordinates":[[138.6172122,35.1438275],[138.6171954,35.1441242],[138.6171496,35.1443482],[138.6171429,35.144417],[138.6170911,35.1449456],[138.6170681,35.1451799],[138.6170645,35.1452989],[138.6170655,35.1454133],[138.6172303,35.1464002],[138.6172973,35.1468929],[138.6173413,35.147344],[138.6173647,35.1474765],[138.6174088,35.1475808],[138.6174539,35.1476388],[138.6176466,35.1477439],[138.6178153,35.1478081],[138.6182707,35.147967],[138.6186565,35.1481016],[138.6187807,35.1481099],[138.6193569,35.1482408],[138.6193923,35.1482589],[138.6194077,35.1482918],[138.6193943,35.1483302],[138.6193089,35.1484666],[138.6192505,35.148581],[138.6192118,35.1487495],[138.6191842,35.1490152],[138.6190818,35.1495318],[138.619078,35.1495553],[138.6188915,35.1506449],[138.6187426,35.1514991],[138.6186438,35.152116],[138.6186259,35.1522705],[138.6186522,35.1523366]]}},{"type":"Feature","properties":{"id":514042748,"name":"富士由比線","highway":"secondary","role":null},"geometry":{"type":"LineString","coordinates":[[138.6321778,35.1558872],[138.6319507,35.1558402],[138.6311512,35.155714],[138.6310438,35.1556983],[138.6303123,35.1555878],[138.629948,35.1555556],[138.6297006,35.1555474],[138.6296175,35.1555392],[138.629578,35.1555394]]}},{"type":"Feature","properties":{"id":514042750,"name":"富士由比線","highway":"secondary","role":null},"geometry":{"type":"LineString","coordinates":[[138.6402448,35.1577703],[138.639451,35.1578018]]}},{"type":"Feature","properties":{"id":514042751,"name":"旧東海道","highway":"tertiary","role":null},"geometry":{"type":"LineString","coordinates":[[138.6593314,35.1572094],[138.659279,35.157198]]}},{"type":"Feature","properties":{"id":514042753,"name":"富士由比線","highway":"secondary","role":null},"geometry":{"type":"LineString","coordinates":[[138.6746045,35.1562764],[138.6735535,35.1562618],[138.6729139,35.1562476]]}},{"type":"Feature","properties":{"id":514042755,"name":"青葉通り","highway":"tertiary","role":null},"geometry":{"type":"LineString","coordinates":[[138.6783526,35.1604611],[138.6779579,35.1605079]]}},{"type":"Feature","properties":{"id":514042756,"name":"国道139号","highway":"trunk","role":null},"geometry":{"type":"LineString","coordinates":[[138.6785845,35.1613575],[138.6785212,35.16112]]}},{"type":"Feature","properties":{"id":514042759,"name":"吉原停車場吉原線","highway":"secondary","role":null},"geometry":{"type":"LineString","coordinates":[[138.6982116,35.1505931],[138.698128,35.1506757],[138.6979923,35.1508484],[138.6978597,35.1510585],[138.6976916,35.1514562],[138.6974835,35.1519102],[138.6973443,35.1521311],[138.6972964,35.1522404],[138.6972607,35.1523705],[138.6972573,35.1527638],[138.6972546,35.1530661],[138.6972658,35.1531354],[138.6972872,35.1532104],[138.6973344,35.1533085],[138.6974759,35.1536024],[138.6976136,35.1538518],[138.6978197,35.154268],[138.6983298,35.1552355],[138.698393,35.1553964],[138.6984114,35.155494],[138.6984124,35.1556041],[138.698393,35.1556992],[138.698343,35.155816],[138.6979003,35.1562413],[138.6977636,35.1564039],[138.6976514,35.1565374],[138.6975555,35.1566942],[138.6973841,35.1569994],[138.6971628,35.1573939],[138.6971016,35.1575126],[138.6969373,35.1577509],[138.6966466,35.1582213],[138.6964786,35.1584962],[138.6963256,35.1586072]]}},{"type":"Feature","properties":{"id":514042764,"name":"国道139号","highway":"trunk","role":null},"geometry":{"type":"LineString","coordinates":[[138.6991178,35.1498025],[138.6994495,35.1496383],[138.7001343,35.1492801]]}},{"type":"Feature","properties":{"id":514042766,"name":"吉原停車場吉原線","highway":"secondary","role":null},"geometry":{"type":"LineString","coordinates":[[138.7007088,35.1488065],[138.7013757,35.148268],[138.7014307,35.148225],[138.7014882,35.148186],[138.7018392,35.1479701],[138.7021239,35.1477877],[138.7026481,35.1473961],[138.7030831,35.1471209],[138.7031551,35.1470632],[138.7032039,35.1470156],[138.7032197,35.1469793],[138.7032331,35.1469292],[138.7033507,35.1464243],[138.7033951,35.1462709]]}},{"type":"Feature","properties":{"id":514042767,"name":"吉永吉原停車場線","highway":"secondary","role":null},"geometry":{"type":"LineString","coordinates":[[138.7035572,35.1457322],[138.7035761,35.1456799],[138.7035859,35.145653],[138.7036204,35.1455906],[138.7038162,35.1452803],[138.7040252,35.14494],[138.7041771,35.1446897],[138.7042391,35.1445876]]}},{"type":"Feature","properties":{"id":514042768,"name":"田子浦港大野線","highway":"secondary","role":null},"geometry":{"type":"LineString","coordinates":[[138.7075256,35.1425249],[138.7076139,35.1425052],[138.7077618,35.1424802],[138.708136,35.1424221],[138.7085198,35.1423626],[138.7093101,35.1422774],[138.7095083,35.1422591],[138.7098143,35.1422032],[138.7100275,35.142154],[138.7102122,35.1421011],[138.7110765,35.1418533],[138.7112034,35.1418221],[138.7114679,35.141757],[138.7118048,35.1416773],[138.7118915,35.1416602],[138.7120078,35.1416372],[138.7121404,35.141623],[138.7125964,35.141598],[138.7127088,35.1415943],[138.712878,35.1415888],[138.7130432,35.1415697],[138.7131554,35.1415502],[138.7131779,35.1415463],[138.7133431,35.1414854],[138.713844,35.1412894],[138.7141745,35.1411901],[138.7145076,35.1410853],[138.7145642,35.1410675],[138.7148182,35.1409857],[138.7150049,35.1409432],[138.7153456,35.1408915],[138.7156251,35.1408573],[138.7158506,35.1408414],[138.7160332,35.1408289],[138.7169003,35.1408456],[138.7174307,35.1408356],[138.7175705,35.1408131],[138.7179173,35.1407196],[138.7183141,35.1406304],[138.7189151,35.1404929],[138.7193747,35.1403884],[138.7194515,35.1403709],[138.7199402,35.1402633],[138.7204207,35.1401807],[138.7210575,35.1400647],[138.7213867,35.1400047],[138.7224711,35.1398187],[138.7231541,35.1396893],[138.7234223,35.1396209],[138.7240705,35.1394296],[138.7251954,35.1390732],[138.7254123,35.1390136],[138.7255792,35.1389649],[138.7257084,35.1389268],[138.7259311,35.1388076],[138.7260077,35.1387703],[138.7260901,35.1387361],[138.7261513,35.1387116],[138.7262363,35.1386835],[138.7263123,35.1386628],[138.7264876,35.1386237],[138.7265589,35.1386141],[138.7266196,35.1386188],[138.7266524,35.138622],[138.7267081,35.138689],[138.7267492,35.1387369],[138.7267803,35.1387987],[138.7267949,35.1388369]]}},{"type":"Feature","properties":{"id":514042770,"name":"旧東海道","highway":"secondary","role":null},"geometry":{"type":"LineString","coordinates":[[138.7386133,35.1366934],[138.7380724,35.1367845]]}},{"type":"Feature","properties":{"id":514042771,"name":"旧東海道","highway":"secondary","role":null},"geometry":{"type":"LineString","coordinates":[[138.7498844,35.1342383],[138.7496416,35.1342893],[138.7496259,35.1342924],[138.7495892,35.1343017],[138.7495125,35.1343213],[138.7492682,35.1343799],[138.7491645,35.1344055],[138.748406,35.1345807],[138.7483822,35.1345861],[138.7479927,35.1346747],[138.7469329,35.13493],[138.7464103,35.13505],[138.746068,35.1351283],[138.7457852,35.1351902],[138.7456873,35.1352084],[138.7455362,35.1352396],[138.7452063,35.1352997],[138.7449892,35.1353392],[138.7447958,35.1353758],[138.7435798,35.1356057],[138.7433546,35.1356541],[138.7431251,35.1357078],[138.7426302,35.1358288],[138.7417313,35.1360454]]}},{"type":"Feature","properties":{"id":514042774,"name":"富士清水線","highway":"secondary","role":null},"geometry":{"type":"LineString","coordinates":[[138.8742834,35.100602],[138.8746742,35.1007435],[138.8749432,35.1008626],[138.8751777,35.1009878],[138.8755553,35.1012039],[138.8761444,35.1016149],[138.8771827,35.1023398],[138.8785649,35.1032868],[138.8790985,35.1036377],[138.8792178,35.1037014],[138.8794005,35.1037968],[138.8795134,35.1038493],[138.8800744,35.1041276],[138.8807629,35.1044475],[138.8810105,35.1045508]]}},{"type":"Feature","properties":{"id":514042776,"name":"富士清水線","highway":"secondary","role":null},"geometry":{"type":"LineString","coordinates":[[138.8810809,35.104499],[138.8808072,35.1043708],[138.8795634,35.1037812],[138.8792381,35.103607],[138.8790485,35.1035007],[138.8786258,35.1032211],[138.8772509,35.1022758],[138.8761633,35.1015304],[138.8755984,35.1011499],[138.8750753,35.1008464],[138.874615,35.1006561],[138.8743071,35.10056]]}},{"type":"Feature","properties":{"id":514042778,"name":"三島富士線","highway":"primary","role":null},"geometry":{"type":"LineString","coordinates":[[138.9292162,35.1226127],[138.9284097,35.1223626],[138.9281578,35.1222845],[138.9275218,35.1220873],[138.9271539,35.1219631],[138.9269599,35.1219006],[138.9266475,35.1218001],[138.9266042,35.1217862],[138.9264456,35.1217352],[138.9262745,35.1216917],[138.9262613,35.1216875],[138.9262464,35.121679]]}},{"type":"Feature","properties":{"id":514042781,"name":"旧東海道","highway":"tertiary","role":null},"geometry":{"type":"LineString","coordinates":[[138.9532854,35.1365912],[138.9534748,35.1365872],[138.9536197,35.1365716],[138.9537746,35.1365422],[138.9539661,35.136487],[138.9542085,35.1363867],[138.9545448,35.1361946],[138.9547031,35.1361173],[138.9548706,35.1360905],[138.954965,35.1360914],[138.9550433,35.1360967],[138.9551645,35.1361302],[138.9552888,35.1361884],[138.95546,35.1363185],[138.9556087,35.1364788],[138.9557978,35.1366828],[138.9558585,35.1367325],[138.9559342,35.1367943],[138.9561247,35.1368901],[138.9562608,35.1369587],[138.9563194,35.1369816],[138.9570154,35.1372532],[138.9571539,35.1373073],[138.9571902,35.1373241],[138.957394,35.1374183],[138.9579766,35.1376876],[138.958149,35.1377376],[138.9582454,35.1377656],[138.9583958,35.1377911],[138.9584943,35.1377986],[138.958574,35.1377961],[138.9588428,35.1377796],[138.9589512,35.137775],[138.959165,35.137758],[138.9593069,35.137731],[138.9594033,35.1376918],[138.9595128,35.1376321]]}},{"type":"Feature","properties":{"id":514042784,"name":"旧東海道","highway":"path","role":null},"geometry":{"type":"LineString","coordinates":[[138.9611925,35.1372514],[138.9610895,35.1372507],[138.9609953,35.1372578],[138.9609119,35.137277],[138.9608359,35.1373062],[138.9604526,35.1375191],[138.9604068,35.1375378],[138.9602895,35.137548],[138.9601996,35.1375999]]}},{"type":"Feature","properties":{"id":514042785,"name":"旧東海道","highway":"tertiary","role":null},"geometry":{"type":"LineString","coordinates":[[138.9629947,35.1381572],[138.9633477,35.1383394],[138.9633972,35.1383632],[138.9638159,35.1385649],[138.9645068,35.1388622],[138.965114,35.139079],[138.9655757,35.1392428],[138.9657179,35.1392892],[138.9659426,35.1393625],[138.9659964,35.1393822],[138.9661037,35.1394215],[138.9662472,35.1394849],[138.9663795,35.139556],[138.966503,35.1396599],[138.9666579,35.1398264],[138.9668424,35.1400655],[138.9669573,35.1401623],[138.967133,35.1402451],[138.9674013,35.1403372],[138.9675984,35.1403842],[138.9678324,35.140442],[138.96792,35.1404772],[138.967962,35.1404973],[138.9680159,35.1405258],[138.9681047,35.1406004],[138.9682724,35.1407688],[138.9683287,35.1408087],[138.9684304,35.140866],[138.9684711,35.140886],[138.9687565,35.141026],[138.9690093,35.1411742],[138.9690575,35.1412101],[138.9695505,35.141577],[138.9698795,35.1418389],[138.9700409,35.1419876],[138.9701266,35.1420666],[138.9702954,35.1422445],[138.9704426,35.142463],[138.9705304,35.1425932],[138.9706696,35.1427654],[138.9707363,35.1428353],[138.9711065,35.1432236],[138.9711509,35.1432652],[138.9712078,35.1433184],[138.9712904,35.1433831],[138.9713832,35.1434383],[138.9718201,35.1437018],[138.9721803,35.1440348],[138.9724118,35.1442939],[138.9725667,35.1444148],[138.9726506,35.144466]]}},{"type":"Feature","properties":{"id":514042789,"name":"旧東海道","highway":"path","role":null},"geometry":{"type":"LineString","coordinates":[[138.983556,35.1495958],[138.9836443,35.1496186],[138.9837181,35.1496607],[138.9837755,35.1497357],[138.9840663,35.1499073],[138.9842843,35.1500701],[138.9844269,35.1501824],[138.9845032,35.1502332],[138.9845838,35.1502687],[138.9847352,35.1502759],[138.9848657,35.1502795],[138.9849599,35.1502879],[138.9851309,35.1503113],[138.9852613,35.1503306],[138.9853449,35.1503448],[138.9854159,35.1503478],[138.9854695,35.1503399],[138.9855295,35.1503215],[138.9856658,35.1502752],[138.9857022,35.1502712],[138.9857728,35.1502771],[138.9857974,35.1502841],[138.9858316,35.1503202],[138.9858909,35.1504458],[138.9859123,35.1504876],[138.9859378,35.1505125],[138.9859763,35.1505327],[138.9860098,35.1505396],[138.9860427,35.1505382],[138.9860615,35.1505292],[138.9861647,35.1504531],[138.9862283,35.1503968],[138.9862939,35.1503224],[138.9863609,35.150235],[138.986395,35.1501918],[138.9864322,35.1501577],[138.9864699,35.1501327],[138.9865267,35.1501138],[138.9865952,35.1500943],[138.9866577,35.1500865],[138.9867542,35.1500877],[138.9869151,35.1500827],[138.9870304,35.1501043]]}},{"type":"Feature","properties":{"id":514042790,"name":"国道1号旧道","highway":"tertiary","role":null},"geometry":{"type":"LineString","coordinates":[[138.983556,35.1495958],[138.9835144,35.1495025],[138.9834062,35.1493976],[138.9830801,35.1491552],[138.9827571,35.1489718],[138.9825244,35.1489158]]}},{"type":"Feature","properties":{"id":514042791,"name":"国道1号","highway":"trunk","role":null},"geometry":{"type":"LineString","coordinates":[[138.9902269,35.1549087],[138.9902387,35.1545424],[138.9902265,35.1543042],[138.9901534,35.1539905],[138.9900809,35.1537721],[138.9899993,35.153508],[138.9899641,35.1532965],[138.9899522,35.1531418],[138.9899697,35.1529472],[138.9900032,35.1527668],[138.9901359,35.1523886],[138.9902205,35.1520877],[138.9902955,35.151645],[138.9902808,35.1510945]]}},{"type":"Feature","properties":{"id":514042794,"name":"国道1号旧道","highway":"tertiary","role":null},"geometry":{"type":"LineString","coordinates":[[138.995906,35.1569048],[138.9959202,35.1568369],[138.9959236,35.1567523],[138.9959014,35.156655],[138.9958664,35.1565674],[138.9957602,35.1563128],[138.9954205,35.155809],[138.9951315,35.1553802],[138.9949417,35.1550987],[138.9949169,35.1550619],[138.9948404,35.1549354]]}},{"type":"Feature","properties":{"id":514042795,"name":"旧東海道","highway":"footway","role":null},"geometry":{"type":"LineString","coordinates":[[139.000066,35.1618192],[139.0002031,35.16182],[139.0003983,35.1618326],[139.0005516,35.1618538],[139.0007402,35.1619133],[139.0009284,35.162065]]}},{"type":"Feature","properties":{"id":514042797,"name":"国道1号","highway":"trunk","role":null},"geometry":{"type":"LineString","coordinates":[[139.0017052,35.1628125],[139.0016459,35.1627523],[139.0015367,35.1626414],[139.0014364,35.162529],[139.0013341,35.1624145],[139.0012469,35.1623168],[139.0010793,35.1621578],[139.0009284,35.162065]]}},{"type":"Feature","properties":{"id":514042800,"name":"国道1号","highway":"trunk","role":null},"geometry":{"type":"LineString","coordinates":[[139.0082599,35.1729608],[139.0078301,35.1728988],[139.0075965,35.1728593],[139.0074751,35.1728226]]}},{"type":"Feature","properties":{"id":514042811,"name":"旧東海道","highway":"tertiary","role":null},"geometry":{"type":"LineString","coordinates":[[139.0140107,35.1820467],[139.0141165,35.1820802],[139.0141614,35.1821078],[139.0142012,35.1821457],[139.0142254,35.1821928],[139.0142853,35.1823681],[139.0143075,35.1824637],[139.0143359,35.1825442],[139.0143995,35.1826931],[139.0144485,35.1827569],[139.0145036,35.1828041],[139.0146035,35.182835],[139.0146483,35.182835],[139.0146985,35.1828268],[139.0147542,35.1827806],[139.0148014,35.182716]]}},{"type":"Feature","properties":{"id":514042817,"name":"国道1号","highway":"trunk","role":null},"geometry":{"type":"LineString","coordinates":[[139.0140107,35.1820467],[139.0139349,35.1814971]]}},{"type":"Feature","properties":{"id":514042835,"name":"国道1号","highway":"trunk","role":null},"geometry":{"type":"LineString","coordinates":[[139.016472,35.1856172],[139.0164773,35.1855055],[139.0165531,35.1850221],[139.0165987,35.1847727],[139.0166377,35.1845678],[139.016639,35.1844196],[139.0165956,35.1842736],[139.0165322,35.1841265]]}},{"type":"Feature","properties":{"id":514042839,"name":"国道1号","highway":"trunk","role":null},"geometry":{"type":"LineString","coordinates":[[139.0274203,35.1915135],[139.0273857,35.1914754],[139.0273357,35.1914208],[139.0271953,35.1912667],[139.0270323,35.1910878],[139.0268713,35.1909112],[139.0267238,35.1907494],[139.0267058,35.1907313],[139.026697,35.1907224],[139.0265712,35.1905958],[139.0263398,35.1903628],[139.0262382,35.1902604],[139.026088,35.1901091],[139.0260514,35.1900723],[139.0259949,35.1900172],[139.0257298,35.1897586]]}},{"type":"Feature","properties":{"id":514042841,"name":"旧東海道","highway":"service","role":null},"geometry":{"type":"LineString","coordinates":[[139.02677,35.1937336],[139.0267331,35.193678]]}},{"type":"Feature","properties":{"id":514042843,"name":"国道1号","highway":"trunk","role":null},"geometry":{"type":"LineString","coordinates":[[139.0277043,35.1945323],[139.0276847,35.1944346],[139.0276571,35.1943705],[139.0276138,35.1942948],[139.0275537,35.1942176],[139.0275413,35.1942021],[139.0274294,35.1940674],[139.0273863,35.1940132],[139.0271593,35.1937275],[139.0270741,35.193561]]}},{"type":"Feature","properties":{"id":514042845,"name":"国道1号","highway":"trunk","role":null},"geometry":{"type":"LineString","coordinates":[[139.0308753,35.2009535],[139.030827,35.2008751],[139.0307709,35.2007737]]}},{"type":"Feature","properties":{"id":514042846,"name":"旧東海道","highway":"unclassified","role":null},"geometry":{"type":"LineString","coordinates":[[139.0331712,35.2029173],[139.0331143,35.2028462],[139.0330525,35.2027863],[139.0327464,35.2025394],[139.032553,35.2023895],[139.0324192,35.2023038],[139.0322638,35.202193],[139.0321824,35.2021303],[139.0320942,35.2019996],[139.0317835,35.2014672],[139.0316997,35.2013352],[139.031656,35.2012636],[139.0315845,35.2011904],[139.0315423,35.2011523],[139.0314494,35.2011047],[139.0312713,35.2010566],[139.0311292,35.2010297],[139.0310418,35.2010008],[139.0309788,35.2009778],[139.0309269,35.2009656],[139.0308753,35.2009535]]}},{"type":"Feature","properties":{"id":514042848,"name":"湯本元箱根線","highway":"secondary","role":null},"geometry":{"type":"LineString","coordinates":[[139.0535819,35.2038766],[139.0533955,35.2036799],[139.0533071,35.2036172],[139.0528416,35.2033388],[139.0527979,35.2033279],[139.0527582,35.2033325],[139.0527266,35.203353],[139.0527073,35.2033886],[139.0527057,35.2034211],[139.0527285,35.2034556],[139.0531472,35.203683],[139.0531795,35.2037178],[139.0531963,35.2037482],[139.0532002,35.2037887],[139.0531928,35.2038188],[139.0531588,35.2038547],[139.0531177,35.2038732],[139.0530594,35.203869],[139.0530165,35.203849],[139.0525727,35.2035607],[139.0522522,35.2032892],[139.0515121,35.202678],[139.0513089,35.2025742],[139.0508915,35.2025028]]}},{"type":"Feature","properties":{"id":514042850,"name":"湯本元箱根線","highway":"secondary","role":null},"geometry":{"type":"LineString","coordinates":[[139.0604381,35.2097519],[139.0607557,35.2093139],[139.0607746,35.2092617],[139.0607765,35.2092297],[139.060765,35.2091862],[139.0606909,35.2090916],[139.0604546,35.2089178],[139.0604014,35.2088983],[139.0603464,35.2088906],[139.0602932,35.2088969],[139.0602427,35.2089146],[139.0601931,35.2089692],[139.0597847,35.2096228],[139.0597514,35.2096637],[139.0596931,35.2097068],[139.0596579,35.2097296],[139.0596006,35.2097489],[139.0595031,35.2097558],[139.0594342,35.2097396],[139.059385,35.2097021],[139.0593636,35.2096525],[139.0593681,35.2095992],[139.0594523,35.2094741],[139.0595338,35.2093261],[139.0596442,35.2089589],[139.0596442,35.2088948],[139.0596313,35.2088449],[139.059606,35.2088025],[139.0595582,35.2087722],[139.059494,35.2087508],[139.0594182,35.2087474],[139.0593419,35.2087631],[139.0592896,35.2088028],[139.0592663,35.2088545],[139.0592484,35.2093087],[139.0592323,35.2093515],[139.0592006,35.2093904],[139.0591501,35.2094182],[139.0590758,35.2094276],[139.0590284,35.2094169]]}},{"type":"Feature","properties":{"id":514042852,"name":"湯本元箱根線","highway":"secondary","role":null},"geometry":{"type":"LineString","coordinates":[[139.0608682,35.2098739],[139.0609095,35.209822],[139.0610659,35.2096461],[139.0610871,35.2095979],[139.0610796,35.2095504],[139.0610549,35.2095212],[139.0610078,35.2095006],[139.0609435,35.2094957],[139.0608776,35.2095143],[139.0608304,35.2095435],[139.0607782,35.2096001]]}},{"type":"Feature","properties":{"id":514042854,"name":"湯本元箱根線","highway":"secondary","role":null},"geometry":{"type":"LineString","coordinates":[[139.0648739,35.2136912],[139.064859,35.2136602],[139.0648175,35.2136205],[139.0647808,35.2136004],[139.0644596,35.2135015],[139.06422,35.2134363],[139.0639795,35.2133589],[139.0639286,35.2133425],[139.063896,35.2133262],[139.0638583,35.2133073],[139.0637991,35.2132729],[139.0637134,35.2132123],[139.0636519,35.2131526],[139.0636148,35.2131131],[139.0635285,35.2129733],[139.0634656,35.212856],[139.0634575,35.2128405],[139.0633357,35.2126063],[139.0633198,35.2125838],[139.0632488,35.2124963],[139.0629554,35.2122377],[139.0628649,35.2121579],[139.0628008,35.2121014],[139.0626689,35.2119857],[139.0626303,35.2119561],[139.0626081,35.2119484],[139.0625674,35.2119429]]}},{"type":"Feature","properties":{"id":514042856,"name":"旧東海道","highway":"path","role":null},"geometry":{"type":"LineString","coordinates":[[139.0696929,35.2178234],[139.0696485,35.2178367],[139.069552,35.2178257],[139.0694737,35.2177853],[139.0694247,35.2177486],[139.0692641,35.217624],[139.0691122,35.217539],[139.0689763,35.2174791],[139.0688387,35.2174393],[139.068618,35.217413],[139.0684864,35.2174039],[139.0683905,35.2173961],[139.0682937,35.2173624],[139.0676555,35.2170912]]}},{"type":"Feature","properties":{"id":514042857,"name":"湯本元箱根線","highway":"secondary","role":null},"geometry":{"type":"LineString","coordinates":[[139.0669802,35.2166673],[139.0668131,35.2165658],[139.0662541,35.2162326],[139.0662058,35.2161875],[139.0661684,35.2161412],[139.0661516,35.2160955],[139.0661351,35.2157541],[139.0661117,35.215654],[139.0660858,35.2155871],[139.0660523,35.2155272],[139.0659915,35.2154714],[139.0659123,35.2154305]]}},{"type":"Feature","properties":{"id":514043836,"name":"旧東海道","highway":"unclassified","role":null},"geometry":{"type":"LineString","coordinates":[[139.1138561,35.2349783],[139.1138339,35.235009],[139.1137885,35.2350798],[139.1139055,35.2352945],[139.114059,35.2355099],[139.1142302,35.2357001],[139.1143006,35.2357728],[139.1143524,35.2358221],[139.1144048,35.2358696],[139.1145235,35.2359402],[139.1146545,35.2360082],[139.1148134,35.236199],[139.1149931,35.236449],[139.1151291,35.2366373],[139.1152809,35.2368231],[139.1154281,35.2369711],[139.1155667,35.237095],[139.1156307,35.2371332],[139.1157347,35.2371765],[139.1159367,35.2372881],[139.1161766,35.2374425],[139.1164368,35.2376619],[139.1165583,35.237758],[139.116695,35.2378492],[139.1168206,35.2379174],[139.1170416,35.2380158],[139.1172788,35.2381208],[139.1174036,35.2381684],[139.1175562,35.238201]]}},{"type":"Feature","properties":{"id":514043838,"name":"国道1号","highway":"trunk","role":null},"geometry":{"type":"LineString","coordinates":[[139.113929,35.2348752],[139.1137362,35.2347417],[139.1133982,35.2345407],[139.1129674,35.2343377],[139.1126242,35.2342165],[139.1122029,35.2341247]]}},{"type":"Feature","properties":{"id":514043840,"name":"国道1号","highway":"trunk","role":null},"geometry":{"type":"LineString","coordinates":[[139.1186909,35.2390632],[139.1182794,35.2387944],[139.117722,35.2383238],[139.1175562,35.238201]]}},{"type":"Feature","properties":{"id":514043843,"name":"国道1号","highway":"trunk","role":null},"geometry":{"type":"LineString","coordinates":[[139.1401194,35.2468259],[139.139936,35.2468563],[139.1398445,35.2468613],[139.1395234,35.2468588],[139.1393135,35.2468401],[139.137895,35.246642],[139.137721,35.2466197],[139.1375484,35.2466111],[139.1365688,35.2466264],[139.1360977,35.24659],[139.135323,35.2465026],[139.1351402,35.246494],[139.1349881,35.2465182],[139.1331587,35.2468878],[139.1329529,35.2469132],[139.1326988,35.24692]]}},{"type":"Feature","properties":{"id":514043845,"name":"国道1号","highway":"trunk","role":null},"geometry":{"type":"LineString","coordinates":[[139.1570765,35.2474375],[139.1565998,35.247339],[139.1563656,35.2473079],[139.1561245,35.247291],[139.1558369,35.2472855],[139.1553486,35.2472803],[139.1552767,35.2472744],[139.1552047,35.2472674],[139.1541146,35.2472226]]}},{"type":"Feature","properties":{"id":514043848,"name":"旧東海道","highway":"tertiary","role":null},"geometry":{"type":"LineString","coordinates":[[139.1650735,35.2526379],[139.1657339,35.2521069],[139.1659184,35.2519608]]}},{"type":"Feature","properties":{"id":514043850,"name":"国道1号","highway":"trunk","role":null},"geometry":{"type":"LineString","coordinates":[[139.1781746,35.2603086],[139.178326,35.260444]]}},{"type":"Feature","properties":{"id":514365557,"name":"国道1号","highway":"trunk","role":null},"geometry":{"type":"LineString","coordinates":[[139.2380086,35.2905111],[139.2377523,35.2901843],[139.2377253,35.2901566]]}},{"type":"Feature","properties":{"id":514365559,"name":"国道1号","highway":"trunk","role":null},"geometry":{"type":"LineString","coordinates":[[139.2460216,35.2938695],[139.2453596,35.2935435],[139.2448608,35.2933096],[139.2446306,35.2931988],[139.2445948,35.2931798],[139.24455,35.293156],[139.244355,35.293058],[139.2440471,35.292919],[139.2436534,35.2927428],[139.2431698,35.2925693],[139.2429753,35.2925005],[139.2428225,35.2924475],[139.2424552,35.2923203],[139.2420903,35.2921986],[139.2416281,35.2920619]]}},{"type":"Feature","properties":{"id":514365576,"name":"国道1号","highway":"trunk","role":null},"geometry":{"type":"LineString","coordinates":[[139.2774713,35.3043667],[139.2773365,35.3043536],[139.2773179,35.3043511],[139.2770113,35.3043188],[139.2761389,35.3042264],[139.2756947,35.3041793],[139.2749118,35.3040885],[139.2746449,35.3040611],[139.2741791,35.3040054],[139.2734253,35.3039249],[139.2732431,35.3038974],[139.2729825,35.3038458],[139.2726805,35.3037767],[139.2722578,35.3036307],[139.2721221,35.3035734],[139.2714579,35.3032815],[139.2713386,35.3032316],[139.2713099,35.3032203],[139.2708063,35.303006],[139.2706426,35.3029366],[139.2702841,35.3027848],[139.2694417,35.3024211],[139.2687993,35.302119]]}},{"type":"Feature","properties":{"id":514365577,"name":"旧東海道","highway":"tertiary","role":null},"geometry":{"type":"LineString","coordinates":[[139.2893401,35.3046573],[139.2900578,35.3042462],[139.2904392,35.3040278],[139.2906737,35.3039086],[139.2908422,35.3038282]]}},{"type":"Feature","properties":{"id":514369040,"name":"国道1号","highway":"trunk","role":null},"geometry":{"type":"LineString","coordinates":[[139.3134173,35.3073713],[139.3132959,35.307367],[139.3131778,35.3073639],[139.3130381,35.3073721],[139.3129049,35.3073918],[139.3127862,35.3074159],[139.3122644,35.307533],[139.3119548,35.3075934],[139.3118542,35.3076139]]}},{"type":"Feature","properties":{"id":514369041,"name":"国道1号","highway":"trunk","role":null},"geometry":{"type":"LineString","coordinates":[[139.3184957,35.3127277],[139.3180613,35.3124046],[139.3176665,35.3121243],[139.3175775,35.3120607],[139.3174949,35.3120005],[139.3174438,35.311962],[139.3168987,35.3115508],[139.3168228,35.3114829],[139.3166585,35.3113357],[139.3164865,35.3111157]]}},{"type":"Feature","properties":{"id":514369042,"name":"旧東海道","highway":"unclassified","role":null},"geometry":{"type":"LineString","coordinates":[[139.3204867,35.3158601],[139.3202934,35.3155438],[139.3202542,35.315501],[139.3199029,35.3149695],[139.3198302,35.3148523],[139.3191608,35.3137991],[139.3189428,35.3135028],[139.3187325,35.3132251],[139.318468,35.3128834],[139.3184612,35.3128549],[139.31847,35.3128109]]}},{"type":"Feature","properties":{"id":514369045,"name":"旧東海道","highway":"unclassified","role":null},"geometry":{"type":"LineString","coordinates":[[139.3234647,35.3192095],[139.3234045,35.3192071],[139.3233412,35.3191888],[139.3232798,35.319154],[139.3231715,35.3190776],[139.32303,35.3189656],[139.3228275,35.3187762],[139.3226044,35.3185545],[139.3223555,35.3182678],[139.3219648,35.3178383],[139.3217587,35.3175969],[139.3215252,35.3172937],[139.321489,35.3172441],[139.3213316,35.3170359]]}},{"type":"Feature","properties":{"id":514369046,"name":"国道1号","highway":"trunk","role":null},"geometry":{"type":"LineString","coordinates":[[139.3323996,35.3262388],[139.3321167,35.3257618],[139.3319963,35.3255588]]}},{"type":"Feature","properties":{"id":514369056,"name":"旧東海道","highway":"footway","role":null},"geometry":{"type":"LineString","coordinates":[[139.3361298,35.3270386],[139.3362428,35.3270607],[139.3367296,35.3271815],[139.3368566,35.3272249],[139.3370846,35.3273098]]}},{"type":"Feature","properties":{"id":514369058,"name":"旧東海道","highway":"tertiary","role":null},"geometry":{"type":"LineString","coordinates":[[139.3600568,35.3314318],[139.3594646,35.3313713],[139.3593871,35.3313633],[139.3592659,35.331351]]}},{"type":"Feature","properties":{"id":514374967,"name":"旧東海道","highway":"unclassified","role":null},"geometry":{"type":"LineString","coordinates":[[139.3694348,35.3320427],[139.3697191,35.3320624],[139.3698881,35.332128],[139.3705999,35.3322073],[139.3710532,35.3322336],[139.3714535,35.332244],[139.3716646,35.3322479]]}},{"type":"Feature","properties":{"id":514374977,"name":"国道1号","highway":"trunk","role":null},"geometry":{"type":"LineString","coordinates":[[139.3839539,35.3327956],[139.3844642,35.3327615]]}},{"type":"Feature","properties":{"id":514374978,"name":"国道1号","highway":"trunk","role":null},"geometry":{"type":"LineString","coordinates":[[139.3844642,35.3327615],[139.384531,35.3327556],[139.3846062,35.3327482],[139.3849071,35.3327267],[139.3856249,35.3327371],[139.3860881,35.3327438],[139.386374,35.3327237],[139.3866534,35.3326799],[139.3867762,35.3326454],[139.3868599,35.3326218],[139.3870513,35.3325581],[139.387308,35.3324407],[139.3873505,35.3324171],[139.3873801,35.3323982],[139.3875262,35.3323049],[139.3876681,35.3321996],[139.3879699,35.3319207],[139.3881744,35.3317249],[139.388463,35.3314274],[139.3889005,35.3309165],[139.3895634,35.3301845],[139.3896474,35.3300785]]}},{"type":"Feature","properties":{"id":514374980,"name":"国道1号","highway":"trunk","role":null},"geometry":{"type":"LineString","coordinates":[[139.3898535,35.3298452],[139.3900419,35.3296362]]}},{"type":"Feature","properties":{"id":514374981,"name":"国道1号","highway":"trunk","role":null},"geometry":{"type":"LineString","coordinates":[[139.3952907,35.3293008],[139.3956083,35.3293905],[139.3957799,35.3294355],[139.3966389,35.3296608],[139.3968783,35.3297262],[139.3969481,35.3297465],[139.3972771,35.3298371],[139.3978149,35.3299779],[139.3981825,35.3300718],[139.3982452,35.3300892],[139.398385,35.3301279],[139.3987407,35.3302666],[139.399501,35.330592],[139.3995356,35.3306089],[139.3999558,35.3307931],[139.4002166,35.3309062],[139.4004544,35.3310124],[139.4007812,35.3311644],[139.4007943,35.3311707],[139.4008549,35.3311998]]}},{"type":"Feature","properties":{"id":514374987,"name":"藤沢厚木線","highway":"primary","role":null},"geometry":{"type":"LineString","coordinates":[[139.4668081,35.3474023],[139.4667755,35.3474003],[139.4667188,35.3473977]]}},{"type":"Feature","properties":{"id":514374989,"name":"国道467号","highway":"trunk","role":null},"geometry":{"type":"LineString","coordinates":[[139.4864096,35.3461141],[139.4861207,35.3463225],[139.4857672,35.3465342]]}},{"type":"Feature","properties":{"id":514374991,"name":"湘南新道","highway":"primary","role":null},"geometry":{"type":"LineString","coordinates":[[139.4879669,35.3465177],[139.4883322,35.346958]]}},{"type":"Feature","properties":{"id":514374992,"name":"国道1号","highway":"trunk","role":null},"geometry":{"type":"LineString","coordinates":[[139.4952891,35.3619392],[139.4958638,35.3625617],[139.4960589,35.3627731],[139.4963959,35.363132],[139.4964696,35.3632105],[139.4968974,35.3636803],[139.4970421,35.3638476],[139.4971605,35.3640019],[139.4972747,35.3641695],[139.4974656,35.3645075],[139.4976985,35.3649114],[139.4978035,35.3650934],[139.4978943,35.3652376],[139.4985621,35.366263],[139.4986751,35.3664366],[139.4987616,35.3665694],[139.499013,35.3669916],[139.4992083,35.3673331],[139.4993398,35.3675701],[139.4995833,35.3679982],[139.5000443,35.3688516]]}},{"type":"Feature","properties":{"id":514381666,"name":"国道1号","highway":"trunk","role":null},"geometry":{"type":"LineString","coordinates":[[139.5503119,35.4199181],[139.5501512,35.4197922],[139.5498419,35.4195238],[139.5495763,35.4193114],[139.5495185,35.4192522],[139.5494854,35.4192182],[139.5494389,35.4191705],[139.5493892,35.4191101],[139.5493004,35.4189866],[139.5492401,35.4189072],[139.549137,35.418747],[139.5490493,35.4186287],[139.5489226,35.4184934]]}},{"type":"Feature","properties":{"id":514381669,"name":"国道1号","highway":"trunk","role":null},"geometry":{"type":"LineString","coordinates":[[139.5538199,35.421031],[139.5535074,35.4209687],[139.5532487,35.4209067],[139.5531717,35.4208871]]}},{"type":"Feature","properties":{"id":514381673,"name":"国道1号","highway":"trunk","role":null},"geometry":{"type":"LineString","coordinates":[[139.5954877,35.4440659],[139.595406,35.4440817],[139.5952231,35.444117],[139.594713,35.4442179],[139.5943233,35.4442968],[139.5940943,35.4443415],[139.594022,35.4443555],[139.5938001,35.4443983],[139.5937599,35.4444061],[139.5935186,35.4444542],[139.5933118,35.4444955],[139.5928919,35.4445874],[139.5927975,35.4446081],[139.5918471,35.4447979],[139.5917128,35.4448247],[139.591497,35.4448678],[139.5914502,35.4448772],[139.5912493,35.4449173],[139.5912206,35.4449233],[139.5910384,35.4449616],[139.5909284,35.4449848],[139.5906135,35.4450667]]}},{"type":"Feature","properties":{"id":514429246,"name":"環状1号;旧東海道","highway":"primary","role":null},"geometry":{"type":"LineString","coordinates":[[139.6156363,35.4688215],[139.6154914,35.4688018],[139.6152837,35.4687381],[139.6150813,35.4686454],[139.6148736,35.4685321],[139.6148168,35.4684993]]}},{"type":"Feature","properties":{"id":514429250,"name":"第一京浜","highway":"trunk","role":null},"geometry":{"type":"LineString","coordinates":[[139.6306769,35.4707639],[139.6309721,35.4710606],[139.631424,35.4715257]]}},{"type":"Feature","properties":{"id":514429256,"name":"鶴見銀座","highway":"residential","role":null},"geometry":{"type":"LineString","coordinates":[[139.6783726,35.5074489],[139.6783387,35.5073411],[139.6783184,35.507276],[139.6782539,35.5070624],[139.6781636,35.5067806],[139.6781359,35.5066976],[139.6779607,35.5063477],[139.6777298,35.5058932],[139.6776871,35.505809],[139.6775664,35.5056001],[139.677549,35.5055547]]}},{"type":"Feature","properties":{"id":514429258,"name":"第一京浜","highway":"trunk","role":null},"geometry":{"type":"LineString","coordinates":[[139.7204683,35.5557089],[139.7204129,35.5556352],[139.7202586,35.5554388],[139.7201178,35.5552522],[139.7200858,35.5552097],[139.7195539,35.5545195],[139.7195311,35.5544901],[139.7194757,35.5544172],[139.7194307,35.5543633],[139.7193987,35.5543211],[139.7191359,35.5539715],[139.7188833,35.5536335],[139.7187968,35.5535071],[139.7187226,35.5533964],[139.7185626,35.5531565],[139.7184129,35.5529414],[139.7182345,35.5527141],[139.7182083,35.5526807],[139.7181446,35.5526015]]}},{"type":"Feature","properties":{"id":514429260,"name":"第一京浜","highway":"trunk","role":null},"geometry":{"type":"LineString","coordinates":[[139.7236925,35.5600544],[139.7237733,35.5601499],[139.7239174,35.560312],[139.7241781,35.5606498],[139.7244817,35.5610444],[139.7245185,35.5610925],[139.7245809,35.561172],[139.7246422,35.5612473],[139.7246841,35.5612986]]}},{"type":"Feature","properties":{"id":514429262,"name":"第一京浜","highway":"trunk_link","role":null},"geometry":{"type":"LineString","coordinates":[[139.7337321,35.5731662],[139.7336241,35.5729982],[139.7335506,35.5729047],[139.7333606,35.5726628],[139.7332001,35.5724585],[139.7326343,35.571736],[139.7325987,35.5716906],[139.7325555,35.5716357]]}},{"type":"Feature","properties":{"id":514429265,"name":"第一京浜","highway":"trunk","role":null},"geometry":{"type":"LineString","coordinates":[[139.736448,35.5820773],[139.7364593,35.5825877],[139.7364491,35.5827764],[139.7364389,35.5828962]]}},{"type":"Feature","properties":{"id":514429266,"name":"第一京浜","highway":"trunk","role":null},"geometry":{"type":"LineString","coordinates":[[139.7358521,35.5900458],[139.7359361,35.5906837],[139.7360168,35.591246]]}},{"type":"Feature","properties":{"id":514429268,"name":"旧東海道","highway":"primary_link","role":null},"geometry":{"type":"LineString","coordinates":[[139.7364069,35.5913105],[139.7363765,35.5912788],[139.7363339,35.5912084],[139.7363083,35.5911381],[139.736283,35.5910722],[139.736233,35.5909677],[139.7361641,35.5908549]]}},{"type":"Feature","properties":{"id":514429271,"name":"旧東海道","highway":"tertiary","role":null},"geometry":{"type":"LineString","coordinates":[[139.7397397,35.6224699],[139.739768,35.6224117],[139.7400632,35.6220246],[139.7404111,35.6216212],[139.7404387,35.6215893],[139.7406149,35.621385],[139.7407971,35.6211712],[139.7411142,35.6208076],[139.7411738,35.6207449],[139.7414663,35.6204509],[139.7415689,35.6203533],[139.7416148,35.6203206],[139.7417143,35.6202496],[139.7418692,35.62014],[139.7420369,35.6200213],[139.7422808,35.6198175],[139.7423112,35.6197898],[139.7425504,35.6195808],[139.7429363,35.6192368],[139.7429438,35.6192303],[139.7430428,35.6191448],[139.7432457,35.618967],[139.743421,35.6188237],[139.7434694,35.618783],[139.7435625,35.6186788],[139.74365,35.6185713],[139.7437535,35.6184378],[139.7438137,35.618351],[139.7438377,35.6183164],[139.7438879,35.618239],[139.7439134,35.6181999],[139.743953,35.6181405]]}},{"type":"Feature","properties":{"id":514503755,"name":"茅ヶ崎一里塚","highway":null,"role":null},"geometry":{"type":"LineString","coordinates":[[139.4070917,35.3333158],[139.4072219,35.3333158],[139.4071626,35.3334233],[139.4071448,35.3334201],[139.4071156,35.3334088],[139.4071017,35.3333956],[139.4070955,35.3333711],[139.4070917,35.3333158]]}},{"type":"Feature","properties":{"id":523585521,"name":"旧東海道","highway":"unclassified","role":null},"geometry":{"type":"LineString","coordinates":[[137.0150313,35.0357719],[137.0151119,35.0356016]]}},{"type":"Feature","properties":{"id":523585522,"name":"旧東海道","highway":"unclassified","role":null},"geometry":{"type":"LineString","coordinates":[[137.0151119,35.0356016],[137.0151418,35.0355622],[137.015377,35.0350593],[137.015585,35.0346777],[137.0157453,35.0343931],[137.0158249,35.0342521],[137.0158356,35.0340872]]}},{"type":"Feature","properties":{"id":538982924,"name":"中央通り","highway":"trunk","role":null},"geometry":{"type":"LineString","coordinates":[[139.7707906,35.6777821],[139.7707349,35.6776941],[139.7705269,35.6773594],[139.7704827,35.6772861],[139.7704081,35.6771625],[139.7703698,35.677099],[139.7701172,35.6767003],[139.7699347,35.6764019],[139.7699064,35.6763557],[139.7698358,35.6762334]]}},{"type":"Feature","properties":{"id":538982925,"name":"中央通り","highway":"trunk","role":null},"geometry":{"type":"LineString","coordinates":[[139.7725539,35.6807934],[139.7726078,35.6808813],[139.7728894,35.681313],[139.772921,35.6813609],[139.7729519,35.6814085],[139.7729895,35.681469],[139.773271,35.6819231],[139.7735421,35.6823586],[139.7735686,35.6824012],[139.7736341,35.6825088]]}},{"type":"Feature","properties":{"id":538982926,"name":"中央通り","highway":"trunk","role":null},"geometry":{"type":"LineString","coordinates":[[139.7696877,35.6761707],[139.7697495,35.6762715],[139.769822,35.676391],[139.7700323,35.6767364],[139.7702704,35.6771284],[139.7703176,35.6772028],[139.7703881,35.6773126],[139.7704377,35.6773898],[139.7706246,35.6776877],[139.7706506,35.6777291],[139.7707052,35.6778162]]}},{"type":"Feature","properties":{"id":538982927,"name":"中央通り","highway":"trunk","role":null},"geometry":{"type":"LineString","coordinates":[[139.7650292,35.6711566],[139.7649184,35.6710464],[139.7642094,35.6703828],[139.7641697,35.6703456],[139.7641027,35.6702856],[139.7640403,35.6702234],[139.7632507,35.6694831],[139.7632147,35.6694494],[139.7631623,35.6693984],[139.7631113,35.6693445],[139.7623369,35.6686073],[139.7622983,35.6685705],[139.7622349,35.66851],[139.7621749,35.668454],[139.7613828,35.6677073],[139.7613463,35.6676729],[139.761266,35.6676018]]}},{"type":"Feature","properties":{"id":544695125,"name":"旧東海道","highway":"residential","role":null},"geometry":{"type":"LineString","coordinates":[[135.9521596,35.0017829],[135.9521431,35.0016054],[135.9521315,35.0015424],[135.9521161,35.001463]]}},{"type":"Feature","properties":{"id":545994654,"name":"万年橋（東海道）","highway":"trunk","role":null},"geometry":{"type":"LineString","coordinates":[[137.7329584,34.7082082],[137.7331916,34.7082038]]}},{"type":"Feature","properties":{"id":545994655,"name":"東海道","highway":"trunk","role":null},"geometry":{"type":"LineString","coordinates":[[137.7331916,34.7082038],[137.733237,34.7082027],[137.7339153,34.7081945],[137.7341238,34.708192]]}},{"type":"Feature","properties":{"id":548389578,"name":"富田停車場線","highway":"secondary","role":null},"geometry":{"type":"LineString","coordinates":[[136.651742,35.006725],[136.6518779,35.0066225],[136.6523408,35.0062717],[136.6524705,35.0061684],[136.6525281,35.0061182],[136.6524487,35.0060569],[136.6520843,35.0058535],[136.6520719,35.0058463],[136.6517792,35.0056926],[136.6513935,35.0054926]]}},{"type":"Feature","properties":{"id":550346831,"name":"国道1号","highway":"trunk","role":null},"geometry":{"type":"LineString","coordinates":[[139.1593832,35.2482142],[139.1582465,35.2478324]]}},{"type":"Feature","properties":{"id":550346832,"name":"国道1号","highway":"trunk","role":null},"geometry":{"type":"LineString","coordinates":[[139.1582465,35.2478324],[139.1578499,35.2476976],[139.1577135,35.2476512],[139.1575964,35.2476119],[139.1570765,35.2474375]]}},{"type":"Feature","properties":{"id":550346833,"name":"国道1号","highway":"trunk","role":null},"geometry":{"type":"LineString","coordinates":[[139.1541146,35.2472226],[139.152873,35.2470533],[139.1518249,35.2469024]]}},{"type":"Feature","properties":{"id":550346834,"name":"国道1号","highway":"trunk","role":null},"geometry":{"type":"LineString","coordinates":[[139.1518249,35.2469024],[139.1516993,35.246883]]}},{"type":"Feature","properties":{"id":550346835,"name":"国道1号","highway":"trunk","role":null},"geometry":{"type":"LineString","coordinates":[[139.1516993,35.246883],[139.1505661,35.2467289]]}},{"type":"Feature","properties":{"id":550346836,"name":"国道1号","highway":"trunk","role":null},"geometry":{"type":"LineString","coordinates":[[139.1505661,35.2467289],[139.1497577,35.2465996],[139.1495184,35.2465471],[139.1494109,35.2465275],[139.1491367,35.2464777],[139.1484042,35.2463119],[139.1481932,35.2462641],[139.1476499,35.2461431]]}},{"type":"Feature","properties":{"id":550346837,"name":"国道1号","highway":"trunk","role":null},"geometry":{"type":"LineString","coordinates":[[139.1597422,35.2483808],[139.1597117,35.2483424],[139.1596748,35.2483249],[139.1593832,35.2482142]]}},{"type":"Feature","properties":{"id":550689174,"name":"中央通り","highway":"trunk","role":null},"geometry":{"type":"LineString","coordinates":[[139.7746126,35.6845843],[139.7746484,35.6844382],[139.7746349,35.6843881],[139.7746023,35.6842667]]}},{"type":"Feature","properties":{"id":550689176,"name":"中央通り","highway":"trunk","role":null},"geometry":{"type":"LineString","coordinates":[[139.7745439,35.684048],[139.7744896,35.6838554]]}},{"type":"Feature","properties":{"id":550998990,"name":"旧東海道","highway":"path","role":null},"geometry":{"type":"LineString","coordinates":[[139.0192242,35.1871209],[139.0191949,35.1870804]]}},{"type":"Feature","properties":{"id":550998991,"name":"旧東海道","highway":"path","role":null},"geometry":{"type":"LineString","coordinates":[[139.0191949,35.1870804],[139.0191834,35.1870602],[139.019033,35.1867971],[139.0189254,35.1866036],[139.0185016,35.1861531],[139.0183514,35.186072],[139.0182254,35.1860632],[139.0177613,35.1861115],[139.0176353,35.1861093],[139.0174824,35.1859778],[139.0174395,35.1858243],[139.0174073,35.185684],[139.0173215,35.1856467],[139.0169084,35.1856358],[139.0166777,35.1856013],[139.0166034,35.1856094],[139.0165252,35.1856134],[139.016472,35.1856172]]}},{"type":"Feature","properties":{"id":552512198,"name":"島田吉田線","highway":"primary","role":null},"geometry":{"type":"LineString","coordinates":[[138.176774,34.8327146],[138.1767324,34.8327179],[138.1767028,34.832717]]}},{"type":"Feature","properties":{"id":552512199,"name":"島田吉田線","highway":"primary","role":null},"geometry":{"type":"LineString","coordinates":[[138.1767028,34.832717],[138.1763639,34.8327506],[138.1755264,34.8328242],[138.1748275,34.8328913],[138.174716,34.8329016],[138.1745841,34.8329131],[138.1742497,34.8329426],[138.1741007,34.8329559],[138.1739211,34.8329573],[138.173714,34.832928],[138.1735478,34.8328853],[138.1733937,34.8328292],[138.1728832,34.8326265],[138.172363,34.8325379],[138.1720422,34.8324999],[138.1720026,34.8324975],[138.1719478,34.8324954],[138.1716187,34.8324909],[138.1712562,34.8325035],[138.1709726,34.8325098],[138.1700446,34.8325648],[138.1696827,34.8325897],[138.1696336,34.8325953],[138.1689782,34.8326707],[138.1687777,34.8326937],[138.1687381,34.832699],[138.1685122,34.832729],[138.1678489,34.8327928],[138.1676686,34.8328102],[138.1675841,34.8328157],[138.1675367,34.8328188],[138.16582,34.8329308],[138.1654257,34.8329728],[138.164598,34.8330594],[138.1645219,34.8330674],[138.1643604,34.8330732],[138.1642667,34.8330766],[138.1637817,34.8330942],[138.1635752,34.8331124],[138.1635109,34.8331181],[138.163165,34.8331691],[138.1622986,34.8333195],[138.1615126,34.8334474]]}},{"type":"Feature","properties":{"id":552530363,"name":"島田岡部線","highway":"secondary","role":null},"geometry":{"type":"LineString","coordinates":[[138.1944764,34.8353793],[138.1933986,34.8351593],[138.193027,34.835101],[138.1926513,34.8350578]]}},{"type":"Feature","properties":{"id":552717283,"name":"三条通","highway":"secondary","role":null},"geometry":{"type":"LineString","coordinates":[[135.789888,35.0087605],[135.7901503,35.0083786],[135.7902141,35.0082431],[135.7902611,35.0080918],[135.7902883,35.0079769],[135.7903154,35.0078035],[135.7903584,35.0074023],[135.7903788,35.0072839],[135.7904239,35.0071195],[135.7906282,35.0066996],[135.7906979,35.0065712],[135.7909748,35.0061311],[135.7910207,35.0060523],[135.7910607,35.0059649],[135.7910952,35.0058925],[135.7911375,35.0057576],[135.7911594,35.00566],[135.7911746,35.0055579],[135.7911729,35.0054153],[135.7911646,35.0052771],[135.7911517,35.0051933],[135.7911301,35.0050945],[135.7910956,35.0049983],[135.7909624,35.0046965],[135.7908873,35.004511],[135.7908728,35.0044738],[135.7908482,35.0043269],[135.7908484,35.0041642],[135.7908795,35.0040193],[135.7909029,35.0039502],[135.7909371,35.0038935],[135.7910102,35.0037798],[135.7910695,35.0037029],[135.7911927,35.003581],[135.7913489,35.0034653],[135.791494,35.0033546],[135.7916002,35.0032597],[135.7917103,35.0031504],[135.7918094,35.0030185],[135.7918879,35.0028757],[135.792072,35.0025003],[135.7921217,35.0023988],[135.7922233,35.0021839],[135.7922657,35.0021079],[135.7922805,35.002078],[135.7924225,35.0018299],[135.7926234,35.001524],[135.7927955,35.0012816],[135.7928921,35.0011567],[135.7929706,35.0010646],[135.7931382,35.0008492],[135.7932014,35.0007681],[135.7932624,35.0006663],[135.793319,35.0005698],[135.7933532,35.0004921],[135.7933762,35.0004232],[135.793404,35.0003165],[135.7934217,35.0001746],[135.7934304,34.9999771],[135.793435,34.999867],[135.7934442,34.9997887],[135.7934619,34.9996881],[135.7934856,34.9996189],[135.7935201,34.9995493],[135.7935738,34.9994708],[135.793608,34.9994315],[135.7936326,34.9994023],[135.7936778,34.9993581]]}},{"type":"Feature","properties":{"id":552717288,"name":"三条通","highway":"secondary","role":null},"geometry":{"type":"LineString","coordinates":[[135.7901334,35.0082312],[135.7900165,35.0083945],[135.7898441,35.0086267],[135.7897886,35.0087071],[135.7897416,35.0087705],[135.7897013,35.0088188],[135.7896596,35.0088659],[135.7895982,35.0089222],[135.7894611,35.0090125],[135.7893922,35.0090529],[135.7893118,35.0090896],[135.7892413,35.0091135],[135.7891947,35.0091281],[135.7891467,35.0091431],[135.7889977,35.0091846],[135.7887915,35.0092341],[135.7884016,35.0093233]]}},{"type":"Feature","properties":{"id":552717291,"name":"三条通","highway":"secondary","role":null},"geometry":{"type":"LineString","coordinates":[[135.7884016,35.0093233],[135.7888085,35.0092895],[135.7889334,35.0092671],[135.7890648,35.0092338],[135.7892677,35.0091738],[135.7893238,35.0091524],[135.7894376,35.0091085],[135.789555,35.0090579],[135.7896346,35.0090205],[135.7897043,35.008977]]}},{"type":"Feature","properties":{"id":559596287,"name":"旧東海道","highway":"unclassified","role":null},"geometry":{"type":"LineString","coordinates":[[135.8919737,34.9912941],[135.891982,34.9915845],[135.8919637,34.9926968],[135.8919594,34.9931084],[135.8919587,34.9931749],[135.8919366,34.9938128],[135.8919237,34.9949001],[135.891923,34.9949581],[135.891923,34.9950147],[135.8919219,34.9962042],[135.8919223,34.9962869],[135.8919252,34.9968643],[135.8919287,34.9975772],[135.8919266,34.9976921],[135.8919326,34.9979521],[135.8919351,34.9982554],[135.8919519,34.9985114]]}},{"type":"Feature","properties":{"id":559970894,"name":"旧東海道","highway":"unclassified","role":null},"geometry":{"type":"LineString","coordinates":[[138.2132912,34.8402752],[138.2137163,34.8403904],[138.2140894,34.8405076],[138.2150626,34.8408776],[138.215365,34.8410161],[138.2156944,34.8411878]]}},{"type":"Feature","properties":{"id":561400056,"name":"旧東海道","highway":"unclassified","role":null},"geometry":{"type":"LineString","coordinates":[[137.5059032,34.6855145],[137.5047125,34.6862262],[137.5044165,34.6863888]]}},{"type":"Feature","properties":{"id":562121591,"name":"旧東海道","highway":"steps","role":null},"geometry":{"type":"LineString","coordinates":[[139.0610167,35.2098674],[139.0609838,35.2098581],[139.0609449,35.209903],[139.0608682,35.2098739]]}},{"type":"Feature","properties":{"id":562121593,"name":"旧東海道","highway":"service","role":null},"geometry":{"type":"LineString","coordinates":[[139.0625674,35.2119429],[139.0625515,35.2119018],[139.0625368,35.2118521],[139.0625246,35.2118015],[139.0624968,35.2116812],[139.0624656,35.2115863],[139.0624427,35.2115308],[139.062434,35.2115097],[139.0624022,35.2114578],[139.0623885,35.2114378],[139.0623664,35.2114056]]}},{"type":"Feature","properties":{"id":563801216,"name":"旧東海道","highway":"unclassified","role":null},"geometry":{"type":"LineString","coordinates":[[136.4154468,34.8557161],[136.416575,34.855914],[136.416657,34.855931],[136.4173744,34.8560695]]}},{"type":"Feature","properties":{"id":568498791,"name":"中央通り","highway":"trunk","role":null},"geometry":{"type":"LineString","coordinates":[[139.7688353,35.6747596],[139.7687221,35.674651],[139.7679219,35.6738992],[139.7678813,35.6738611],[139.7678195,35.673803],[139.7677581,35.6737456],[139.7669812,35.6730196],[139.7669418,35.6729827],[139.7668881,35.6729325],[139.7668103,35.6728587],[139.7660367,35.6721257],[139.7659974,35.6720885],[139.7659316,35.6720259],[139.7658687,35.6719656],[139.7652753,35.6713998],[139.7652342,35.6713606],[139.7651153,35.6712423]]}},{"type":"Feature","properties":{"id":568498792,"name":"第一京浜","highway":"trunk","role":null},"geometry":{"type":"LineString","coordinates":[[139.7488087,35.6475256],[139.7487531,35.6474968],[139.7486733,35.6474603],[139.7477483,35.6470325],[139.747471,35.6469134],[139.7473566,35.6468643],[139.7472987,35.6468394]]}},{"type":"Feature","properties":{"id":568498795,"name":"旧東海道","highway":"unclassified","role":null},"geometry":{"type":"LineString","coordinates":[[139.6639255,35.4917118],[139.6638764,35.491763]]}},{"type":"Feature","properties":{"id":568498796,"name":"第一京浜","highway":"trunk","role":null},"geometry":{"type":"LineString","coordinates":[[139.6317318,35.4713788],[139.6316661,35.4713127]]}},{"type":"Feature","properties":{"id":577323804,"name":"国道1号","highway":"trunk","role":null},"geometry":{"type":"LineString","coordinates":[[139.1847661,35.2653037],[139.1845572,35.2652427]]}},{"type":"Feature","properties":{"id":577323805,"name":"国道1号","highway":"trunk","role":null},"geometry":{"type":"LineString","coordinates":[[139.1845572,35.2652427],[139.1844226,35.265203],[139.1838139,35.2650237],[139.1837465,35.2650038],[139.1836658,35.26498]]}},{"type":"Feature","properties":{"id":581217560,"name":"旧東海道","highway":"tertiary","role":null},"geometry":{"type":"LineString","coordinates":[[138.2446448,34.8528295],[138.2445787,34.8527432]]}},{"type":"Feature","properties":{"id":581217566,"name":"旧東海道","highway":"tertiary","role":null},"geometry":{"type":"LineString","coordinates":[[138.2445787,34.8527432],[138.2445115,34.8526598],[138.2441781,34.8521399]]}},{"type":"Feature","properties":{"id":582200496,"name":"国道1号","highway":"trunk","role":null},"geometry":{"type":"LineString","coordinates":[[139.4008549,35.3311998],[139.4009685,35.3312616],[139.4010866,35.3313258],[139.4016336,35.3316949],[139.4021717,35.3320213],[139.4026707,35.3322375],[139.4027487,35.3322717],[139.4028307,35.3322967],[139.4034978,35.3325131],[139.4043343,35.3327661],[139.4044603,35.332802],[139.4045342,35.3328256],[139.405634,35.3331765]]}},{"type":"Feature","properties":{"id":589360720,"name":"亀山城跡線","highway":"secondary","role":null},"geometry":{"type":"LineString","coordinates":[[136.4571602,34.8536195],[136.4567333,34.8536725],[136.4565964,34.8536926],[136.4564292,34.8537221],[136.4561975,34.853777],[136.4560933,34.8538114],[136.4560411,34.8538301],[136.4559697,34.8538573],[136.4555662,34.8540433],[136.4551263,34.854244],[136.4549475,34.8543365],[136.4548463,34.8543968],[136.4546945,34.8544964],[136.4546042,34.8545647],[136.4545061,34.8546407],[136.4542065,34.854916],[136.4539988,34.8551064]]}},{"type":"Feature","properties":{"id":590450915,"name":"旧東海道","highway":"residential","role":null},"geometry":{"type":"LineString","coordinates":[[138.2820288,34.9174058],[138.2821099,34.9173279],[138.2821584,34.9172503],[138.282241,34.9170969],[138.2823747,34.9168417],[138.2823937,34.9167879],[138.2823959,34.9166976],[138.2823742,34.9166544],[138.2822368,34.916491],[138.2819277,34.916117],[138.2817692,34.9159375],[138.2816362,34.9157813],[138.2816023,34.9157158],[138.2815837,34.9156603],[138.281644,34.9156111],[138.2816843,34.9155783],[138.2816825,34.9154967],[138.2816785,34.9154083],[138.2815847,34.914974],[138.2815621,34.9147644],[138.2815699,34.9145557],[138.2815819,34.91431],[138.2815934,34.9141972],[138.2816164,34.9139833],[138.2816144,34.9138211],[138.2815984,34.9137437],[138.2815684,34.9136296],[138.281561,34.9136004],[138.281239,34.9127535],[138.2810252,34.9121898],[138.2807592,34.9115213],[138.280699,34.9113354],[138.2806876,34.9112471],[138.2806917,34.9108815]]}},{"type":"Feature","properties":{"id":590450916,"name":"旧東海道","highway":"unclassified","role":null},"geometry":{"type":"LineString","coordinates":[[138.3029527,34.929267],[138.3028922,34.929185],[138.3028188,34.929025],[138.3027862,34.9289329]]}},{"type":"Feature","properties":{"id":590450917,"name":"旧東海道","highway":"unclassified","role":null},"geometry":{"type":"LineString","coordinates":[[138.2999428,34.9248449],[138.299845,34.9249232],[138.2997447,34.9250133],[138.2997265,34.9250699]]}},{"type":"Feature","properties":{"id":590789977,"name":"旧東海道","highway":"residential","role":null},"geometry":{"type":"LineString","coordinates":[[138.3037414,34.9354118],[138.3037452,34.9353895],[138.3037445,34.935371],[138.3037314,34.9353561],[138.3037056,34.9353485],[138.3036804,34.9353474],[138.3036478,34.9353524],[138.3033687,34.9354505],[138.3032181,34.9354859],[138.3031808,34.9354777],[138.3031548,34.9354533]]}},{"type":"Feature","properties":{"id":590789978,"name":"旧東海道","highway":"residential","role":null},"geometry":{"type":"LineString","coordinates":[[138.3048463,34.9364371],[138.3045489,34.9361722],[138.3044148,34.9360301],[138.3043884,34.9360004],[138.3041157,34.9356928],[138.3040309,34.9356257]]}},{"type":"Feature","properties":{"id":590908537,"name":"島田岡部線","highway":"secondary","role":null},"geometry":{"type":"LineString","coordinates":[[138.1970644,34.8359077],[138.196157,34.8357189],[138.1961037,34.8357056]]}},{"type":"Feature","properties":{"id":590908538,"name":"島田岡部線","highway":"secondary","role":null},"geometry":{"type":"LineString","coordinates":[[138.2132912,34.8402752],[138.2130616,34.840188],[138.2119833,34.8397777],[138.2115202,34.8395885],[138.2109039,34.8393112],[138.2100552,34.838911],[138.209641,34.8387687],[138.2092167,34.8386548],[138.2091522,34.8386415],[138.2084266,34.8384918],[138.2077968,34.8383618],[138.2073914,34.8382758],[138.206993,34.8381912],[138.2064931,34.8380851],[138.2052597,34.8378471],[138.2049567,34.8377761],[138.2047534,34.837723],[138.2045802,34.8376778]]}},{"type":"Feature","properties":{"id":601579179,"name":"旧東海道","highway":"unclassified","role":null},"geometry":{"type":"LineString","coordinates":[[137.0486879,35.0056483],[137.0487279,35.0056375],[137.0493956,35.005451],[137.0494235,35.005442],[137.04996,35.0052721],[137.0502236,35.0051773]]}},{"type":"Feature","properties":{"id":603273043,"name":"白鳥豊橋線","highway":"secondary","role":null},"geometry":{"type":"LineString","coordinates":[[137.365208,34.7957137],[137.3652702,34.7956293],[137.3653283,34.7955624],[137.365339,34.7955488],[137.3656918,34.795203],[137.3657587,34.7951502],[137.3659772,34.7949064],[137.366011,34.7948638],[137.3667496,34.7940323],[137.3672888,34.7934155]]}},{"type":"Feature","properties":{"id":603273049,"name":"前芝小坂井停車場線","highway":"secondary","role":null},"geometry":{"type":"LineString","coordinates":[[137.364525,34.7975086],[137.364598,34.797091],[137.3647231,34.7966136],[137.3648338,34.7963279],[137.3651164,34.7958279],[137.365208,34.7957137]]}},{"type":"Feature","properties":{"id":603939550,"name":"国道1号","highway":"trunk","role":null},"geometry":{"type":"LineString","coordinates":[[138.9433752,35.1311209],[138.9435344,35.1312449],[138.9436947,35.1313549],[138.9438266,35.1314283]]}},{"type":"Feature","properties":{"id":603939556,"name":"旧東海道","highway":"tertiary","role":null},"geometry":{"type":"LineString","coordinates":[[138.9523243,35.1364693],[138.9523798,35.1365186],[138.9524227,35.1365488],[138.9524871,35.1365773],[138.9525408,35.1365976],[138.9525783,35.1366058],[138.9526367,35.1366179],[138.9527587,35.1366343],[138.9528681,35.1366457],[138.952992,35.136642],[138.9531069,35.1366242],[138.9532026,35.1366036],[138.9532854,35.1365912]]}},{"type":"Feature","properties":{"id":603939557,"name":"旧東海道","highway":"tertiary","role":null},"geometry":{"type":"LineString","coordinates":[[138.9449593,35.1325117],[138.9450353,35.1325364],[138.9453066,35.1326352],[138.946372,35.1330226],[138.9465595,35.1330908],[138.9468743,35.1332053],[138.9471662,35.13332],[138.9474057,35.1334141],[138.9475344,35.1334647],[138.9475678,35.1334778],[138.9476526,35.1335111],[138.9477654,35.1335555],[138.948124,35.1336979],[138.9482458,35.1337462],[138.9483903,35.1338144],[138.9486983,35.1339597],[138.9487768,35.1339976],[138.9490255,35.1341177],[138.9490846,35.1341586],[138.9491789,35.134224],[138.9493318,35.1343298],[138.9494487,35.1344222],[138.9496503,35.1345817],[138.9499653,35.1348678],[138.9504637,35.1351894],[138.9507328,35.1353631],[138.9508465,35.1354589],[138.951208,35.1357759],[138.9518588,35.1362267],[138.9519859,35.1363026],[138.9520742,35.1363465],[138.9521123,35.1363654],[138.9523243,35.1364693]]}},{"type":"Feature","properties":{"id":603951094,"name":"国道1号","highway":"trunk","role":null},"geometry":{"type":"LineString","coordinates":[[138.9902808,35.1510945],[138.9902726,35.1509948],[138.9902327,35.150401],[138.9902177,35.150055],[138.9902003,35.1499421],[138.990178,35.1498418],[138.9901047,35.1496189],[138.9899844,35.1494739],[138.989972,35.1494613],[138.989877,35.1493644],[138.9896742,35.1492466],[138.9891999,35.1491271]]}},{"type":"Feature","properties":{"id":603951096,"name":"国道1号旧道","highway":"tertiary","role":null},"geometry":{"type":"LineString","coordinates":[[138.9914087,35.1515806],[138.9912987,35.1514794],[138.9911806,35.1513848],[138.9909905,35.1512731],[138.990838,35.1511965],[138.9906863,35.151133],[138.9905555,35.1511106],[138.9904805,35.1511035],[138.9902808,35.1510945]]}},{"type":"Feature","properties":{"id":603951103,"name":"国道1号","highway":"trunk","role":null},"geometry":{"type":"LineString","coordinates":[[139.0137005,35.1799568],[139.0136641,35.1795712],[139.0136532,35.1793635]]}},{"type":"Feature","properties":{"id":604546681,"name":"国道1号","highway":"trunk","role":null},"geometry":{"type":"LineString","coordinates":[[138.528613,35.0542773],[138.52884,35.0544217],[138.5295315,35.0548994]]}},{"type":"Feature","properties":{"id":605563731,"name":"高島大津線","highway":"secondary","role":null},"geometry":{"type":"LineString","coordinates":[[135.8582596,34.9998284],[135.8582697,34.9998459],[135.8585606,35.0003941],[135.8586002,35.0004913],[135.8586388,35.0006064],[135.8586566,35.000686],[135.8586753,35.000816],[135.858702,35.0009779],[135.8587338,35.0010719],[135.8587889,35.0011742],[135.8587988,35.0011888],[135.8588218,35.0012229],[135.8588655,35.0012875],[135.8589325,35.0013884],[135.8590862,35.0016109],[135.8592872,35.0018933],[135.8594833,35.0021829],[135.8596439,35.0024409],[135.8600401,35.0030848]]}},{"type":"Feature","properties":{"id":605563732,"name":"東海道","highway":"trunk","role":null},"geometry":{"type":"LineString","coordinates":[[135.8577872,34.9952782],[135.8577872,34.9952638],[135.8577766,34.9951108],[135.8577597,34.9950178],[135.8577322,34.9949173],[135.8576921,34.9948047],[135.8576667,34.9947534],[135.8576323,34.9946915],[135.8575948,34.9946349],[135.8575191,34.9945297],[135.8574472,34.9944542],[135.8573468,34.9943652],[135.8572555,34.994296],[135.8571732,34.9942414],[135.8570749,34.9941911],[135.8569326,34.9941356],[135.8567888,34.9940982]]}},{"type":"Feature","properties":{"id":605871999,"name":"旧東海道","highway":"tertiary","role":null},"geometry":{"type":"LineString","coordinates":[[138.8450743,35.1005963],[138.8451486,35.100558]]}},{"type":"Feature","properties":{"id":610169996,"name":"第一京浜","highway":"trunk","role":null},"geometry":{"type":"LineString","coordinates":[[139.7545984,35.6568079],[139.754619,35.6569585],[139.7547209,35.6576286],[139.754868,35.6586941],[139.7548751,35.6587457],[139.7548833,35.6588132],[139.7548889,35.6588782],[139.7550256,35.6598855],[139.7550561,35.6600424],[139.7550644,35.6600879],[139.7550868,35.6602057]]}},{"type":"Feature","properties":{"id":610169999,"name":"第一京浜","highway":"trunk","role":null},"geometry":{"type":"LineString","coordinates":[[139.754318,35.6534953],[139.7542988,35.6533651],[139.7542812,35.6532249]]}},{"type":"Feature","properties":{"id":618449409,"name":"藤沢厚木線","highway":"primary","role":null},"geometry":{"type":"LineString","coordinates":[[139.4694644,35.3472412],[139.4693416,35.3472785],[139.4692068,35.3473194],[139.4688322,35.3474244],[139.4686069,35.3474648],[139.4684641,35.3474759]]}},{"type":"Feature","properties":{"id":618449413,"name":"藤沢厚木線","highway":"primary","role":null},"geometry":{"type":"LineString","coordinates":[[139.4663978,35.3473842],[139.4662715,35.3473707]]}},{"type":"Feature","properties":{"id":618449416,"name":"伊勢原藤沢線","highway":"primary","role":null},"geometry":{"type":"LineString","coordinates":[[139.4536793,35.3463706],[139.4537341,35.3463926],[139.4538138,35.3464245],[139.4539989,35.3464943],[139.4541656,35.3465467],[139.4545189,35.3466324],[139.4548756,35.346717],[139.4552414,35.3468038],[139.4556512,35.3468865],[139.4557094,35.3468982]]}},{"type":"Feature","properties":{"id":621420119,"name":"国道1号","highway":"trunk","role":null},"geometry":{"type":"LineString","coordinates":[[139.4465174,35.3446687],[139.4460035,35.3444936]]}},{"type":"Feature","properties":{"id":625917355,"name":"三条通","highway":"secondary","role":null},"geometry":{"type":"LineString","coordinates":[[135.7897043,35.008977],[135.789888,35.0087605]]}},{"type":"Feature","properties":{"id":628212544,"name":"第一京浜","highway":"trunk","role":null},"geometry":{"type":"LineString","coordinates":[[139.6532073,35.4855507],[139.6527816,35.4854217],[139.6523237,35.4853358],[139.6521821,35.4853161]]}},{"type":"Feature","properties":{"id":631239772,"name":"中央通り","highway":"trunk","role":null},"geometry":{"type":"LineString","coordinates":[[139.7744896,35.6838554],[139.774457,35.6837431],[139.7744431,35.683695],[139.7743619,35.6835368]]}},{"type":"Feature","properties":{"id":631239773,"name":"中央通り","highway":"trunk","role":null},"geometry":{"type":"LineString","coordinates":[[139.774396,35.683871],[139.7744454,35.6840643]]}},{"type":"Feature","properties":{"id":631239774,"name":"中央通り","highway":"trunk","role":null},"geometry":{"type":"LineString","coordinates":[[139.7746023,35.6842667],[139.7745439,35.684048]]}},{"type":"Feature","properties":{"id":631239775,"name":"中央通り","highway":"trunk","role":null},"geometry":{"type":"LineString","coordinates":[[139.774504,35.6842821],[139.7745367,35.6844054],[139.7745523,35.6844599],[139.774561,35.6844915],[139.7746126,35.6845843]]}},{"type":"Feature","properties":{"id":632685430,"name":"旧東海道","highway":"track","role":null},"geometry":{"type":"LineString","coordinates":[[136.5221022,34.8789604],[136.521984,34.8791893]]}},{"type":"Feature","properties":{"id":632685431,"name":"旧東海道","highway":"track","role":null},"geometry":{"type":"LineString","coordinates":[[136.522113,34.8789372],[136.5221022,34.8789604]]}},{"type":"Feature","properties":{"id":632685432,"name":"旧東海道","highway":"track","role":null},"geometry":{"type":"LineString","coordinates":[[136.521984,34.8791893],[136.5218452,34.8794874],[136.5218164,34.8795423]]}},{"type":"Feature","properties":{"id":632685466,"name":"旧東海道","highway":"track","role":null},"geometry":{"type":"LineString","coordinates":[[136.5208675,34.8775588],[136.5213041,34.8777169]]}},{"type":"Feature","properties":{"id":632685467,"name":"旧東海道","highway":"track","role":null},"geometry":{"type":"LineString","coordinates":[[136.519912,34.8780365],[136.5201196,34.8779605],[136.5207146,34.8777843],[136.5208125,34.8775775],[136.5208675,34.8775588]]}},{"type":"Feature","properties":{"id":637801092,"name":"長沢国府線","highway":"secondary","role":null},"geometry":{"type":"LineString","coordinates":[[137.3028987,34.8610854],[137.3028587,34.8611433]]}},{"type":"Feature","properties":{"id":637801096,"name":"長沢国府線","highway":"secondary","role":null},"geometry":{"type":"LineString","coordinates":[[137.3028587,34.8611433],[137.3028498,34.8611562],[137.3026683,34.861419],[137.3024844,34.8616987],[137.3023309,34.8619092],[137.3023071,34.8619433],[137.3019844,34.8624047],[137.3017934,34.8625967],[137.3015987,34.8628285],[137.3013029,34.8631465],[137.3010428,34.8633791],[137.3009212,34.8634617],[137.3006461,34.8635795],[137.2998884,34.863839],[137.2995518,34.8639606],[137.2994767,34.8639876],[137.2988793,34.8641948],[137.2987054,34.8642546],[137.2983766,34.8643676],[137.2971701,34.864763],[137.2967545,34.8648726],[137.2960997,34.8650391],[137.2959967,34.8650653],[137.2958813,34.8651102],[137.2956355,34.8652382],[137.2953215,34.8654071],[137.2949497,34.8655661],[137.2944566,34.865777],[137.2943932,34.8658266],[137.2943633,34.865842]]}},{"type":"Feature","properties":{"id":637801105,"name":"長沢国府線","highway":"secondary","role":null},"geometry":{"type":"LineString","coordinates":[[137.3110911,34.8522],[137.3110541,34.8522664]]}},{"type":"Feature","properties":{"id":637801109,"name":"長沢国府線","highway":"secondary","role":null},"geometry":{"type":"LineString","coordinates":[[137.3180219,34.8441371],[137.317686,34.8446014],[137.3174768,34.8448503],[137.3174235,34.8449064],[137.3172515,34.8450872],[137.3169128,34.8453918],[137.3165683,34.8457253],[137.3164753,34.8458396],[137.3164347,34.8458999],[137.3162314,34.8461823],[137.3161857,34.8462645],[137.315984,34.8466152],[137.315775,34.847198],[137.3154295,34.8478297],[137.3152943,34.8480593],[137.315135,34.8482635],[137.3147496,34.8486428],[137.3145045,34.8489314],[137.3142375,34.8491915],[137.3139275,34.8494291],[137.3137206,34.8495914],[137.3133532,34.8500097],[137.3131345,34.8503339],[137.3129552,34.850578],[137.3126724,34.8509089],[137.312322,34.8512263],[137.3119073,34.851529],[137.3115251,34.8517527],[137.3113961,34.8518472],[137.3110911,34.8522]]}},{"type":"Feature","properties":{"id":638624573,"name":"旧東海道","highway":"footway","role":null},"geometry":{"type":"LineString","coordinates":[[136.1178688,34.9845705],[136.1195701,34.9856547],[136.1198447,34.9858556]]}},{"type":"Feature","properties":{"id":638624574,"name":"旧東海道","highway":"footway","role":null},"geometry":{"type":"LineString","coordinates":[[136.1174301,34.9843886],[136.117482,34.9844059],[136.1176819,34.9844812]]}},{"type":"Feature","properties":{"id":638624579,"name":"旧東海道","highway":"footway","role":null},"geometry":{"type":"LineString","coordinates":[[136.1250083,34.9850619],[136.1249621,34.9850636],[136.1248849,34.9850899],[136.1247776,34.9851064],[136.1241098,34.9851647],[136.1239663,34.9851888],[136.1221048,34.9856217],[136.121445,34.9857811],[136.1212237,34.9858195],[136.1209112,34.9858597],[136.1207202,34.9858716]]}},{"type":"Feature","properties":{"id":638624581,"name":"旧東海道","highway":"footway","role":null},"geometry":{"type":"LineString","coordinates":[[136.1199776,34.9860825],[136.1199955,34.9860873],[136.1200305,34.986086]]}},{"type":"Feature","properties":{"id":638624582,"name":"旧東海道","highway":"footway","role":null},"geometry":{"type":"LineString","coordinates":[[136.1198565,34.9859937],[136.1199135,34.9860301],[136.1199776,34.9860825]]}},{"type":"Feature","properties":{"id":638624583,"name":"旧東海道","highway":"footway","role":null},"geometry":{"type":"LineString","coordinates":[[136.1198447,34.9858556],[136.1198759,34.9858909],[136.1198652,34.9859371],[136.119841,34.9859744],[136.1198565,34.9859937]]}},{"type":"Feature","properties":{"id":638624584,"name":"旧東海道","highway":"steps","role":null},"geometry":{"type":"LineString","coordinates":[[136.1207202,34.9858716],[136.120576,34.9858723],[136.1204169,34.9858597]]}},{"type":"Feature","properties":{"id":638624585,"name":"旧東海道","highway":"steps","role":null},"geometry":{"type":"LineString","coordinates":[[136.1200305,34.986086],[136.1201832,34.9860549],[136.1202953,34.9861073]]}},{"type":"Feature","properties":{"id":638624586,"name":"旧東海道","highway":"path","role":null},"geometry":{"type":"LineString","coordinates":[[136.1204169,34.9858597],[136.1202953,34.9861073]]}},{"type":"Feature","properties":{"id":642984736,"name":"旧東海道","highway":"tertiary","role":null},"geometry":{"type":"LineString","coordinates":[[138.468786,35.0133223],[138.4684049,35.013186],[138.4674619,35.0128488],[138.4670354,35.012724],[138.4663647,35.0125279],[138.4658435,35.0123563],[138.4650691,35.0121138],[138.46496,35.0120999],[138.4648599,35.0120686],[138.464768,35.0120055],[138.4647297,35.0119689],[138.4646764,35.0119179],[138.4646443,35.0118873],[138.4645657,35.011834],[138.4641118,35.011592],[138.4637403,35.0113903],[138.4634114,35.0112327],[138.4628495,35.0109997],[138.4626205,35.0109092],[138.4624785,35.0108665],[138.4623296,35.0108362],[138.4618825,35.0107685],[138.461597,35.0107286],[138.4614517,35.0106838],[138.4609252,35.0105386],[138.4605713,35.0104481],[138.4605512,35.0104431],[138.4604133,35.0104172],[138.4602749,35.010411],[138.4601179,35.0104234],[138.4599216,35.0104522],[138.4598811,35.010466],[138.4597441,35.0105132]]}},{"type":"Feature","properties":{"id":647726539,"name":"旧東海道","highway":"footway","role":null},"geometry":{"type":"LineString","coordinates":[[136.1177999,34.9845334],[136.1178688,34.9845705]]}},{"type":"Feature","properties":{"id":647726540,"name":"旧東海道","highway":"steps","role":null},"geometry":{"type":"LineString","coordinates":[[136.1176819,34.9844812],[136.1177999,34.9845334]]}},{"type":"Feature","properties":{"id":647801031,"name":"旧東海道","highway":"tertiary","role":null},"geometry":{"type":"LineString","coordinates":[[135.9020096,34.9800742],[135.9020048,34.9801595],[135.9019914,34.980375],[135.9019639,34.98052]]}},{"type":"Feature","properties":{"id":647801033,"name":"旧東海道","highway":"tertiary","role":null},"geometry":{"type":"LineString","coordinates":[[135.9020439,34.9797091],[135.9020096,34.9800742]]}},{"type":"Feature","properties":{"id":647801034,"name":"旧東海道","highway":"tertiary","role":null},"geometry":{"type":"LineString","coordinates":[[135.9020676,34.9794378],[135.902052,34.9796225],[135.9020439,34.9797091]]}},{"type":"Feature","properties":{"id":647801035,"name":"旧東海道","highway":"tertiary","role":null},"geometry":{"type":"LineString","coordinates":[[135.9020833,34.9792459],[135.9020719,34.9793475],[135.9020676,34.9794378]]}},{"type":"Feature","properties":{"id":648723352,"name":"旧東海道","highway":"unclassified","role":null},"geometry":{"type":"LineString","coordinates":[[135.8892753,35.0007516],[135.88933,35.0007675]]}},{"type":"Feature","properties":{"id":648723354,"name":"旧東海道","highway":"unclassified","role":null},"geometry":{"type":"LineString","coordinates":[[135.8892498,35.0007442],[135.8892753,35.0007516]]}},{"type":"Feature","properties":{"id":656235283,"name":"第一京浜","highway":"trunk","role":null},"geometry":{"type":"LineString","coordinates":[[139.7530113,35.6491821],[139.7530967,35.6493225],[139.7534419,35.6502469],[139.7534622,35.650302],[139.7534809,35.6503512],[139.7537657,35.6511077]]}},{"type":"Feature","properties":{"id":656235284,"name":"第一京浜","highway":"trunk","role":null},"geometry":{"type":"LineString","coordinates":[[139.7529459,35.649107],[139.7530113,35.6491821]]}},{"type":"Feature","properties":{"id":656499650,"name":"京町通（旧東海道）","highway":"unclassified","role":null},"geometry":{"type":"LineString","coordinates":[[135.8703773,35.0052151],[135.8703287,35.0052311]]}},{"type":"Feature","properties":{"id":656499653,"name":"京町通（旧東海道）","highway":"unclassified","role":null},"geometry":{"type":"LineString","coordinates":[[135.8717953,35.0047463],[135.871718,35.0047719],[135.8710498,35.0049927],[135.8709948,35.0050109],[135.8708348,35.0050638],[135.8703773,35.0052151]]}},{"type":"Feature","properties":{"id":667962674,"name":"中央通り","highway":"trunk","role":null},"geometry":{"type":"LineString","coordinates":[[139.7604623,35.6667775],[139.7605203,35.6668221],[139.760577,35.6668723],[139.7606339,35.6669311],[139.7608833,35.6672404],[139.7610755,35.6674848],[139.7611031,35.6675198],[139.7611885,35.6676284]]}},{"type":"Feature","properties":{"id":667962675,"name":"中央通り","highway":"trunk","role":null},"geometry":{"type":"LineString","coordinates":[[139.761266,35.6676018],[139.7611824,35.6674922],[139.7609642,35.6672041],[139.7607765,35.6669639],[139.7607312,35.6669059],[139.7606107,35.6667251]]}},{"type":"Feature","properties":{"id":668212003,"name":"旧東海道","highway":"tertiary","role":null},"geometry":{"type":"LineString","coordinates":[[136.0480958,35.0199813],[136.0481843,35.0199835],[136.0482728,35.0199505],[136.0483425,35.0198978],[136.0484391,35.0198121],[136.048549,35.0197221],[136.0487127,35.0196166],[136.0489111,35.0195288],[136.0493485,35.0193667]]}},{"type":"Feature","properties":{"id":668212004,"name":"旧東海道","highway":"tertiary","role":null},"geometry":{"type":"LineString","coordinates":[[136.0478865,35.0199571],[136.0480958,35.0199813]]}},{"type":"Feature","properties":{"id":670888325,"name":"旧東海道","highway":"tertiary","role":null},"geometry":{"type":"LineString","coordinates":[[139.7394238,35.5965596],[139.7394063,35.5965059],[139.7393816,35.5964406],[139.7393167,35.5962751],[139.7392037,35.5959721],[139.7391805,35.5959098],[139.7391516,35.5958343],[139.7390256,35.5955228]]}},{"type":"Feature","properties":{"id":677560097,"name":"旧東海道","highway":"residential","role":null},"geometry":{"type":"LineString","coordinates":[[136.2707371,34.9378434],[136.27079,34.9378152],[136.2711075,34.9378163],[136.2713909,34.9378103],[136.2716347,34.9378294],[136.2717917,34.9378441],[136.2719016,34.9378567],[136.2719784,34.9378693],[136.2720705,34.9378972],[136.2721507,34.9379297],[136.2723568,34.9380491],[136.272484,34.9381112],[136.2725886,34.9381616],[136.2726815,34.9382165],[136.2727888,34.9383148],[136.2727841,34.9383424],[136.2727781,34.9383778]]}},{"type":"Feature","properties":{"id":678605061,"name":"旧東海道","highway":"unclassified","role":null},"geometry":{"type":"LineString","coordinates":[[138.0672424,34.7860555],[138.0671459,34.7860642]]}},{"type":"Feature","properties":{"id":678605062,"name":"旧東海道","highway":"unclassified","role":null},"geometry":{"type":"LineString","coordinates":[[138.0671459,34.7860642],[138.0669044,34.7860865],[138.0665666,34.7861266],[138.0653103,34.7862757],[138.0651799,34.7862912]]}},{"type":"Feature","properties":{"id":678707542,"name":"保土ヶ谷停車場線","highway":"secondary","role":null},"geometry":{"type":"LineString","coordinates":[[139.5954877,35.4440659],[139.595556,35.4441449],[139.5960599,35.4447731],[139.5961001,35.444821],[139.5961162,35.4448409],[139.5961501,35.4448803],[139.5961779,35.4449138],[139.5962101,35.4449527],[139.5962954,35.4450512]]}},{"type":"Feature","properties":{"id":679472465,"name":"東海道","highway":"tertiary","role":null},"geometry":{"type":"LineString","coordinates":[[137.6187046,34.6838897],[137.6184884,34.6838831],[137.6182892,34.6838771],[137.6179513,34.6838858],[137.6178849,34.6838875],[137.6174896,34.6839094],[137.6164214,34.6840073],[137.6163357,34.6840152]]}},{"type":"Feature","properties":{"id":681517073,"name":"旧東海道","highway":"tertiary","role":null},"geometry":{"type":"LineString","coordinates":[[138.0762051,34.8020791],[138.0761953,34.8020123]]}},{"type":"Feature","properties":{"id":681517074,"name":"旧東海道","highway":"tertiary","role":null},"geometry":{"type":"LineString","coordinates":[[138.0761953,34.8020123],[138.0761689,34.8018624],[138.0760825,34.8015876],[138.0758853,34.8011567],[138.0757159,34.8007569],[138.0756237,34.8005659],[138.0755373,34.800433],[138.0753971,34.8002913],[138.0750866,34.7999986],[138.0748535,34.799752],[138.0747403,34.7996173],[138.07461,34.7994179],[138.0745636,34.7992939],[138.0745816,34.7991444],[138.0746709,34.7989279],[138.0747056,34.7988946],[138.074788,34.7988154]]}},{"type":"Feature","properties":{"id":681576936,"name":"旧東海道","highway":"tertiary","role":null},"geometry":{"type":"LineString","coordinates":[[135.8980252,34.985504],[135.8979628,34.9856074],[135.8978689,34.9858033],[135.8978333,34.9859118],[135.8978122,34.9860077],[135.8978004,34.9860703],[135.8977923,34.9861363],[135.8977649,34.986451],[135.8977618,34.9864813],[135.897757,34.9865174],[135.8977487,34.9865651],[135.8977032,34.9866765],[135.8975581,34.9869734],[135.8974642,34.9871274]]}},{"type":"Feature","properties":{"id":681576941,"name":"旧東海道","highway":"tertiary","role":null},"geometry":{"type":"LineString","coordinates":[[135.9019639,34.98052],[135.9019421,34.9806294],[135.9019283,34.9806714],[135.9018539,34.9808991],[135.9018272,34.9809674],[135.9017467,34.9811733],[135.9016967,34.9813014],[135.9016098,34.9815386],[135.9015731,34.9816205],[135.9015639,34.9816333],[135.901512,34.9817061],[135.9014442,34.9818925],[135.9013805,34.9820673],[135.901324,34.9822226],[135.9012993,34.9822914],[135.9012095,34.982488],[135.9011807,34.9825682],[135.9011679,34.9826373],[135.9011645,34.9831347],[135.9011411,34.9832302],[135.9011182,34.9833025],[135.9009502,34.9837018],[135.900914,34.9837901],[135.9008756,34.983884],[135.9007901,34.9840996],[135.9007481,34.9841549],[135.9006965,34.9842016],[135.9005933,34.984254],[135.9004732,34.9843032],[135.9002941,34.9843655],[135.9001232,34.9844052],[135.8997893,34.9844756],[135.8995733,34.984524],[135.8994895,34.9845543],[135.8994118,34.98459],[135.8993342,34.9846357],[135.8992057,34.9847372],[135.8990845,34.984846],[135.8989904,34.9849269],[135.8989443,34.9849614],[135.8988776,34.9849941],[135.8987482,34.9850399],[135.8986165,34.9850804],[135.8984924,34.9851223],[135.8983623,34.9851714],[135.8982778,34.9852125],[135.8982178,34.9852517],[135.8981709,34.9852943],[135.8981241,34.9853455],[135.8980252,34.985504]]}},{"type":"Feature","properties":{"id":681623609,"name":"旧東海道","highway":"tertiary","role":null},"geometry":{"type":"LineString","coordinates":[[135.9135178,34.9759681],[135.9134353,34.9758881]]}},{"type":"Feature","properties":{"id":681623610,"name":"旧東海道","highway":"tertiary","role":null},"geometry":{"type":"LineString","coordinates":[[135.913884,34.9763317],[135.9138007,34.9762425],[135.9135433,34.9759926],[135.9135178,34.9759681]]}},{"type":"Feature","properties":{"id":682394953,"name":"第一京浜","highway":"trunk","role":null},"geometry":{"type":"LineString","coordinates":[[139.7540982,35.6532423],[139.7541118,35.6533264],[139.7541205,35.6533796],[139.7541419,35.6535084]]}},{"type":"Feature","properties":{"id":682394956,"name":"第一京浜","highway":"trunk","role":null},"geometry":{"type":"LineString","coordinates":[[139.7540718,35.6530457],[139.7540982,35.6532423]]}},{"type":"Feature","properties":{"id":682394958,"name":"第一京浜","highway":"trunk","role":null},"geometry":{"type":"LineString","coordinates":[[139.7542812,35.6532249],[139.754256,35.6530252]]}},{"type":"Feature","properties":{"id":682394960,"name":"第一京浜","highway":"trunk","role":null},"geometry":{"type":"LineString","coordinates":[[139.754256,35.6530252],[139.7542506,35.6529822],[139.754244,35.6529302],[139.7542289,35.652847],[139.7542098,35.6527311]]}},{"type":"Feature","properties":{"id":683027214,"name":"東海道","highway":"secondary","role":null},"geometry":{"type":"LineString","coordinates":[[137.996334,34.7758137],[137.9958757,34.7757284]]}},{"type":"Feature","properties":{"id":683638309,"name":"東海道","highway":"trunk","role":null},"geometry":{"type":"LineString","coordinates":[[135.8567888,34.9940982],[135.856638,34.9940704],[135.8564622,34.9940653],[135.8562447,34.9940838]]}},{"type":"Feature","properties":{"id":683638310,"name":"東海道","highway":"trunk","role":null},"geometry":{"type":"LineString","coordinates":[[135.8562447,34.9940838],[135.8561303,34.9940971],[135.8559962,34.9941202]]}},{"type":"Feature","properties":{"id":683638311,"name":"東海道","highway":"trunk","role":null},"geometry":{"type":"LineString","coordinates":[[135.8559962,34.9941202],[135.8558333,34.9941328],[135.8557088,34.9941341],[135.8556071,34.9941329],[135.8555295,34.9941285],[135.8554579,34.9941132]]}},{"type":"Feature","properties":{"id":683638312,"name":"東海道","highway":"trunk","role":null},"geometry":{"type":"LineString","coordinates":[[135.857897,34.998821],[135.8578399,34.998659],[135.8577966,34.9985213],[135.8576844,34.9981898],[135.8575914,34.9979192],[135.8575408,34.9977597],[135.857513,34.9976605],[135.8574888,34.9975463],[135.8574762,34.9974708]]}},{"type":"Feature","properties":{"id":685047827,"name":"第一京浜","highway":"trunk","role":null},"geometry":{"type":"LineString","coordinates":[[139.6515182,35.4853136],[139.6519878,35.4853751],[139.652044,35.4853819],[139.6521559,35.4853965]]}},{"type":"Feature","properties":{"id":685047828,"name":"第一京浜","highway":"trunk","role":null},"geometry":{"type":"LineString","coordinates":[[139.649826,35.4850644],[139.6503185,35.4851447],[139.6506773,35.4852012],[139.6507842,35.4852163],[139.6513098,35.4852883],[139.6515182,35.4853136]]}},{"type":"Feature","properties":{"id":685047831,"name":"第一京浜","highway":"trunk","role":null},"geometry":{"type":"LineString","coordinates":[[139.6497087,35.4849554],[139.6494619,35.4849164],[139.6491627,35.4848722],[139.6489655,35.4848408]]}},{"type":"Feature","properties":{"id":685047832,"name":"第一京浜","highway":"trunk","role":null},"geometry":{"type":"LineString","coordinates":[[139.6498744,35.4849802],[139.6497087,35.4849554]]}},{"type":"Feature","properties":{"id":685047833,"name":"第一京浜","highway":"trunk","role":null},"geometry":{"type":"LineString","coordinates":[[139.6496589,35.4850398],[139.649826,35.4850644]]}},{"type":"Feature","properties":{"id":685047834,"name":"第一京浜","highway":"trunk","role":null},"geometry":{"type":"LineString","coordinates":[[139.6455171,35.4841415],[139.6456543,35.4841934],[139.6460146,35.4843194],[139.6460738,35.4843427],[139.6461458,35.4843688],[139.6462394,35.4844006],[139.6463609,35.4844434],[139.6465186,35.4844947],[139.6466716,35.4845423],[139.6467484,35.4845652],[139.6468275,35.4845843],[139.6469829,35.484616],[139.6471438,35.4846458],[139.64731,35.4846713],[139.647632,35.4847212],[139.6479568,35.484769],[139.6486089,35.4848733],[139.6489483,35.4849287],[139.6496589,35.4850398]]}},{"type":"Feature","properties":{"id":685047837,"name":"第一京浜","highway":"trunk","role":null},"geometry":{"type":"LineString","coordinates":[[139.6489655,35.4848408],[139.6486447,35.484787]]}},{"type":"Feature","properties":{"id":685047838,"name":"第一京浜","highway":"trunk","role":null},"geometry":{"type":"LineString","coordinates":[[139.6513715,35.485208],[139.6508794,35.4851396],[139.650807,35.4851287],[139.6505167,35.4850825],[139.6498744,35.4849802]]}},{"type":"Feature","properties":{"id":685047839,"name":"第一京浜","highway":"trunk","role":null},"geometry":{"type":"LineString","coordinates":[[139.6521821,35.4853161],[139.6520625,35.4852991],[139.6513715,35.485208]]}},{"type":"Feature","properties":{"id":686815228,"name":"いさご通り","highway":"tertiary","role":null},"geometry":{"type":"LineString","coordinates":[[139.7003946,35.5282159],[139.7004039,35.5282365],[139.7004291,35.5282928],[139.7004379,35.5283223],[139.700533,35.5286989],[139.7005624,35.5288008],[139.7005782,35.5288506],[139.7005962,35.5289132],[139.7006131,35.5289696],[139.7006289,35.5290163],[139.7006801,35.5291808],[139.700712,35.5292651],[139.7007235,35.529305],[139.7007464,35.5293981],[139.7008612,35.5298221],[139.7008761,35.5298769],[139.7008984,35.5299342]]}},{"type":"Feature","properties":{"id":688113768,"name":"旧東海道","highway":"tertiary","role":null},"geometry":{"type":"LineString","coordinates":[[139.3591803,35.3313409],[139.3590648,35.3313272],[139.3590102,35.3313202],[139.3585995,35.3312719],[139.3577193,35.3311751],[139.3576685,35.3311695],[139.3575766,35.3311594],[139.357488,35.3311492],[139.3574392,35.3311435],[139.3572192,35.3311181],[139.3564143,35.3309725],[139.3562994,35.3309517],[139.356173,35.3309292],[139.356108,35.3309176],[139.3551257,35.3307422],[139.35499,35.3307188],[139.3549093,35.3307045],[139.3540676,35.3305554],[139.3540054,35.3305444],[139.3539241,35.3305299],[139.3538545,35.3305174],[139.35379,35.3305057],[139.3532444,35.3304071],[139.3524293,35.3302982],[139.3523706,35.3302904],[139.3522617,35.3302758],[139.3521706,35.3302646],[139.3521098,35.330257],[139.351156,35.3301378],[139.3510424,35.3301236],[139.3509709,35.3301147],[139.3509064,35.3301066],[139.3508449,35.330099],[139.3505333,35.3300601],[139.3504732,35.3300526],[139.3503444,35.3300322]]}},{"type":"Feature","properties":{"id":688113782,"name":"旧東海道","highway":"tertiary","role":null},"geometry":{"type":"LineString","coordinates":[[139.3592659,35.331351],[139.3591803,35.3313409]]}},{"type":"Feature","properties":{"id":689110946,"name":"旧東海道","highway":"tertiary","role":null},"geometry":{"type":"LineString","coordinates":[[139.6957374,35.5257034],[139.6956753,35.525671]]}},{"type":"Feature","properties":{"id":689167736,"name":"旧東海道","highway":"unclassified","role":null},"geometry":{"type":"LineString","coordinates":[[135.9200133,34.9797866],[135.9200145,34.9797585]]}},{"type":"Feature","properties":{"id":689167737,"name":"旧東海道","highway":"unclassified","role":null},"geometry":{"type":"LineString","coordinates":[[135.920012,34.9798157],[135.9200133,34.9797866]]}},{"type":"Feature","properties":{"id":690601674,"name":"中央通り","highway":"trunk","role":null},"geometry":{"type":"LineString","coordinates":[[139.7743619,35.6835368],[139.7743305,35.683475]]}},{"type":"Feature","properties":{"id":690601675,"name":"中央通り","highway":"trunk","role":null},"geometry":{"type":"LineString","coordinates":[[139.7743305,35.683475],[139.7742752,35.6833839],[139.7740676,35.6830455],[139.7738656,35.6827218],[139.7738413,35.6826829],[139.7737674,35.6825677]]}},{"type":"Feature","properties":{"id":697801422,"name":"旧東海道","highway":"path","role":null},"geometry":{"type":"LineString","coordinates":[[139.0663415,35.214439],[139.0663488,35.2144561],[139.0663405,35.2144788],[139.0663091,35.2145012],[139.06623,35.2145202],[139.066133,35.2145498],[139.0660846,35.214579],[139.0660281,35.214612],[139.0659486,35.2146335],[139.0658418,35.2146577],[139.0657368,35.2146857],[139.0656905,35.2147288],[139.0656683,35.2147775],[139.0656731,35.2148234],[139.0656992,35.2149337],[139.0657314,35.2150086],[139.0657907,35.2151053],[139.0658593,35.2151983],[139.0658845,35.2152626],[139.0659123,35.2154305]]}},{"type":"Feature","properties":{"id":697801425,"name":"旧東海道","highway":"path","role":null},"geometry":{"type":"LineString","coordinates":[[139.0676555,35.2170912],[139.0675583,35.2171466],[139.0673837,35.2171187],[139.0673124,35.2170984],[139.0672367,35.2170552],[139.0671152,35.2169055],[139.0669913,35.2167452],[139.0669802,35.2166673]]}},{"type":"Feature","properties":{"id":699020346,"name":"国道1号","highway":"trunk","role":null},"geometry":{"type":"LineString","coordinates":[[137.187393,34.9469362],[137.1871532,34.9470433]]}},{"type":"Feature","properties":{"id":699832369,"name":"旧東海道","highway":"residential","role":null},"geometry":{"type":"LineString","coordinates":[[135.9571307,35.013554],[135.957171,35.0136254],[135.9572145,35.0137026],[135.9573188,35.0138587],[135.9574032,35.0139806],[135.9575005,35.0141145],[135.9575703,35.0142037],[135.9577178,35.0143865],[135.9577519,35.014429],[135.9578394,35.0145316],[135.9578917,35.0145928],[135.9579326,35.0146372],[135.9581349,35.0148742],[135.9582282,35.0149835],[135.9582515,35.0150116],[135.9586565,35.0154964],[135.9587746,35.0156344],[135.9590281,35.0159199],[135.9590529,35.0159479],[135.9594457,35.016425],[135.9596742,35.0167025],[135.9597703,35.0168192],[135.959792,35.0168456],[135.9599503,35.0170526],[135.9602226,35.0173685],[135.9603622,35.0175381],[135.9603894,35.0175691],[135.9607061,35.0179299],[135.9607152,35.0179403],[135.9608323,35.0180738]]}},{"type":"Feature","properties":{"id":699832370,"name":"立木橋","highway":"unclassified","role":null},"geometry":{"type":"LineString","coordinates":[[135.9571167,35.0133833],[135.9571209,35.0134755]]}},{"type":"Feature","properties":{"id":714128551,"name":"八丁往還通り","highway":"unclassified","role":null},"geometry":{"type":"LineString","coordinates":[[137.1528488,34.9568501],[137.1529281,34.9568723]]}},{"type":"Feature","properties":{"id":722000956,"name":"旧東海道","highway":"tertiary","role":null},"geometry":{"type":"LineString","coordinates":[[139.6711523,35.4941268],[139.671321,35.4942033],[139.6714456,35.4942651],[139.6715069,35.4942955],[139.6715569,35.4943214],[139.6718191,35.4944572]]}},{"type":"Feature","properties":{"id":722000957,"name":"旧東海道","highway":"unclassified","role":null},"geometry":{"type":"LineString","coordinates":[[139.674567,35.4968435],[139.6745921,35.49691],[139.6746629,35.4970886],[139.6747858,35.4973985],[139.6748798,35.4976356],[139.6749717,35.4978675],[139.6749952,35.4979266],[139.6750608,35.4980856],[139.675143,35.4983156],[139.675228,35.4986188],[139.6752416,35.4986604],[139.675363,35.49903],[139.6755091,35.4994078],[139.6757288,35.5000576]]}},{"type":"Feature","properties":{"id":722000958,"name":"旧東海道","highway":"tertiary","role":null},"geometry":{"type":"LineString","coordinates":[[139.6723734,35.4947653],[139.6725653,35.4948671],[139.6726897,35.494937],[139.6727176,35.4949527],[139.6729655,35.4950797],[139.6730691,35.4951327]]}},{"type":"Feature","properties":{"id":722000959,"name":"旧東海道","highway":"unclassified","role":null},"geometry":{"type":"LineString","coordinates":[[139.6730691,35.4951327],[139.6731661,35.4951824],[139.6733327,35.4952678],[139.6735132,35.4953602],[139.6737109,35.4954615],[139.67382,35.4955409],[139.6739033,35.4956016],[139.6740208,35.4957253],[139.6740396,35.495755],[139.6740635,35.4957927],[139.6741146,35.4958713]]}},{"type":"Feature","properties":{"id":722000960,"name":"旧東海道","highway":"unclassified","role":null},"geometry":{"type":"LineString","coordinates":[[139.6718191,35.4944572],[139.6720143,35.494563],[139.6723032,35.4947233],[139.6723734,35.4947653]]}},{"type":"Feature","properties":{"id":724858577,"name":"国道1号","highway":"trunk","role":null},"geometry":{"type":"LineString","coordinates":[[139.1122029,35.2341247],[139.1124123,35.2342616],[139.1128626,35.2344896],[139.1132775,35.2346952],[139.1138561,35.2349783]]}},{"type":"Feature","properties":{"id":724858578,"name":"国道1号","highway":"trunk","role":null},"geometry":{"type":"LineString","coordinates":[[139.1119717,35.2340473],[139.1117884,35.2339901],[139.1115137,35.2339205],[139.1114355,35.2339007],[139.1103539,35.2336656],[139.110201,35.2336525],[139.1100588,35.2336437],[139.1096953,35.2336339],[139.1093621,35.2336492],[139.1091418,35.2336813],[139.1088294,35.2337719]]}},{"type":"Feature","properties":{"id":725948961,"name":"旧東海道","highway":"unclassified","role":null},"geometry":{"type":"LineString","coordinates":[[136.2149545,34.9557902],[136.214926,34.9557819],[136.214917,34.9557744],[136.2148765,34.9557408]]}},{"type":"Feature","properties":{"id":727444009,"name":"国道1号","highway":"trunk","role":null},"geometry":{"type":"LineString","coordinates":[[136.5334511,34.8898798],[136.533663,34.88998],[136.533934,34.8900941],[136.534222,34.8901924],[136.534534,34.8902664],[136.5348195,34.8903113],[136.5351461,34.8903361],[136.5353867,34.8903422],[136.5357963,34.8903331],[136.5360993,34.8903115],[136.536429,34.8902814],[136.5371836,34.8902158],[136.5377479,34.8901662],[136.5382655,34.8901248],[136.5386301,34.8901201],[136.5389946,34.8901349],[136.5393022,34.8901771],[136.5395345,34.8902192],[136.5397623,34.8902784],[136.5400107,34.8903529],[136.5402589,34.8904402],[136.5405182,34.8905495],[136.5409684,34.8907764]]}},{"type":"Feature","properties":{"id":727444010,"name":"国道1号","highway":"trunk","role":null},"geometry":{"type":"LineString","coordinates":[[136.5328405,34.8895401],[136.5334511,34.8898798]]}},{"type":"Feature","properties":{"id":732644869,"name":"旧東海道","highway":"residential","role":null},"geometry":{"type":"LineString","coordinates":[[135.9519691,35.0027736],[135.9519567,35.0028346]]}},{"type":"Feature","properties":{"id":748918130,"name":"富士由比線","highway":"secondary","role":null},"geometry":{"type":"LineString","coordinates":[[138.629578,35.1555394],[138.628626,35.1554923],[138.6282761,35.1554788],[138.6279553,35.1554591],[138.627034,35.1553151],[138.6269884,35.1553118]]}},{"type":"Feature","properties":{"id":753466518,"name":"三条通","highway":"primary","role":null},"geometry":{"type":"LineString","coordinates":[[135.7722651,35.009098],[135.7723653,35.0091057]]}},{"type":"Feature","properties":{"id":754760836,"name":"中野子安線","highway":"secondary","role":null},"geometry":{"type":"LineString","coordinates":[[137.7885534,34.7271779],[137.7883608,34.7270007]]}},{"type":"Feature","properties":{"id":754760837,"name":"中野子安線","highway":"secondary","role":null},"geometry":{"type":"LineString","coordinates":[[137.7883608,34.7270007],[137.7883393,34.7269843],[137.7881445,34.7267981],[137.7881306,34.7267845],[137.7879253,34.7265854],[137.7879033,34.7265648],[137.7876157,34.7262894],[137.7875838,34.7262673],[137.7872371,34.726028],[137.7871871,34.7259993],[137.7866053,34.725587],[137.7860908,34.7252514],[137.7859566,34.725177],[137.7857013,34.7250107],[137.7851115,34.7246506],[137.784956,34.7245634],[137.784819,34.7244832],[137.7840707,34.7239942],[137.7838664,34.723859],[137.7833147,34.7235039],[137.7830528,34.7233271],[137.7827845,34.7231414],[137.7822962,34.7227347],[137.7814355,34.7220306],[137.7811954,34.7218472],[137.7811261,34.7218024],[137.7809518,34.7216578],[137.7806337,34.7213478],[137.7804385,34.7211926],[137.7801835,34.721074],[137.7798525,34.720976],[137.778838,34.7206956],[137.7787872,34.7206816],[137.7779435,34.7204384],[137.7767775,34.72004],[137.7764835,34.7199396],[137.776181,34.7198364],[137.7757939,34.7197042],[137.7757165,34.7196765],[137.7749334,34.7194248],[137.774158,34.7191651],[137.7740771,34.7191395],[137.7730941,34.7188105],[137.772988,34.7187737],[137.7718356,34.7183874],[137.7711177,34.7181194],[137.7702741,34.7178106],[137.7696588,34.7175937],[137.7690461,34.7173541],[137.7684506,34.7171404],[137.7682997,34.7170859],[137.7679466,34.71695],[137.7677951,34.7168889],[137.7672989,34.7166964],[137.767127,34.7166238],[137.7670073,34.7165663],[137.7669256,34.7165277],[137.7667211,34.7164216],[137.7657339,34.7158915],[137.7653696,34.7156861],[137.7648295,34.7154024],[137.7642696,34.7151723],[137.7638088,34.7149939],[137.7634833,34.714863],[137.762611,34.7144651],[137.7617002,34.7140267],[137.7609367,34.7136802],[137.7605131,34.7134976],[137.7604953,34.7134899],[137.760018,34.7132836]]}},{"type":"Feature","properties":{"id":754822042,"name":"磐田袋井線","highway":"secondary","role":null},"geometry":{"type":"LineString","coordinates":[[137.906139,34.7438132],[137.9060053,34.7437843]]}},{"type":"Feature","properties":{"id":758605712,"name":"旧東海道","highway":"unclassified","role":null},"geometry":{"type":"LineString","coordinates":[[138.6459097,35.1569595],[138.6458862,35.1569626],[138.6452829,35.1570505],[138.6451537,35.1570693],[138.6449665,35.1570685],[138.6448067,35.1570468],[138.6446648,35.1570114],[138.6445496,35.1569778],[138.6444372,35.156932],[138.6443283,35.1568964],[138.6440555,35.1568531],[138.6435856,35.1568214],[138.6434562,35.156828],[138.6433217,35.1568527],[138.6429945,35.1569982],[138.6427666,35.1570858],[138.6424229,35.1571721],[138.6412439,35.1573693],[138.6412065,35.1573768],[138.6409226,35.1574618],[138.6404157,35.1576567]]}},{"type":"Feature","properties":{"id":758605713,"name":"旧東海道","highway":"unclassified","role":null},"geometry":{"type":"LineString","coordinates":[[138.6459877,35.1569493],[138.6459097,35.1569595]]}},{"type":"Feature","properties":{"id":758841827,"name":"国道1号","highway":"trunk","role":null},"geometry":{"type":"LineString","coordinates":[[139.4105551,35.3347025],[139.4103328,35.334541]]}},{"type":"Feature","properties":{"id":758841828,"name":"国道1号","highway":"trunk","role":null},"geometry":{"type":"LineString","coordinates":[[139.4103328,35.334541],[139.4101771,35.33445],[139.4098397,35.3342701],[139.4095058,35.3341406],[139.4092885,35.3340904],[139.4090073,35.3340255],[139.4086725,35.3339774],[139.4083851,35.3339383],[139.4081172,35.3338895],[139.4078694,35.3338062],[139.4076512,35.3337199],[139.4073429,35.3335993],[139.4073139,35.3335877],[139.4070077,35.3334654]]}},{"type":"Feature","properties":{"id":760454553,"name":"京町通（旧東海道）","highway":"unclassified","role":null},"geometry":{"type":"LineString","coordinates":[[135.8620066,35.007952],[135.8620392,35.0079431],[135.8620749,35.0079332],[135.8621061,35.0079246]]}},{"type":"Feature","properties":{"id":760454554,"name":"旧東海道","highway":"residential","role":null},"geometry":{"type":"LineString","coordinates":[[135.7936021,34.9993084],[135.7936778,34.9993581]]}},{"type":"Feature","properties":{"id":760454556,"name":"草津伊賀線","highway":"primary","role":null},"geometry":{"type":"LineString","coordinates":[[136.1070414,34.9863862],[136.1070094,34.9863192],[136.1069513,34.9861919]]}},{"type":"Feature","properties":{"id":760652476,"name":"京町通（旧東海道）","highway":"unclassified","role":null},"geometry":{"type":"LineString","coordinates":[[135.8668779,35.0063705],[135.8667945,35.0063956],[135.8666775,35.0064307],[135.8665994,35.0064541]]}},{"type":"Feature","properties":{"id":760652477,"name":"京町通（旧東海道）","highway":"unclassified","role":null},"geometry":{"type":"LineString","coordinates":[[135.8665994,35.0064541],[135.8663241,35.0065469],[135.866107,35.0066167],[135.865746,35.0067326],[135.8648827,35.0070174],[135.8646024,35.0071086],[135.8645208,35.0071351]]}},{"type":"Feature","properties":{"id":760652478,"name":"京町通（旧東海道）","highway":"unclassified","role":null},"geometry":{"type":"LineString","coordinates":[[135.8703287,35.0052311],[135.8701509,35.0052899],[135.8695413,35.0054948],[135.8695271,35.0054994],[135.8690801,35.0056428],[135.8690113,35.0056649]]}},{"type":"Feature","properties":{"id":760652479,"name":"旧東海道","highway":"unclassified","role":null},"geometry":{"type":"LineString","coordinates":[[135.8771028,35.0040426],[135.8771809,35.0040221],[135.8776363,35.0038725]]}},{"type":"Feature","properties":{"id":760669183,"name":"旧三条通り;旧東海道","highway":"unclassified","role":null},"geometry":{"type":"LineString","coordinates":[[135.8133577,34.9912407],[135.8125441,34.9912297],[135.8120397,34.9912135],[135.811484,34.9912053],[135.8112936,34.9912105],[135.8108022,34.991261],[135.8107694,34.9912637],[135.810593,34.9912829],[135.810477,34.9913],[135.8103699,34.9913321],[135.8102785,34.9913757],[135.8100749,34.9915147],[135.8099447,34.991585],[135.8098051,34.9916235],[135.809542,34.9916379],[135.8091167,34.9916514],[135.8090748,34.9916535],[135.8082429,34.9917326],[135.8079431,34.9918071],[135.807884,34.9918174],[135.8077632,34.9918213]]}},{"type":"Feature","properties":{"id":760669184,"name":"大津畑橋","highway":"unclassified","role":null},"geometry":{"type":"LineString","coordinates":[[135.8139487,34.9912331],[135.8138755,34.9912341]]}},{"type":"Feature","properties":{"id":760669185,"name":"四宮橋","highway":"unclassified","role":null},"geometry":{"type":"LineString","coordinates":[[135.82226,34.9913021],[135.8221809,34.991306]]}},{"type":"Feature","properties":{"id":760669186,"name":"旧三条通り;旧東海道","highway":"unclassified","role":null},"geometry":{"type":"LineString","coordinates":[[135.8259911,34.9914987],[135.8256298,34.99147],[135.8254415,34.9914462],[135.8253228,34.9914321],[135.8250721,34.9914012],[135.8245884,34.9913422],[135.8241701,34.9912951],[135.8241478,34.9912926],[135.8237285,34.9912627],[135.8234609,34.9912615],[135.8228753,34.9912727],[135.8226135,34.9912807],[135.822297,34.9913001],[135.82226,34.9913021]]}},{"type":"Feature","properties":{"id":760669188,"name":"大津淀線","highway":"primary","role":null},"geometry":{"type":"LineString","coordinates":[[135.8402724,34.9903803],[135.8402248,34.9903523],[135.8401621,34.9903245],[135.8400582,34.9902792],[135.8399708,34.9902565],[135.8399038,34.9902497],[135.8398028,34.9902566],[135.8396654,34.990282],[135.839489,34.9903167],[135.839239,34.9903882],[135.8390251,34.9904552],[135.8387975,34.9905484],[135.8387564,34.9905639],[135.8385423,34.9906585],[135.8384064,34.9907234],[135.838286,34.9907632],[135.8381123,34.9907911],[135.8378461,34.9908263],[135.8375172,34.9908459],[135.8373267,34.9908489],[135.8371461,34.9908657],[135.8368408,34.9909219],[135.8364181,34.9910047]]}},{"type":"Feature","properties":{"id":760669195,"name":"東海道","highway":"trunk","role":null},"geometry":{"type":"LineString","coordinates":[[135.8577765,34.9953858],[135.8577872,34.9952782]]}},{"type":"Feature","properties":{"id":760669196,"name":"東海道","highway":"trunk","role":null},"geometry":{"type":"LineString","coordinates":[[135.8574762,34.9974708],[135.8574539,34.9973524],[135.8574454,34.9972984],[135.8574378,34.9972299],[135.8574352,34.9971491],[135.8574371,34.997024],[135.8574419,34.996969],[135.8574586,34.9968657],[135.8574881,34.99673],[135.8575492,34.9964543],[135.8576343,34.9960475],[135.8576947,34.9957632],[135.857759,34.9954783],[135.8577678,34.995438],[135.8577765,34.9953858]]}},{"type":"Feature","properties":{"id":760677481,"name":"旧東海道","highway":"residential","role":null},"geometry":{"type":"LineString","coordinates":[[135.7935422,34.9992496],[135.7936021,34.9993084]]}},{"type":"Feature","properties":{"id":760677485,"name":"旧東海道","highway":"residential","role":null},"geometry":{"type":"LineString","coordinates":[[135.799752,34.9944678],[135.7996684,34.9944817],[135.7996203,34.9944891]]}},{"type":"Feature","properties":{"id":760677486,"name":"旧東海道","highway":"unclassified","role":null},"geometry":{"type":"LineString","coordinates":[[135.8006042,34.99431],[135.8003788,34.9943537],[135.8001593,34.9943993],[135.7999631,34.9944327],[135.799752,34.9944678]]}},{"type":"Feature","properties":{"id":760677487,"name":"旧東海道","highway":"unclassified","role":null},"geometry":{"type":"LineString","coordinates":[[135.8022937,34.9939929],[135.8014915,34.9941208],[135.8010728,34.994203],[135.800871,34.9942426],[135.8006621,34.9942992],[135.8006504,34.9943014]]}},{"type":"Feature","properties":{"id":760677488,"name":"旧東海道","highway":"unclassified","role":null},"geometry":{"type":"LineString","coordinates":[[135.8032489,34.9937856],[135.8029288,34.9938614],[135.8022937,34.9939929]]}},{"type":"Feature","properties":{"id":760677489,"name":"旧東海道","highway":"unclassified","role":null},"geometry":{"type":"LineString","coordinates":[[135.8043746,34.9935483],[135.8039369,34.9936013],[135.8038007,34.9936272],[135.8036074,34.9936805],[135.8032489,34.9937856]]}},{"type":"Feature","properties":{"id":760743670,"name":"旧東海道","highway":"footway","role":null},"geometry":{"type":"LineString","coordinates":[[135.9519343,35.0031468],[135.9516907,35.0032528],[135.9516571,35.0033066],[135.9516165,35.0032805]]}},{"type":"Feature","properties":{"id":760743676,"name":"旧東海道","highway":"path","role":null},"geometry":{"type":"LineString","coordinates":[[135.951945,35.0029783],[135.9519066,35.0029935],[135.9516142,35.0031231],[135.9515458,35.0031462],[135.9514868,35.0031616]]}},{"type":"Feature","properties":{"id":760858194,"name":"旧東海道","highway":"unclassified","role":null},"geometry":{"type":"LineString","coordinates":[[135.9483292,34.9980785],[135.9482166,34.9979443]]}},{"type":"Feature","properties":{"id":760858195,"name":"旧東海道","highway":"unclassified","role":null},"geometry":{"type":"LineString","coordinates":[[135.9482166,34.9979443],[135.9481602,34.9978838]]}},{"type":"Feature","properties":{"id":760858197,"name":"旧東海道","highway":"unclassified","role":null},"geometry":{"type":"LineString","coordinates":[[135.9460138,34.9958371],[135.9459043,34.9957973],[135.9457576,34.9957585],[135.9456973,34.9957583],[135.945531,34.9957934],[135.9454039,34.9958045],[135.9453338,34.9958047],[135.9452577,34.9958017],[135.9451745,34.9957914],[135.9450582,34.9957679],[135.9449739,34.9957466],[135.9449397,34.9957316],[135.9449209,34.99572],[135.944907,34.9957066],[135.9448941,34.9956871],[135.9448888,34.9956722],[135.944884,34.9956519]]}},{"type":"Feature","properties":{"id":760858215,"name":"旧東海道","highway":"unclassified","role":null},"geometry":{"type":"LineString","coordinates":[[135.9416136,34.9906001],[135.9412943,34.9901483]]}},{"type":"Feature","properties":{"id":760858216,"name":"旧東海道","highway":"unclassified","role":null},"geometry":{"type":"LineString","coordinates":[[135.9412943,34.9901483],[135.9411834,34.9900258],[135.940847,34.9896815],[135.9407145,34.989554],[135.9405567,34.9894022]]}},{"type":"Feature","properties":{"id":760858217,"name":"旧東海道","highway":"unclassified","role":null},"geometry":{"type":"LineString","coordinates":[[135.9384097,34.987739],[135.9386162,34.9879165],[135.9387359,34.9880013],[135.9388694,34.988096]]}},{"type":"Feature","properties":{"id":760861625,"name":"旧東海道","highway":"unclassified","role":null},"geometry":{"type":"LineString","coordinates":[[135.9571209,35.0134755],[135.9571215,35.0134838],[135.9571307,35.013554]]}},{"type":"Feature","properties":{"id":763016652,"name":"旧東海道","highway":"unclassified","role":null},"geometry":{"type":"LineString","coordinates":[[138.6119901,35.1356697],[138.6118369,35.1359419],[138.6116259,35.136209],[138.6114669,35.1364102],[138.6114327,35.1364964],[138.6113343,35.1369875],[138.6113533,35.137054],[138.6115591,35.1375092],[138.6117341,35.1378691],[138.6119385,35.1382805],[138.6120761,35.138627],[138.612237,35.139157],[138.6125428,35.140058],[138.6126682,35.1403468],[138.6127552,35.1405502],[138.6127842,35.1406097],[138.6128335,35.140619],[138.6128945,35.140635]]}},{"type":"Feature","properties":{"id":763124841,"name":"旧東海道","highway":"unclassified","role":null},"geometry":{"type":"LineString","coordinates":[[138.6482432,35.1571278],[138.6480655,35.1571296],[138.6478247,35.1571119],[138.6476452,35.157073],[138.6473936,35.1569968],[138.6470658,35.1569175],[138.6468128,35.1569083],[138.6466306,35.1568986],[138.6461794,35.1569241],[138.6459877,35.1569493]]}},{"type":"Feature","properties":{"id":763124843,"name":"旧東海道","highway":"unclassified","role":null},"geometry":{"type":"LineString","coordinates":[[138.648337,35.157132],[138.6482432,35.1571278]]}},{"type":"Feature","properties":{"id":775147403,"name":"旧東海道","highway":"pedestrian","role":null},"geometry":{"type":"LineString","coordinates":[[138.9969051,35.1578478],[138.996846,35.1577528],[138.9967626,35.1576453],[138.9966934,35.1575979],[138.9965942,35.157548],[138.9965016,35.1575328],[138.9963755,35.1575413],[138.9962282,35.1575848],[138.996144,35.1575888],[138.9960649,35.1575651],[138.9959824,35.1575006],[138.9958986,35.1574051],[138.9958292,35.1573117],[138.9958173,35.1572196],[138.9958554,35.1571479],[138.9959091,35.1570589],[138.9959206,35.157003],[138.995906,35.1569048]]}},{"type":"Feature","properties":{"id":775535842,"name":"国道1号旧道","highway":"tertiary","role":null},"geometry":{"type":"LineString","coordinates":[[138.988081,35.1493526],[138.9878215,35.1495001],[138.9873549,35.1497237],[138.9871775,35.1498409],[138.987058,35.1499839],[138.9870304,35.1501043],[138.987053,35.1502411],[138.9871272,35.1503563],[138.9872417,35.1504653],[138.9875348,35.150672],[138.9879674,35.1509387],[138.988047,35.1509679],[138.9881227,35.1509729],[138.98826,35.150979]]}},{"type":"Feature","properties":{"id":775535849,"name":"国道1号","highway":"trunk","role":null},"geometry":{"type":"LineString","coordinates":[[138.98826,35.150979],[138.9882767,35.1511342],[138.9882646,35.1512721],[138.9882403,35.1514261],[138.9881829,35.1515761],[138.9881165,35.1517198],[138.9880333,35.1518616],[138.987921,35.1520091],[138.9877952,35.1521247],[138.9875996,35.1522824],[138.9873864,35.1524031],[138.9871566,35.1525009],[138.9869617,35.1525556],[138.9867764,35.1525969],[138.9867039,35.1526152],[138.9861822,35.1527253]]}},{"type":"Feature","properties":{"id":775535850,"name":"国道1号旧道","highway":"tertiary","role":null},"geometry":{"type":"LineString","coordinates":[[138.9861822,35.1527253],[138.9861523,35.1526484],[138.986071,35.1525361],[138.9859724,35.1524704],[138.9858823,35.1524133],[138.9857574,35.1523672],[138.9856459,35.1523504],[138.9855157,35.1523486],[138.9854232,35.1523627],[138.9853317,35.15239],[138.9852456,35.1524249],[138.9850144,35.1525587],[138.9848832,35.1526346],[138.9847831,35.1526918],[138.9846995,35.1527263],[138.9846045,35.1527495],[138.9845114,35.1527611],[138.9844064,35.1527613],[138.9842993,35.1527438],[138.9841978,35.1527084],[138.984121,35.1526642],[138.9838565,35.1524195],[138.9837599,35.1523302],[138.9837001,35.1523057],[138.9836349,35.1523104],[138.9835644,35.1523382]]}},{"type":"Feature","properties":{"id":775535853,"name":"国道1号","highway":"trunk","role":null},"geometry":{"type":"LineString","coordinates":[[138.9835644,35.1523382],[138.9835393,35.1522326],[138.9835334,35.1521258],[138.9835373,35.1520154],[138.9835621,35.1519009],[138.9835972,35.1518123],[138.9836436,35.1517201],[138.9837224,35.1516101],[138.9838423,35.1514754],[138.9839097,35.1514149],[138.9841214,35.1512487],[138.9845046,35.1509339],[138.9845965,35.1508643]]}},{"type":"Feature","properties":{"id":775535856,"name":"国道1号旧道","highway":"tertiary","role":null},"geometry":{"type":"LineString","coordinates":[[138.9845965,35.1508643],[138.9845045,35.1507712],[138.9843853,35.1506268],[138.9843374,35.1505713],[138.9842815,35.1505223],[138.9838591,35.1502585],[138.9837559,35.1501711],[138.983688,35.1500467],[138.9835911,35.149698],[138.983556,35.1495958]]}},{"type":"Feature","properties":{"id":786406124,"name":"藤沢厚木線","highway":"primary","role":null},"geometry":{"type":"LineString","coordinates":[[139.4765841,35.3472553],[139.47656,35.3472483],[139.4764513,35.3472169]]}},{"type":"Feature","properties":{"id":794593268,"name":"旧東海道","highway":"footway","role":null},"geometry":{"type":"LineString","coordinates":[[135.9516165,35.0032805],[135.9515702,35.0032381],[135.9514868,35.0031616]]}},{"type":"Feature","properties":{"id":797575950,"name":"旧東海道","highway":"tertiary","role":null},"geometry":{"type":"LineString","coordinates":[[136.4373062,34.8571149],[136.4369261,34.8571352],[136.436632,34.8571495],[136.4365394,34.857154],[136.4363179,34.8571644],[136.4360916,34.8571807]]}},{"type":"Feature","properties":{"id":815006256,"name":"旧東海道","highway":"unclassified","role":null},"geometry":{"type":"LineString","coordinates":[[139.5695612,35.4379569],[139.5694878,35.4377293]]}},{"type":"Feature","properties":{"id":815006257,"name":"旧東海道","highway":"unclassified","role":null},"geometry":{"type":"LineString","coordinates":[[139.5694878,35.4377293],[139.5694658,35.437667],[139.5693652,35.4373825],[139.569311,35.4372664]]}},{"type":"Feature","properties":{"id":815006258,"name":"旧東海道","highway":"unclassified","role":null},"geometry":{"type":"LineString","coordinates":[[139.572591,35.4407244],[139.5725812,35.4406647],[139.5725766,35.4406165],[139.5725693,35.4405224],[139.5725333,35.4401195],[139.5724864,35.4399664],[139.5723944,35.4398657],[139.5723455,35.4398122],[139.5722922,35.4397764],[139.5722231,35.43973],[139.5719343,35.4395972],[139.5713825,35.4393891],[139.571307,35.4393606]]}},{"type":"Feature","properties":{"id":821657973,"name":"国道1号","highway":"trunk","role":null},"geometry":{"type":"LineString","coordinates":[[139.4432889,35.344083],[139.4430241,35.3440562],[139.4427514,35.3440108],[139.442524,35.3439598],[139.4425065,35.3439588],[139.4423682,35.3439109],[139.4416448,35.3436849],[139.4411,35.3435147],[139.4406262,35.3433279],[139.440569,35.3433053],[139.4400966,35.3430762],[139.4396497,35.3428131],[139.4395681,35.3427547],[139.4392824,35.3425444],[139.4390499,35.3423555],[139.4389191,35.3422442],[139.4387574,35.3421066],[139.4385837,35.3419596],[139.4385282,35.3419127],[139.4378689,35.3414402],[139.4376269,35.3412708],[139.4374371,35.3411377],[139.4368839,35.3407545],[139.4367108,35.3406246],[139.4362888,35.3403002],[139.4362704,35.3402853],[139.4359013,35.3399931],[139.4355045,35.339703],[139.4351633,35.3394543],[139.435131,35.3394317],[139.4343097,35.3388287],[139.4342394,35.3387791],[139.4335542,35.3383386],[139.4331955,35.338108],[139.4329373,35.3379374],[139.4329121,35.3379207],[139.4326969,35.3377898]]}},{"type":"Feature","properties":{"id":822837163,"name":"国道1号","highway":"trunk","role":null},"geometry":{"type":"LineString","coordinates":[[139.262976,35.2995915],[139.2627025,35.2993857],[139.2624257,35.2992095],[139.2622517,35.2991288],[139.2620757,35.2990471],[139.2618216,35.2989701],[139.2613303,35.2988184],[139.2608552,35.2986723],[139.2604232,35.2985395],[139.2599444,35.2983989],[139.2587066,35.2980759]]}},{"type":"Feature","properties":{"id":822837164,"name":"国道1号","highway":"trunk","role":null},"geometry":{"type":"LineString","coordinates":[[139.2631666,35.299735],[139.262976,35.2995915]]}},{"type":"Feature","properties":{"id":822837173,"name":"旧東海道","highway":"unclassified","role":null},"geometry":{"type":"LineString","coordinates":[[139.2487448,35.2955063],[139.2487504,35.2955082],[139.248863,35.2954951],[139.2490025,35.2954294],[139.2491742,35.2953418],[139.2492922,35.2953068],[139.2494048,35.2952937],[139.2499305,35.2953548],[139.2501357,35.2953758],[139.2502364,35.295328]]}},{"type":"Feature","properties":{"id":822837174,"name":"旧東海道","highway":"unclassified","role":null},"geometry":{"type":"LineString","coordinates":[[139.2486723,35.2954815],[139.2487448,35.2955063]]}},{"type":"Feature","properties":{"id":828705046,"name":"第一京浜","highway":"trunk","role":null},"geometry":{"type":"LineString","coordinates":[[139.7364389,35.5828962],[139.7364359,35.5829229],[139.7364277,35.5829974]]}},{"type":"Feature","properties":{"id":828705047,"name":"第一京浜","highway":"trunk","role":null},"geometry":{"type":"LineString","coordinates":[[139.7362997,35.5839342],[139.736251,35.5842184],[139.7362429,35.5842723],[139.7362221,35.5843896]]}},{"type":"Feature","properties":{"id":828705049,"name":"第一京浜","highway":"trunk","role":null},"geometry":{"type":"LineString","coordinates":[[139.7366725,35.583037],[139.7366804,35.5829292]]}},{"type":"Feature","properties":{"id":828705051,"name":"第一京浜","highway":"trunk","role":null},"geometry":{"type":"LineString","coordinates":[[139.7366804,35.5829292],[139.7366875,35.5827938],[139.736701,35.5825702],[139.7367087,35.5824368],[139.7367003,35.5823252],[139.7366936,35.5822366],[139.7366813,35.5820489],[139.7366668,35.5819719]]}},{"type":"Feature","properties":{"id":835084872,"name":"旧東海道","highway":"unclassified","role":null},"geometry":{"type":"LineString","coordinates":[[138.6060842,35.1201548],[138.6060903,35.1201547],[138.6063448,35.120142],[138.6066802,35.1201634],[138.607112,35.1201955],[138.6073862,35.120234],[138.6077588,35.1202998],[138.6081986,35.1204044],[138.6083904,35.1204551],[138.6087278,35.1205636],[138.609164,35.1207114],[138.609843,35.1212544],[138.6105129,35.1217861]]}},{"type":"Feature","properties":{"id":835084873,"name":"旧東海道","highway":"unclassified","role":null},"geometry":{"type":"LineString","coordinates":[[138.6060095,35.1201563],[138.6060842,35.1201548]]}},{"type":"Feature","properties":{"id":835139532,"name":"旧東海道","highway":"unclassified","role":null},"geometry":{"type":"LineString","coordinates":[[139.467133,35.3477775],[139.4671904,35.3478371],[139.4672087,35.3478521],[139.4672288,35.3478599],[139.4672516,35.3478625],[139.4672888,35.3478608],[139.4673693,35.3478525],[139.4675847,35.347823],[139.4676702,35.3478085],[139.4677664,35.3477848],[139.468042,35.347713],[139.4680936,35.3476973],[139.4682081,35.3476568],[139.4683671,35.3475885],[139.4684641,35.3474759]]}},{"type":"Feature","properties":{"id":835163798,"name":"旧東海道","highway":"path","role":null},"geometry":{"type":"LineString","coordinates":[[139.0208834,35.1879889],[139.0207449,35.1879591],[139.0207051,35.187951],[139.0205541,35.1878792],[139.0204473,35.1878596],[139.0203301,35.1878539],[139.0201813,35.1878182],[139.0200354,35.18778],[139.0198534,35.1877664],[139.019752,35.1877365],[139.0196489,35.187682],[139.0195577,35.1876247],[139.0194709,35.1874953],[139.0193099,35.1872534],[139.0192242,35.1871209]]}},{"type":"Feature","properties":{"id":835168857,"name":"環状1号;旧東海道","highway":"primary","role":null},"geometry":{"type":"LineString","coordinates":[[139.6120443,35.4654816],[139.6121666,35.4655863],[139.6123851,35.4657775],[139.6127762,35.4661337],[139.6128217,35.4661998],[139.6129838,35.4664895],[139.6130208,35.4665431]]}},{"type":"Feature","properties":{"id":835168868,"name":"旧東海道","highway":"tertiary","role":null},"geometry":{"type":"LineString","coordinates":[[139.6086668,35.4628516],[139.6086435,35.4628224],[139.608466,35.4625745],[139.6083113,35.4623324],[139.6082171,35.4621392],[139.6078578,35.4614025]]}},{"type":"Feature","properties":{"id":835168869,"name":"旧東海道","highway":"tertiary","role":null},"geometry":{"type":"LineString","coordinates":[[139.6078578,35.4614025],[139.6075424,35.4608449],[139.6072982,35.4604581],[139.6068785,35.4599969],[139.6067595,35.4598645],[139.606627,35.4596615]]}},{"type":"Feature","properties":{"id":837311012,"name":"第一京浜","highway":"trunk","role":null},"geometry":{"type":"LineString","coordinates":[[139.7605238,35.6666153],[139.7604199,35.6664854],[139.759687,35.6656235],[139.7596349,35.6655622]]}},{"type":"Feature","properties":{"id":839769849,"name":"東海道","highway":"trunk","role":null},"geometry":{"type":"LineString","coordinates":[[137.680432,34.6877989],[137.6801628,34.6878022],[137.6800038,34.6878042],[137.6796511,34.6878086],[137.6795087,34.6878104],[137.6793867,34.6878119],[137.6793059,34.6878129],[137.6792322,34.6878138],[137.6786436,34.6878211],[137.6784496,34.6878235],[137.6783953,34.6878242],[137.678393,34.6878242],[137.6780971,34.6878279],[137.6779876,34.6878328],[137.6779221,34.6878358],[137.6778083,34.6878409],[137.6777075,34.6878455],[137.6776285,34.6878491],[137.6774014,34.6878554],[137.6773288,34.6878574]]}},{"type":"Feature","properties":{"id":841145476,"name":"旧東海道","highway":"unclassified","role":null},"geometry":{"type":"LineString","coordinates":[[136.2148107,34.9556748],[136.2147578,34.9556226],[136.2146901,34.9556045]]}},{"type":"Feature","properties":{"id":841145477,"name":"旧東海道","highway":"unclassified","role":null},"geometry":{"type":"LineString","coordinates":[[136.2148765,34.9557408],[136.2148107,34.9556748]]}},{"type":"Feature","properties":{"id":841348177,"name":"東海道","highway":"trunk","role":null},"geometry":{"type":"LineString","coordinates":[[137.6894081,34.6879852],[137.6892097,34.6879609],[137.6891059,34.6879482],[137.6890463,34.6879409],[137.6890225,34.6879382],[137.6889323,34.6879279],[137.6888179,34.687917],[137.6887033,34.6879081],[137.688658,34.6879055],[137.6885885,34.6879014],[137.6884736,34.6878967],[137.6881193,34.6878855],[137.6878256,34.6878763],[137.6874268,34.6878639],[137.6873851,34.6878626],[137.687251,34.6878588]]}},{"type":"Feature","properties":{"id":844163649,"name":"白鳥豊橋線","highway":"secondary","role":null},"geometry":{"type":"LineString","coordinates":[[137.3835171,34.7717148],[137.383554,34.7719463],[137.3836734,34.7723135],[137.3837744,34.7726089],[137.383818,34.7727163],[137.3838823,34.7728209],[137.3839454,34.7729074]]}},{"type":"Feature","properties":{"id":844163650,"name":"白鳥豊橋線","highway":"secondary","role":null},"geometry":{"type":"LineString","coordinates":[[137.3840266,34.7728402],[137.3839608,34.7727653],[137.3839132,34.7726915],[137.3838691,34.772617],[137.3836367,34.7719271],[137.3835171,34.7717148]]}},{"type":"Feature","properties":{"id":844163651,"name":"白鳥豊橋線","highway":"secondary","role":null},"geometry":{"type":"LineString","coordinates":[[137.3839454,34.7729074],[137.3839672,34.7729368]]}},{"type":"Feature","properties":{"id":844163709,"name":"旧東海道","highway":"tertiary","role":null},"geometry":{"type":"LineString","coordinates":[[137.3865309,34.7711515],[137.3864784,34.7709376],[137.3864553,34.7708436]]}},{"type":"Feature","properties":{"id":846683144,"name":"東海道","highway":"trunk","role":null},"geometry":{"type":"LineString","coordinates":[[137.6991498,34.6885871],[137.6989748,34.6885925],[137.698896,34.688595],[137.6986752,34.6885924],[137.6985635,34.6885911],[137.6984609,34.6885899],[137.6982582,34.6885877],[137.6980477,34.6885824],[137.6979891,34.6885796],[137.6974282,34.6885529],[137.6971457,34.6885395],[137.6970455,34.6885348],[137.6965415,34.688511],[137.696231,34.6884959],[137.6958643,34.688478],[137.6951577,34.6884437],[137.695069,34.6884394]]}},{"type":"Feature","properties":{"id":849235984,"name":"熱田橋","highway":"unclassified","role":null},"geometry":{"type":"LineString","coordinates":[[136.9135647,35.117437],[136.9132802,35.1175971]]}},{"type":"Feature","properties":{"id":849787670,"name":"富士由比線","highway":"secondary","role":null},"geometry":{"type":"LineString","coordinates":[[138.5788114,35.1137993],[138.5788057,35.1137976],[138.5782783,35.1136065],[138.5772694,35.1132669],[138.5768471,35.1131217],[138.5766206,35.1130357],[138.5763656,35.1129313],[138.5761311,35.1128221],[138.5757575,35.1126332],[138.5751778,35.1123129],[138.5750722,35.1122435],[138.5744688,35.1118813],[138.5742272,35.1117632],[138.5739632,35.1116541]]}},{"type":"Feature","properties":{"id":849787671,"name":"富士由比線","highway":"secondary","role":null},"geometry":{"type":"LineString","coordinates":[[138.5788971,35.1138256],[138.5788114,35.1137993]]}},{"type":"Feature","properties":{"id":849787672,"name":"富士由比線","highway":"secondary","role":null},"geometry":{"type":"LineString","coordinates":[[138.5804014,35.1142957],[138.5803955,35.1142945],[138.5801342,35.1142216],[138.5796259,35.1140897],[138.5793525,35.1139887],[138.5789028,35.1138273],[138.5788971,35.1138256]]}},{"type":"Feature","properties":{"id":849787673,"name":"富士由比線","highway":"secondary","role":null},"geometry":{"type":"LineString","coordinates":[[138.580492,35.1143144],[138.5804014,35.1142957]]}},{"type":"Feature","properties":{"id":854239334,"name":"第一京浜","highway":"trunk","role":null},"geometry":{"type":"LineString","coordinates":[[139.7592649,35.6654286],[139.7593146,35.6655004],[139.7593967,35.6656126]]}},{"type":"Feature","properties":{"id":854239336,"name":"第一京浜","highway":"trunk","role":null},"geometry":{"type":"LineString","coordinates":[[139.757989,35.6635694],[139.7578649,35.6634257],[139.75785,35.6634083],[139.7576071,35.6631266],[139.757538,35.6630466],[139.757461,35.6629554],[139.7571035,35.6625311],[139.7570717,35.6624934],[139.7569961,35.6624045],[139.7569274,35.6623084],[139.7565837,35.6618835],[139.7563623,35.6616098],[139.7559483,35.6611351],[139.7556854,35.6608106],[139.7554886,35.6605739],[139.7553355,35.6603925],[139.7552963,35.6603332],[139.7552704,35.6602555],[139.7552599,35.6601933]]}},{"type":"Feature","properties":{"id":885505238,"name":"第一京浜","highway":"trunk","role":null},"geometry":{"type":"LineString","coordinates":[[139.7441781,35.6452173],[139.7442922,35.6452997]]}},{"type":"Feature","properties":{"id":885505240,"name":"第一京浜","highway":"trunk","role":null},"geometry":{"type":"LineString","coordinates":[[139.7442922,35.6452997],[139.7444694,35.6454075],[139.7446455,35.645517]]}},{"type":"Feature","properties":{"id":885505241,"name":"第一京浜","highway":"trunk","role":null},"geometry":{"type":"LineString","coordinates":[[139.7442715,35.6451326],[139.7441523,35.6450414]]}},{"type":"Feature","properties":{"id":885505242,"name":"第一京浜","highway":"trunk","role":null},"geometry":{"type":"LineString","coordinates":[[139.743842,35.6447922],[139.7437121,35.6446849],[139.7434602,35.6444367],[139.7430053,35.6439205],[139.7429415,35.6438484],[139.7427622,35.6436158],[139.7423074,35.6428622],[139.7421104,35.6425305],[139.7420912,35.6424982],[139.7420288,35.6423932],[139.7417218,35.6418976]]}},{"type":"Feature","properties":{"id":888068937,"name":"第一京浜","highway":"trunk","role":null},"geometry":{"type":"LineString","coordinates":[[139.7469242,35.6466623],[139.7464493,35.6464224],[139.7461292,35.6462627],[139.7457696,35.6460711],[139.7446081,35.6453463],[139.7445549,35.6453133],[139.7442715,35.6451326]]}},{"type":"Feature","properties":{"id":888068938,"name":"第一京浜","highway":"trunk","role":null},"geometry":{"type":"LineString","coordinates":[[139.7469049,35.6467882],[139.7471905,35.6469233]]}},{"type":"Feature","properties":{"id":888068940,"name":"第一京浜","highway":"trunk","role":null},"geometry":{"type":"LineString","coordinates":[[139.7472566,35.6468208],[139.7469792,35.6466901]]}},{"type":"Feature","properties":{"id":888068943,"name":"第一京浜","highway":"trunk","role":null},"geometry":{"type":"LineString","coordinates":[[139.7471905,35.6469233],[139.7472312,35.6469426]]}},{"type":"Feature","properties":{"id":888068945,"name":"第一京浜","highway":"trunk","role":null},"geometry":{"type":"LineString","coordinates":[[139.7472987,35.6468394],[139.7472566,35.6468208]]}},{"type":"Feature","properties":{"id":888068947,"name":"第一京浜","highway":"trunk","role":null},"geometry":{"type":"LineString","coordinates":[[139.7468474,35.6467625],[139.7469049,35.6467882]]}},{"type":"Feature","properties":{"id":888068949,"name":"第一京浜","highway":"trunk","role":null},"geometry":{"type":"LineString","coordinates":[[139.7469792,35.6466901],[139.7469242,35.6466623]]}},{"type":"Feature","properties":{"id":892784586,"name":"国道1号","highway":"trunk","role":null},"geometry":{"type":"LineString","coordinates":[[139.5278365,35.3930331],[139.5275469,35.3929652],[139.52734,35.3929305],[139.5272054,35.3929224],[139.5270566,35.3929194],[139.5269611,35.3929175],[139.5266229,35.3929162]]}},{"type":"Feature","properties":{"id":893622427,"name":"旧東海道","highway":"footway","role":null},"geometry":{"type":"LineString","coordinates":[[135.8413827,34.9901378],[135.8410831,34.9901727],[135.8406606,34.9902716],[135.8402724,34.9903803]]}},{"type":"Feature","properties":{"id":893622428,"name":"旧東海道","highway":"footway","role":null},"geometry":{"type":"LineString","coordinates":[[135.8415311,34.9901299],[135.8414449,34.9901345],[135.8413827,34.9901378]]}},{"type":"Feature","properties":{"id":894593243,"name":"中央通り","highway":"trunk","role":null},"geometry":{"type":"LineString","coordinates":[[139.7605318,35.6666256],[139.7605238,35.6666153]]}},{"type":"Feature","properties":{"id":895804508,"name":"旧東海道","highway":"unclassified","role":null},"geometry":{"type":"LineString","coordinates":[[139.7106192,35.5424289],[139.7105704,35.5423647],[139.7105194,35.5423175]]}},{"type":"Feature","properties":{"id":903760733,"name":"旧東海道","highway":"unclassified","role":null},"geometry":{"type":"LineString","coordinates":[[135.9698509,35.0164515],[135.9699019,35.0164909]]}},{"type":"Feature","properties":{"id":904728748,"name":"旧東海道","highway":"footway","role":null},"geometry":{"type":"LineString","coordinates":[[135.9666707,35.0173191],[135.9666968,35.0173024],[135.96674,35.0173844],[135.9670456,35.0172451],[135.9675609,35.0170823],[135.9676314,35.0171081],[135.9676424,35.0171047],[135.9677362,35.017076]]}},{"type":"Feature","properties":{"id":904728749,"name":"旧東海道","highway":"footway","role":null},"geometry":{"type":"LineString","coordinates":[[135.9677362,35.017076],[135.9681245,35.0169686]]}},{"type":"Feature","properties":{"id":904881042,"name":"旧東海道","highway":"unclassified","role":null},"geometry":{"type":"LineString","coordinates":[[135.9636167,35.0170535],[135.9638938,35.016972],[135.9640761,35.0169361],[135.9642403,35.0169277],[135.9644624,35.0169083],[135.9647136,35.0168863],[135.9647324,35.0168844],[135.9649224,35.0168716],[135.9651351,35.0168677],[135.9652016,35.0168717],[135.9652478,35.0168883]]}},{"type":"Feature","properties":{"id":905492349,"name":"旧東海道","highway":"unclassified","role":null},"geometry":{"type":"LineString","coordinates":[[139.569311,35.4372664],[139.5692778,35.4371973],[139.5692525,35.4371446],[139.5692521,35.4370794]]}},{"type":"Feature","properties":{"id":929013758,"name":"第一京浜","highway":"trunk","role":null},"geometry":{"type":"LineString","coordinates":[[139.7595387,35.665449],[139.7594944,35.6653947],[139.758789,35.6645356],[139.7586563,35.6643735],[139.7583984,35.6640587],[139.7583403,35.6639889],[139.7582896,35.663928],[139.7582391,35.6638645],[139.7581087,35.6637081]]}},{"type":"Feature","properties":{"id":929013759,"name":"第一京浜","highway":"trunk","role":null},"geometry":{"type":"LineString","coordinates":[[139.7581087,35.6637081],[139.757989,35.6635694]]}},{"type":"Feature","properties":{"id":929157620,"name":"旧東海道","highway":"unclassified","role":null},"geometry":{"type":"LineString","coordinates":[[136.5034206,34.8732162],[136.5033575,34.8732462],[136.5033525,34.8732798],[136.5033811,34.8733621],[136.5033908,34.8733817],[136.5034709,34.8735437],[136.5034833,34.8735688]]}},{"type":"Feature","properties":{"id":929157621,"name":"旧東海道","highway":"unclassified","role":null},"geometry":{"type":"LineString","coordinates":[[136.5034833,34.8735688],[136.5035137,34.8736305]]}},{"type":"Feature","properties":{"id":940640161,"name":"国道1号","highway":"trunk","role":null},"geometry":{"type":"LineString","coordinates":[[136.3407626,34.8898169],[136.3412683,34.8898637],[136.3417541,34.8898986],[136.3420117,34.8898989],[136.3421602,34.8898771],[136.3423072,34.88984],[136.3425294,34.8897654],[136.3427429,34.8897007],[136.3429527,34.8896525],[136.3433452,34.8895728],[136.3437865,34.8894989],[136.3440208,34.8894532],[136.3442009,34.8894147],[136.3444555,34.8893396],[136.3447108,34.8892436],[136.345001,34.8891484],[136.3451422,34.8891277],[136.3453413,34.8891311],[136.3456106,34.8891989],[136.3465329,34.889439],[136.3466993,34.8894662],[136.3468056,34.8894738],[136.3469191,34.8894618]]}},{"type":"Feature","properties":{"id":943729802,"name":"旧東海道","highway":"unclassified","role":null},"geometry":{"type":"LineString","coordinates":[[136.5983847,34.9369443],[136.5983838,34.9369061],[136.5983832,34.9368843],[136.5983827,34.9368625],[136.5984195,34.9367703]]}},{"type":"Feature","properties":{"id":949944145,"name":"国道1号","highway":"trunk","role":null},"geometry":{"type":"LineString","coordinates":[[139.5266229,35.3929162],[139.5263653,35.3929045],[139.5262469,35.3928926],[139.5261125,35.3928618],[139.5258889,35.3927795]]}},{"type":"Feature","properties":{"id":949944803,"name":"国道1号","highway":"trunk","role":null},"geometry":{"type":"LineString","coordinates":[[139.5279107,35.3930553],[139.5278365,35.3930331]]}},{"type":"Feature","properties":{"id":950033476,"name":"旧東海道","highway":"footway","role":null},"geometry":{"type":"LineString","coordinates":[[135.8309149,34.9915699],[135.8309206,34.99156]]}},{"type":"Feature","properties":{"id":950033477,"name":"旧東海道","highway":"footway","role":null},"geometry":{"type":"LineString","coordinates":[[135.8301483,34.9912759],[135.830258,34.991313],[135.8309206,34.99156]]}},{"type":"Feature","properties":{"id":958605352,"name":"旧東海道","highway":"unclassified","role":null},"geometry":{"type":"LineString","coordinates":[[135.966582,35.0172508],[135.9666354,35.0173327]]}},{"type":"Feature","properties":{"id":961150858,"name":"旧東海道","highway":"residential","role":null},"geometry":{"type":"LineString","coordinates":[[136.5800682,34.919028],[136.5800311,34.918772],[136.5800029,34.9185695],[136.5800026,34.9184794]]}},{"type":"Feature","properties":{"id":964983853,"name":"旧東海道","highway":"tertiary","role":null},"geometry":{"type":"LineString","coordinates":[[139.6913107,35.5232038],[139.6911697,35.5231124],[139.6911467,35.5230974]]}},{"type":"Feature","properties":{"id":964983854,"name":"旧東海道","highway":"tertiary","role":null},"geometry":{"type":"LineString","coordinates":[[139.6911467,35.5230974],[139.6910703,35.5230479]]}},{"type":"Feature","properties":{"id":966474540,"name":"三条通","highway":"primary","role":null},"geometry":{"type":"LineString","coordinates":[[135.7728934,35.0091426],[135.7732178,35.0091656],[135.7735125,35.0092116]]}},{"type":"Feature","properties":{"id":967040868,"name":"旧東海道","highway":"tertiary","role":null},"geometry":{"type":"LineString","coordinates":[[139.6814778,35.5149791],[139.6815102,35.515022],[139.6815602,35.515089],[139.681659,35.515217],[139.6817701,35.5153465],[139.6819098,35.5154964],[139.6820118,35.5156045],[139.6820339,35.5156241],[139.6820535,35.5156395]]}},{"type":"Feature","properties":{"id":967040869,"name":"鶴見東口駅前通り","highway":"tertiary","role":null},"geometry":{"type":"LineString","coordinates":[[139.6799121,35.5127998],[139.6799547,35.5128597],[139.6803136,35.5133639]]}},{"type":"Feature","properties":{"id":968666306,"name":"第一京浜","highway":"trunk","role":null},"geometry":{"type":"LineString","coordinates":[[139.7374618,35.6287264],[139.7374549,35.6289401],[139.7374515,35.6290127]]}},{"type":"Feature","properties":{"id":968666308,"name":"第一京浜","highway":"trunk","role":null},"geometry":{"type":"LineString","coordinates":[[139.7376053,35.628689],[139.7376077,35.6285946],[139.7376132,35.6283933],[139.7376166,35.6283174]]}},{"type":"Feature","properties":{"id":969551527,"name":"東海道","highway":"secondary","role":null},"geometry":{"type":"LineString","coordinates":[[137.6554314,34.6843648],[137.6553884,34.6843579]]}},{"type":"Feature","properties":{"id":969551528,"name":"東海道","highway":"secondary","role":null},"geometry":{"type":"LineString","coordinates":[[137.6700433,34.687043],[137.6694807,34.6869283],[137.6690257,34.6868356],[137.6688572,34.6868012],[137.668834,34.6867965],[137.6687352,34.6867757],[137.6686369,34.6867536],[137.6684334,34.6867064],[137.6683499,34.6866871],[137.6681284,34.6866357],[137.6681015,34.6866295],[137.6679648,34.6865978],[137.667883,34.6865789],[137.6677985,34.6865593],[137.667511,34.6864927],[137.6671898,34.6864183],[137.6670061,34.6863757],[137.6669022,34.6863527],[137.6668621,34.6863447],[137.6667977,34.6863318],[137.6664071,34.6862565],[137.66638,34.6862513],[137.666343,34.6862442],[137.6659304,34.6861648],[137.6658824,34.686156],[137.6655903,34.6861027],[137.6653613,34.6860609],[137.6651928,34.6860301],[137.6649833,34.6859919],[137.6648658,34.6859695],[137.6648611,34.6859685],[137.664749,34.6859443],[137.6647168,34.6859371],[137.6645303,34.6858956],[137.6643124,34.6858471],[137.6640843,34.6857964],[137.6638801,34.685751],[137.6638404,34.6857422],[137.6637094,34.6857133],[137.6635774,34.6856864],[137.6632933,34.6856289],[137.6632591,34.685622],[137.6632152,34.6856131],[137.6628738,34.6855441],[137.6625205,34.6854727],[137.6624053,34.6854494],[137.6623659,34.6854414],[137.6622063,34.6854106],[137.6620464,34.6853808],[137.6619197,34.6853579],[137.6619003,34.6853543],[137.6618863,34.6853518],[137.6617259,34.6853238],[137.6612058,34.6852374],[137.6604835,34.6851174],[137.6604032,34.6851069],[137.659939,34.685046],[137.6598179,34.6850288],[137.6598091,34.6850276],[137.6596799,34.6850064],[137.6593465,34.6849494],[137.6593198,34.6849449],[137.6592972,34.684941],[137.659003,34.6848908],[137.658887,34.684871],[137.6588125,34.6848588],[137.6587378,34.6848479],[137.6585141,34.6848179],[137.6583758,34.6847993],[137.6582707,34.6847836],[137.6582449,34.6847796],[137.6581657,34.6847672],[137.657606,34.6846714],[137.6575935,34.6846695],[137.6574737,34.6846514],[137.6574383,34.6846471],[137.6573992,34.6846425],[137.6573406,34.6846354],[137.657062,34.6846068],[137.6569179,34.6845912],[137.6567743,34.6845728],[137.6563262,34.6845105],[137.656287,34.684505],[137.6562143,34.684494],[137.6561343,34.6844816],[137.6554791,34.6843725],[137.6554314,34.6843648]]}},{"type":"Feature","properties":{"id":974549263,"name":"旧東海道","highway":"footway","role":null},"geometry":{"type":"LineString","coordinates":[[138.9825244,35.1489158],[138.9825258,35.1488556],[138.9823904,35.1488135],[138.9822786,35.1487998],[138.9820396,35.148781],[138.9819409,35.1487572],[138.9818058,35.1487022],[138.981654,35.1486286],[138.9815601,35.148559],[138.9813933,35.1484363],[138.9811027,35.1482316],[138.9809685,35.1481438],[138.9806608,35.1479735],[138.9802282,35.1477409],[138.979952,35.1475799],[138.979558,35.147376],[138.9790354,35.1471114]]}},{"type":"Feature","properties":{"id":974549264,"name":"旧東海道","highway":"service","role":null},"geometry":{"type":"LineString","coordinates":[[138.9790354,35.1471114],[138.9785872,35.1468796],[138.9785041,35.1468663]]}},{"type":"Feature","properties":{"id":975326967,"name":"旧東海道","highway":"unclassified","role":null},"geometry":{"type":"LineString","coordinates":[[139.1200955,35.2402359],[139.1200126,35.2401469],[139.1197928,35.2399569],[139.1196409,35.2398375],[139.1195683,35.2397897],[139.1192316,35.2396343],[139.1190102,35.2395363],[139.1189439,35.2395055],[139.118887,35.2394603],[139.1186929,35.239264],[139.118646,35.2392002],[139.1186355,35.239167],[139.1186434,35.2391339],[139.1186909,35.2390632]]}},{"type":"Feature","properties":{"id":975332660,"name":"旧東海道","highway":"tertiary","role":null},"geometry":{"type":"LineString","coordinates":[[139.1402314,35.2469156],[139.1403556,35.2469569]]}},{"type":"Feature","properties":{"id":975332661,"name":"旧東海道","highway":"tertiary","role":null},"geometry":{"type":"LineString","coordinates":[[139.1401194,35.2468259],[139.1401492,35.2468688],[139.1402314,35.2469156]]}},{"type":"Feature","properties":{"id":975830470,"name":"国道1号","highway":"trunk","role":null},"geometry":{"type":"LineString","coordinates":[[139.3295095,35.3237138],[139.3296649,35.3238139],[139.3309215,35.3246237],[139.3309677,35.3246535],[139.331117,35.3247501]]}},{"type":"Feature","properties":{"id":975830471,"name":"国道1号","highway":"trunk","role":null},"geometry":{"type":"LineString","coordinates":[[139.3311623,35.3246551],[139.3310018,35.3245451],[139.3300939,35.323956],[139.3297124,35.3237085],[139.3295836,35.3235942]]}},{"type":"Feature","properties":{"id":975830473,"name":"国道1号","highway":"trunk","role":null},"geometry":{"type":"LineString","coordinates":[[139.3295836,35.3235942],[139.3295254,35.3235472]]}},{"type":"Feature","properties":{"id":975830474,"name":"国道1号","highway":"trunk","role":null},"geometry":{"type":"LineString","coordinates":[[139.329453,35.3236711],[139.3295095,35.3237138]]}},{"type":"Feature","properties":{"id":975955045,"name":"国道1号","highway":"trunk","role":null},"geometry":{"type":"LineString","coordinates":[[139.0253793,35.1894076],[139.0251218,35.1891322],[139.0250381,35.1890427]]}},{"type":"Feature","properties":{"id":990200717,"name":"第一京浜","highway":"trunk","role":null},"geometry":{"type":"LineString","coordinates":[[139.7256872,35.5625038],[139.7255981,35.5623793],[139.7252748,35.5619421],[139.725238,35.5618923],[139.724877,35.5614101]]}},{"type":"Feature","properties":{"id":990200719,"name":"第一京浜","highway":"trunk","role":null},"geometry":{"type":"LineString","coordinates":[[139.7255777,35.562497],[139.7256272,35.5625626]]}},{"type":"Feature","properties":{"id":990200721,"name":"第一京浜","highway":"trunk","role":null},"geometry":{"type":"LineString","coordinates":[[139.7256272,35.5625626],[139.7256879,35.5626464],[139.7262754,35.5634153],[139.7266834,35.5639491],[139.7267405,35.5640237],[139.7267803,35.5640747],[139.7270887,35.5644931],[139.7272276,35.5646815],[139.7274002,35.5649096],[139.7274606,35.5649976],[139.727512,35.5650699],[139.728137,35.5659401],[139.7284954,35.5664414],[139.7288276,35.5668931],[139.7288633,35.5669417],[139.728899,35.5669905],[139.7289356,35.5670399],[139.7290924,35.5672455],[139.7294198,35.5676766],[139.730243,35.5687583],[139.7303159,35.5688533],[139.7303888,35.5689533],[139.7308513,35.5695596],[139.7310108,35.5697689],[139.7315686,35.5705008],[139.7316153,35.5705776],[139.7316556,35.5706416],[139.7316989,35.5707195],[139.7317928,35.5708894],[139.7318988,35.5710825],[139.7320762,35.5713138],[139.7321669,35.5714292],[139.7322846,35.5715783],[139.7323472,35.5716575],[139.7324111,35.5717396],[139.7324522,35.5717897],[139.7326314,35.5720304],[139.7326843,35.5720991],[139.7329279,35.5724154],[139.7333698,35.5729916],[139.7335324,35.5732457],[139.7335908,35.5733471],[139.7336182,35.5734],[139.733643,35.5734535]]}},{"type":"Feature","properties":{"id":993380116,"name":"第一京浜","highway":"trunk","role":null},"geometry":{"type":"LineString","coordinates":[[139.7407889,35.6402207],[139.7408347,35.6403033],[139.7409075,35.6404772]]}},{"type":"Feature","properties":{"id":993380118,"name":"第一京浜","highway":"trunk","role":null},"geometry":{"type":"LineString","coordinates":[[139.7409267,35.640175],[139.7408941,35.6401074],[139.7407954,35.6399237]]}},{"type":"Feature","properties":{"id":993380119,"name":"第一京浜","highway":"trunk","role":null},"geometry":{"type":"LineString","coordinates":[[139.7407954,35.6399237],[139.7406729,35.6397201],[139.7404703,35.6393502],[139.7404018,35.639232],[139.7398248,35.6382469],[139.7395518,35.6377167],[139.7395379,35.6376905],[139.7394873,35.6375696]]}},{"type":"Feature","properties":{"id":993380120,"name":"第一京浜","highway":"trunk","role":null},"geometry":{"type":"LineString","coordinates":[[139.7410556,35.6404707],[139.7409877,35.6403189],[139.7409625,35.6402625],[139.7409267,35.640175]]}},{"type":"Feature","properties":{"id":993380121,"name":"第一京浜","highway":"trunk","role":null},"geometry":{"type":"LineString","coordinates":[[139.741879,35.6424489],[139.7419241,35.6425175],[139.7419493,35.6425558],[139.7421279,35.6428274],[139.74217,35.6428914],[139.7422304,35.6429832],[139.7426085,35.6436324],[139.742772,35.6438635],[139.742821,35.6439214],[139.7432932,35.6444399],[139.7434818,35.6446537],[139.7436781,35.6448237],[139.7440582,35.645124],[139.7441781,35.6452173]]}},{"type":"Feature","properties":{"id":993380122,"name":"第一京浜","highway":"trunk","role":null},"geometry":{"type":"LineString","coordinates":[[139.740649,35.6399767],[139.7407199,35.6401002],[139.7407525,35.640157],[139.7407889,35.6402207]]}},{"type":"Feature","properties":{"id":1000313806,"name":"国道1号","highway":"trunk","role":null},"geometry":{"type":"LineString","coordinates":[[136.3356456,34.8976501],[136.3355293,34.8981325],[136.3354349,34.8985134],[136.3353422,34.8989709],[136.3352712,34.8994076],[136.3352486,34.8995623],[136.3352291,34.8997635],[136.3352101,34.899951],[136.3351875,34.9001748],[136.3351738,34.9004778],[136.335152,34.9010856],[136.3351429,34.901223],[136.3351313,34.901367],[136.3351048,34.9015197],[136.3350398,34.9018023],[136.3349562,34.9020411],[136.3348883,34.9021947],[136.3347765,34.9024096],[136.3346969,34.9025456]]}},{"type":"Feature","properties":{"id":1000313807,"name":"国道1号","highway":"trunk","role":null},"geometry":{"type":"LineString","coordinates":[[136.3356952,34.8974445],[136.3356456,34.8976501]]}},{"type":"Feature","properties":{"id":1000313809,"name":"旧東海道","highway":"unclassified","role":null},"geometry":{"type":"LineString","coordinates":[[136.3354422,34.8973968],[136.3354513,34.89727],[136.3354619,34.8970494],[136.335482,34.896972],[136.3355804,34.8967643],[136.335634,34.8966254],[136.3356757,34.8965188],[136.3356936,34.8964657],[136.3356928,34.8963792],[136.3356673,34.8960989],[136.3356558,34.8959452],[136.335656,34.8958462],[136.3356698,34.8958045],[136.3357066,34.8957455],[136.3357482,34.8956923],[136.3358475,34.8955962],[136.3358871,34.8955492],[136.3359107,34.8954952],[136.3359093,34.8954209],[136.3359107,34.8953092],[136.3359257,34.8952141],[136.335936,34.8951639],[136.3359468,34.8951253],[136.3359637,34.8950955],[136.3359969,34.8950682],[136.3360464,34.8950288],[136.3361456,34.8949649],[136.3362216,34.8949054]]}},{"type":"Feature","properties":{"id":1000313825,"name":"旧東海道","highway":"unclassified","role":null},"geometry":{"type":"LineString","coordinates":[[136.3223044,34.9118512],[136.3222955,34.9119357],[136.322269,34.9120476]]}},{"type":"Feature","properties":{"id":1000313826,"name":"旧東海道","highway":"unclassified","role":null},"geometry":{"type":"LineString","coordinates":[[136.322269,34.9120476],[136.3222367,34.9121466]]}},{"type":"Feature","properties":{"id":1012396726,"name":"吉原本町通り","highway":"primary","role":null},"geometry":{"type":"LineString","coordinates":[[138.6844923,35.1634373],[138.6851955,35.1632111],[138.6856502,35.1630636],[138.6860747,35.1629166],[138.6864938,35.1627789],[138.6868114,35.1626746]]}},{"type":"Feature","properties":{"id":1012396727,"name":"吉原本町通り","highway":"secondary","role":null},"geometry":{"type":"LineString","coordinates":[[138.6894166,35.1618351],[138.6886769,35.1620735],[138.6880593,35.1622759],[138.6877332,35.1623837]]}},{"type":"Feature","properties":{"id":1014520298,"name":"旧東海道","highway":"unclassified","role":null},"geometry":{"type":"LineString","coordinates":[[136.2863551,34.9338236],[136.2860977,34.9340384]]}},{"type":"Feature","properties":{"id":1014520299,"name":"旧東海道","highway":"unclassified","role":null},"geometry":{"type":"LineString","coordinates":[[136.2865822,34.9336311],[136.2863593,34.9338201],[136.2863551,34.9338236]]}},{"type":"Feature","properties":{"id":1014520302,"name":"旧東海道","highway":"unclassified","role":null},"geometry":{"type":"LineString","coordinates":[[136.2803957,34.9346978],[136.280203,34.934758],[136.280052,34.934864],[136.279963,34.93496],[136.2798811,34.9351313]]}},{"type":"Feature","properties":{"id":1014520303,"name":"旧東海道","highway":"unclassified","role":null},"geometry":{"type":"LineString","coordinates":[[136.2798811,34.9351313],[136.2798463,34.9352072]]}},{"type":"Feature","properties":{"id":1020429884,"name":"旧東海道","highway":"tertiary","role":null},"geometry":{"type":"LineString","coordinates":[[136.3469191,34.8894618],[136.3469887,34.8895436],[136.3470266,34.8895703],[136.3470567,34.8895916],[136.3471908,34.8896114],[136.3474832,34.8896312],[136.3476763,34.889629],[136.3479364,34.8896136],[136.3481936,34.8895738],[136.349215,34.889384],[136.3501073,34.8892084]]}},{"type":"Feature","properties":{"id":1021313445,"name":"旧東海道","highway":"unclassified","role":null},"geometry":{"type":"LineString","coordinates":[[136.1709363,34.9709943],[136.1714078,34.9708156]]}},{"type":"Feature","properties":{"id":1021313446,"name":"旧東海道","highway":"residential","role":null},"geometry":{"type":"LineString","coordinates":[[136.1718277,34.9706123],[136.1718649,34.9705908],[136.1719332,34.9705527],[136.1719388,34.9705496]]}},{"type":"Feature","properties":{"id":1021316870,"name":"旧東海道","highway":"unclassified","role":null},"geometry":{"type":"LineString","coordinates":[[136.1432317,34.9794352],[136.1430916,34.9794804],[136.1421341,34.9797896],[136.1417513,34.9799132],[136.141347,34.9800437],[136.1411076,34.980121],[136.1405624,34.980297],[136.1402022,34.9804133],[136.1390852,34.980774],[136.1386626,34.9809104],[136.1385871,34.9809348],[136.1383479,34.981012]]}},{"type":"Feature","properties":{"id":1021316871,"name":"旧東海道","highway":"unclassified","role":null},"geometry":{"type":"LineString","coordinates":[[136.1383479,34.981012],[136.1374672,34.9812864],[136.1373996,34.9813074]]}},{"type":"Feature","properties":{"id":1022778503,"name":"旧三条通り;旧東海道","highway":"unclassified","role":null},"geometry":{"type":"LineString","coordinates":[[135.8300436,34.9912927],[135.8298526,34.9913079],[135.8293081,34.9913513],[135.8288249,34.9913899],[135.8285268,34.9914136]]}},{"type":"Feature","properties":{"id":1022778504,"name":"旧三条通り;旧東海道","highway":"unclassified","role":null},"geometry":{"type":"LineString","coordinates":[[135.8301483,34.9912759],[135.8300436,34.9912927]]}},{"type":"Feature","properties":{"id":1022778505,"name":"旧三条通り;旧東海道","highway":"unclassified","role":null},"geometry":{"type":"LineString","coordinates":[[135.8285268,34.9914136],[135.8281509,34.9914092],[135.8276884,34.9914037]]}},{"type":"Feature","properties":{"id":1022778508,"name":"旧三条通り;旧東海道","highway":"unclassified","role":null},"geometry":{"type":"LineString","coordinates":[[135.8276884,34.9914037],[135.8272825,34.9914184],[135.8268625,34.9914489],[135.8267723,34.9914699]]}},{"type":"Feature","properties":{"id":1022778509,"name":"旧三条通り;旧東海道","highway":"unclassified","role":null},"geometry":{"type":"LineString","coordinates":[[135.8263828,34.9915076],[135.8261202,34.9915016],[135.8259911,34.9914987]]}},{"type":"Feature","properties":{"id":1022778510,"name":"旧三条通り;旧東海道","highway":"unclassified","role":null},"geometry":{"type":"LineString","coordinates":[[135.8267723,34.9914699],[135.8267352,34.9914752],[135.8263828,34.9915076]]}},{"type":"Feature","properties":{"id":1023560059,"name":"旧東海道","highway":"service","role":null},"geometry":{"type":"LineString","coordinates":[[136.3696746,34.869695],[136.3697378,34.869701],[136.3698539,34.869712],[136.3699434,34.8697238],[136.3700624,34.8697153],[136.3701396,34.869693],[136.3701939,34.8696416],[136.3702273,34.8695611],[136.3702231,34.8695046],[136.3701983,34.8694397],[136.3701794,34.8693904]]}},{"type":"Feature","properties":{"id":1023560061,"name":"国道1号","highway":"trunk","role":null},"geometry":{"type":"LineString","coordinates":[[136.3696746,34.869695],[136.3695548,34.8697362],[136.3695035,34.8697485],[136.3694263,34.8697595],[136.3692897,34.8697587],[136.3691109,34.8697328],[136.3689564,34.8696756],[136.3687959,34.8695638],[136.36826,34.8690098],[136.3681298,34.8689005],[136.3677997,34.8686794],[136.3676755,34.8686222],[136.3675393,34.8686024],[136.3671698,34.8685775],[136.3669427,34.868585],[136.3668156,34.8685974],[136.3666672,34.8686595],[136.366537,34.868739],[136.3662402,34.8689278],[136.3661344,34.8689767],[136.3660365,34.8690097]]}},{"type":"Feature","properties":{"id":1026056857,"name":"中央通り","highway":"trunk","role":null},"geometry":{"type":"LineString","coordinates":[[139.7650565,35.6712882],[139.7651753,35.6714051],[139.7657799,35.6719676],[139.7658183,35.6720033],[139.76588,35.6720607],[139.7659435,35.6721221],[139.7667097,35.6728609],[139.7667496,35.6728994],[139.7668254,35.6729725],[139.7668828,35.6730257],[139.767658,35.6737457],[139.7677003,35.6737849],[139.7677657,35.6738456],[139.767824,35.6739006],[139.7686091,35.6746412],[139.7686536,35.6746835],[139.7687537,35.6747814]]}},{"type":"Feature","properties":{"id":1030288625,"name":"第一京浜","highway":"trunk","role":null},"geometry":{"type":"LineString","coordinates":[[139.7547866,35.6567661],[139.7547658,35.6566244],[139.7546184,35.6555569],[139.7544996,35.654835],[139.7544908,35.6547814],[139.7544768,35.654687],[139.7544644,35.654598],[139.7543356,35.6536174],[139.7543308,35.653581],[139.754318,35.6534953]]}},{"type":"Feature","properties":{"id":1030288627,"name":"第一京浜","highway":"trunk","role":null},"geometry":{"type":"LineString","coordinates":[[139.7541419,35.6535084],[139.7541547,35.6535937],[139.7542777,35.6545651],[139.7542842,35.6546156],[139.7542989,35.6547091],[139.7543118,35.6547992],[139.754421,35.6555866],[139.7545678,35.6565767],[139.7545779,35.6566431],[139.7545984,35.6568079]]}},{"type":"Feature","properties":{"id":1031963665,"name":"中央通り","highway":"trunk","role":null},"geometry":{"type":"LineString","coordinates":[[139.7726339,35.6807309],[139.7725711,35.6806314],[139.77238,35.6803303],[139.7721733,35.6799976],[139.7719597,35.6796682],[139.7718745,35.6795309],[139.7718522,35.6794949],[139.7717626,35.6793495]]}},{"type":"Feature","properties":{"id":1031976627,"name":"中央通り","highway":"trunk","role":null},"geometry":{"type":"LineString","coordinates":[[139.7717626,35.6793495],[139.7716741,35.679202]]}},{"type":"Feature","properties":{"id":1031976632,"name":"中央通り","highway":"trunk","role":null},"geometry":{"type":"LineString","coordinates":[[139.7716723,35.6793882],[139.7717592,35.6795279],[139.7718617,35.6796927],[139.772082,35.6800347],[139.772142,35.680127],[139.7722964,35.6803644],[139.7724615,35.6806435],[139.772492,35.6806924],[139.7725539,35.6807934]]}},{"type":"Feature","properties":{"id":1035132622,"name":"国道1号","highway":"trunk","role":null},"geometry":{"type":"LineString","coordinates":[[139.3896474,35.3300785],[139.389729,35.3299867],[139.389837,35.3298651],[139.3898535,35.3298452]]}},{"type":"Feature","properties":{"id":1036333551,"name":"第一京浜","highway":"trunk","role":null},"geometry":{"type":"LineString","coordinates":[[139.7359841,35.5868177],[139.7360261,35.5865344],[139.7360843,35.5862516],[139.7361664,35.5858457],[139.736236,35.5854955],[139.7362923,35.5852125]]}},{"type":"Feature","properties":{"id":1036333552,"name":"第一京浜","highway":"trunk","role":null},"geometry":{"type":"LineString","coordinates":[[139.7362923,35.5852125],[139.7364047,35.5845918],[139.7364162,35.5845283],[139.7364394,35.5844095]]}},{"type":"Feature","properties":{"id":1037166398,"name":"第一京浜","highway":"trunk","role":null},"geometry":{"type":"LineString","coordinates":[[139.7357157,35.5872628],[139.7357131,35.5874253],[139.7357163,35.5877143],[139.7357401,35.5883542],[139.735741,35.5884701],[139.7357923,35.5895335],[139.7357992,35.5896196],[139.735839,35.5899558],[139.7358521,35.5900458]]}},{"type":"Feature","properties":{"id":1037166407,"name":"第一京浜","highway":"trunk","role":null},"geometry":{"type":"LineString","coordinates":[[139.7359589,35.5871535],[139.7359594,35.5871246],[139.7359719,35.5869525],[139.7359841,35.5868177]]}},{"type":"Feature","properties":{"id":1038020650,"name":"国道1号","highway":"trunk","role":null},"geometry":{"type":"LineString","coordinates":[[139.3284599,35.3229423],[139.3285178,35.32299]]}},{"type":"Feature","properties":{"id":1038020651,"name":"国道1号","highway":"trunk","role":null},"geometry":{"type":"LineString","coordinates":[[139.3285887,35.3228695],[139.3285504,35.3228422]]}},{"type":"Feature","properties":{"id":1038031726,"name":"国道1号","highway":"trunk","role":null},"geometry":{"type":"LineString","coordinates":[[139.2374946,35.2899017],[139.237421,35.289843]]}},{"type":"Feature","properties":{"id":1038031728,"name":"国道1号","highway":"trunk","role":null},"geometry":{"type":"LineString","coordinates":[[139.2361276,35.2893373],[139.2360104,35.289286]]}},{"type":"Feature","properties":{"id":1038663513,"name":"国道1号","highway":"trunk","role":null},"geometry":{"type":"LineString","coordinates":[[139.2050602,35.2784864],[139.2049863,35.2784419],[139.204895,35.2783885]]}},{"type":"Feature","properties":{"id":1038832071,"name":"国道1号","highway":"trunk","role":null},"geometry":{"type":"LineString","coordinates":[[139.1848393,35.2653251],[139.1847661,35.2653037]]}},{"type":"Feature","properties":{"id":1038924027,"name":"石山停車場線","highway":"secondary","role":null},"geometry":{"type":"LineString","coordinates":[[135.9031994,34.9738404],[135.9030697,34.9738791],[135.9030359,34.9738881],[135.9030115,34.9738952],[135.9029764,34.9739054],[135.9029077,34.9739279],[135.9025696,34.9740385],[135.902526,34.9740534],[135.9024623,34.9740751],[135.9023321,34.9741195],[135.9021701,34.9741776],[135.9021309,34.9741905],[135.9019943,34.9742328]]}},{"type":"Feature","properties":{"id":1039808261,"name":"旧東海道","highway":"trunk_link","role":null},"geometry":{"type":"LineString","coordinates":[[139.7219314,35.5580072],[139.7219912,35.5581006],[139.7220602,35.5582124],[139.7222908,35.5585259],[139.722402,35.5586744],[139.7224805,35.5587675],[139.722967,35.5593911],[139.7230356,35.559479]]}},{"type":"Feature","properties":{"id":1039808263,"name":"旧東海道","highway":"trunk_link","role":null},"geometry":{"type":"LineString","coordinates":[[139.7230055,35.5589053],[139.7227477,35.558557],[139.7226034,35.5583641],[139.7224615,35.558176],[139.7224214,35.5581264],[139.7223563,35.5580317]]}},{"type":"Feature","properties":{"id":1039833077,"name":"旧東海道","highway":"trunk_link","role":null},"geometry":{"type":"LineString","coordinates":[[139.7230356,35.559479],[139.7231019,35.5595709],[139.7232163,35.5597003],[139.7233738,35.5598341],[139.7234971,35.5599286],[139.7236925,35.5600544]]}},{"type":"Feature","properties":{"id":1039833082,"name":"第一京浜","highway":"trunk_link","role":null},"geometry":{"type":"LineString","coordinates":[[139.7339113,35.5735641],[139.7339009,35.5735361],[139.7338376,35.5733989],[139.7338174,35.5733524],[139.7337321,35.5731662]]}},{"type":"Feature","properties":{"id":1039833693,"name":"旧東海道","highway":"trunk_link","role":null},"geometry":{"type":"LineString","coordinates":[[139.7239534,35.5602209],[139.7238659,35.5600195],[139.7237946,35.5599222],[139.7237249,35.5598403],[139.7236756,35.5597903]]}},{"type":"Feature","properties":{"id":1039833694,"name":"旧東海道","highway":"trunk_link","role":null},"geometry":{"type":"LineString","coordinates":[[139.7236756,35.5597903],[139.7235329,35.5596496],[139.7235095,35.5596221]]}},{"type":"Feature","properties":{"id":1039911768,"name":"旧東海道","highway":"tertiary","role":null},"geometry":{"type":"LineString","coordinates":[[139.7097763,35.5412672],[139.7096659,35.5411043],[139.7095399,35.540914],[139.7094554,35.5407676],[139.7093645,35.5406094],[139.7093274,35.5405338]]}},{"type":"Feature","properties":{"id":1040484624,"name":"田子浦港大野線","highway":"secondary","role":null},"geometry":{"type":"LineString","coordinates":[[138.7042391,35.1445876],[138.7042873,35.1445056],[138.7044752,35.144185],[138.7045262,35.14413],[138.7046037,35.1440749],[138.7051526,35.1438556],[138.7057494,35.1436166],[138.7061647,35.1434509],[138.7065819,35.1432989],[138.7067036,35.143266],[138.7068049,35.1432451],[138.7074318,35.1431293],[138.7075083,35.1431129],[138.7075337,35.1431004],[138.7075491,35.1430869],[138.7075622,35.1430654],[138.7075638,35.1430399],[138.7075656,35.1430057],[138.707568,35.1429681],[138.7075318,35.1427075],[138.707526,35.1426185],[138.7075256,35.1425249]]}},{"type":"Feature","properties":{"id":1041599321,"name":"東海道","highway":"trunk","role":null},"geometry":{"type":"LineString","coordinates":[[139.3272392,35.3219619],[139.3271819,35.3219123]]}},{"type":"Feature","properties":{"id":1041599322,"name":"国道1号","highway":"trunk","role":null},"geometry":{"type":"LineString","coordinates":[[139.3272392,35.3219619],[139.3272682,35.3219875],[139.3274719,35.3221397],[139.3276335,35.3222573]]}},{"type":"Feature","properties":{"id":1052436754,"name":"泉水口線","highway":"secondary","role":null},"geometry":{"type":"LineString","coordinates":[[136.1253543,34.9849221],[136.1254059,34.9848645],[136.1255857,34.9846875],[136.1256228,34.9846464]]}},{"type":"Feature","properties":{"id":1052436755,"name":"泉水口線","highway":"secondary","role":null},"geometry":{"type":"LineString","coordinates":[[136.1256228,34.9846464],[136.1257138,34.984553]]}},{"type":"Feature","properties":{"id":1053627059,"name":"国道1号","highway":"trunk","role":null},"geometry":{"type":"LineString","coordinates":[[139.5124947,35.3810257],[139.5119562,35.3805077],[139.511659,35.3802768],[139.5113425,35.3800603],[139.5110868,35.3799205],[139.5110348,35.3798921],[139.5104098,35.3796018],[139.5103421,35.3795701],[139.5102757,35.3795411],[139.5102066,35.3795092],[139.5096601,35.3792539],[139.5091853,35.3790295]]}},{"type":"Feature","properties":{"id":1053627060,"name":"国道1号","highway":"trunk","role":null},"geometry":{"type":"LineString","coordinates":[[139.5131635,35.3816191],[139.5128764,35.3813983],[139.5127288,35.3812544],[139.5124947,35.3810257]]}},{"type":"Feature","properties":{"id":1053627061,"name":"国道1号","highway":"trunk","role":null},"geometry":{"type":"LineString","coordinates":[[139.5091537,35.3790838],[139.5102435,35.3795903],[139.5103072,35.3796193],[139.5103978,35.3796598],[139.5109992,35.379943],[139.5113036,35.3801062],[139.5116175,35.3803282],[139.5118266,35.3804976]]}},{"type":"Feature","properties":{"id":1053627062,"name":"国道1号","highway":"trunk","role":null},"geometry":{"type":"LineString","coordinates":[[139.5118266,35.3804976],[139.5119861,35.3806437],[139.512437,35.3810845]]}},{"type":"Feature","properties":{"id":1054377604,"name":"旧東海道","highway":"tertiary","role":null},"geometry":{"type":"LineString","coordinates":[[137.1051232,34.985848],[137.1051505,34.9858289]]}},{"type":"Feature","properties":{"id":1054377605,"name":"旧東海道","highway":"tertiary","role":null},"geometry":{"type":"LineString","coordinates":[[137.1050824,34.985874],[137.1051232,34.985848]]}},{"type":"Feature","properties":{"id":1066610260,"name":"旧東海道","highway":"tertiary","role":null},"geometry":{"type":"LineString","coordinates":[[139.7390256,35.5955228],[139.7389185,35.5953518],[139.7388647,35.5952663],[139.7387633,35.5951046],[139.738496,35.5946789],[139.7382305,35.5942561]]}},{"type":"Feature","properties":{"id":1069791891,"name":"旧東海道","highway":"unclassified","role":null},"geometry":{"type":"LineString","coordinates":[[139.7340926,35.5736922],[139.7339113,35.5735641]]}},{"type":"Feature","properties":{"id":1069942140,"name":"東海道","highway":"secondary","role":null},"geometry":{"type":"LineString","coordinates":[[137.6553884,34.6843579],[137.6553723,34.6843554],[137.6552615,34.684339],[137.6551523,34.6843244],[137.6542126,34.6842016],[137.6541686,34.6841958],[137.6541246,34.6841901],[137.6536784,34.6841318],[137.6536001,34.6841222],[137.65356,34.6841172],[137.653494,34.6841115],[137.653441,34.6841069],[137.6533684,34.6841033],[137.6533216,34.684101],[137.6532409,34.6840962],[137.6532337,34.6840958],[137.6531993,34.6840931],[137.6531459,34.6840888],[137.6527997,34.6840517],[137.6526839,34.6840362],[137.6523502,34.6839851],[137.6521273,34.683951],[137.651831,34.6839056],[137.651724,34.6838887],[137.6517058,34.6838856],[137.6516174,34.6838701],[137.6511867,34.6837882],[137.6511251,34.6837764],[137.650883,34.6837303],[137.6507745,34.6837124],[137.6507495,34.6837086],[137.6506656,34.6836959],[137.6505564,34.6836808],[137.6504469,34.6836671],[137.6502369,34.6836436],[137.6501993,34.6836394],[137.6498959,34.6836055],[137.6498386,34.683599],[137.6495592,34.6835678],[137.649489,34.6835599],[137.6486957,34.683463],[137.6486367,34.6834558],[137.6483895,34.6834256],[137.6483148,34.6834163],[137.6482404,34.6834057],[137.6479688,34.6833666],[137.6478576,34.6833505]]}},{"type":"Feature","properties":{"id":1070282066,"name":"東海道","highway":"primary","role":null},"geometry":{"type":"LineString","coordinates":[[137.6269151,34.6837121],[137.6268913,34.6837123],[137.626031,34.6837214],[137.6254776,34.6837271],[137.6250285,34.6837318],[137.6249583,34.6837326],[137.623734,34.6837454],[137.6234859,34.6837479],[137.6224753,34.6837586],[137.6221067,34.6837624],[137.6219827,34.6837638]]}},{"type":"Feature","properties":{"id":1070720653,"name":"中央通り","highway":"trunk","role":null},"geometry":{"type":"LineString","coordinates":[[139.7687537,35.6747814],[139.7688552,35.6748855],[139.7691096,35.6752604],[139.7691705,35.6753501],[139.769201,35.6754006],[139.7692333,35.6754508],[139.7694295,35.675751],[139.7695925,35.676016],[139.7696278,35.6760734],[139.7696877,35.6761707]]}},{"type":"Feature","properties":{"id":1072960949,"name":"第一京浜","highway":"trunk","role":null},"geometry":{"type":"LineString","coordinates":[[139.7362221,35.5843896],[139.7362021,35.5845006],[139.7361505,35.5847533],[139.7361168,35.5849181],[139.7360829,35.5850839],[139.7359502,35.5857334],[139.7359028,35.585991]]}},{"type":"Feature","properties":{"id":1072960952,"name":"第一京浜","highway":"trunk","role":null},"geometry":{"type":"LineString","coordinates":[[139.7363492,35.5835965],[139.7363174,35.5838145],[139.7362997,35.5839342]]}},{"type":"Feature","properties":{"id":1072960953,"name":"第一京浜","highway":"trunk","role":null},"geometry":{"type":"LineString","coordinates":[[139.7364277,35.5829974],[139.7364018,35.5831929]]}},{"type":"Feature","properties":{"id":1072960954,"name":"第一京浜","highway":"trunk","role":null},"geometry":{"type":"LineString","coordinates":[[139.7364018,35.5831929],[139.7363654,35.5834621],[139.7363492,35.5835965]]}},{"type":"Feature","properties":{"id":1073072902,"name":"旧東海道","highway":"unclassified","role":null},"geometry":{"type":"LineString","coordinates":[[139.7093274,35.5405338],[139.7093013,35.5404719],[139.7092605,35.5403753],[139.7091927,35.540204]]}},{"type":"Feature","properties":{"id":1073072905,"name":"旧東海道","highway":"tertiary","role":null},"geometry":{"type":"LineString","coordinates":[[139.7098893,35.5414287],[139.7098336,35.5413512],[139.7097763,35.5412672]]}},{"type":"Feature","properties":{"id":1073072906,"name":"旧東海道","highway":"tertiary","role":null},"geometry":{"type":"LineString","coordinates":[[139.7102263,35.5419239],[139.7100272,35.5416435],[139.7099052,35.5414559],[139.7098893,35.5414287]]}},{"type":"Feature","properties":{"id":1090618166,"name":"中央通り","highway":"trunk","role":null},"geometry":{"type":"LineString","coordinates":[[139.7649681,35.6712011],[139.7650565,35.6712882]]}},{"type":"Feature","properties":{"id":1090618167,"name":"中央通り","highway":"trunk","role":null},"geometry":{"type":"LineString","coordinates":[[139.7651153,35.6712423],[139.7650292,35.6711566]]}},{"type":"Feature","properties":{"id":1090871095,"name":"第一京浜","highway":"trunk","role":null},"geometry":{"type":"LineString","coordinates":[[139.7504127,35.6481908],[139.7503705,35.6481794],[139.7503217,35.6481665],[139.7500398,35.648091],[139.7498989,35.6480331],[139.7492427,35.6477339],[139.7491149,35.6476684],[139.7490248,35.6476222],[139.7488087,35.6475256]]}},{"type":"Feature","properties":{"id":1090871222,"name":"第一京浜","highway":"trunk","role":null},"geometry":{"type":"LineString","coordinates":[[139.7487316,35.6476361],[139.7488578,35.6476963]]}},{"type":"Feature","properties":{"id":1090871224,"name":"第一京浜","highway":"trunk","role":null},"geometry":{"type":"LineString","coordinates":[[139.7472312,35.6469426],[139.7473932,35.6470192],[139.7481399,35.6473463],[139.7486268,35.6475878],[139.7486634,35.6476062],[139.7487316,35.6476361]]}},{"type":"Feature","properties":{"id":1091131114,"name":"旧東海道","highway":"tertiary","role":null},"geometry":{"type":"LineString","coordinates":[[137.0749613,34.9999285],[137.0754124,34.999435],[137.0754328,34.9994167]]}},{"type":"Feature","properties":{"id":1091492082,"name":"第一京浜","highway":"trunk","role":null},"geometry":{"type":"LineString","coordinates":[[139.7409075,35.6404772],[139.7409625,35.6406225],[139.7411046,35.6409665],[139.7412544,35.6413255],[139.7413832,35.6415812],[139.7414892,35.6417696],[139.7418399,35.6423871],[139.741849,35.6424034],[139.741879,35.6424489]]}},{"type":"Feature","properties":{"id":1091735462,"name":"旧東海道","highway":"tertiary","role":null},"geometry":{"type":"LineString","coordinates":[[139.7445018,35.6167569],[139.7444819,35.6166631],[139.7443681,35.6161273],[139.7443111,35.6158754],[139.7443053,35.6158499],[139.7442983,35.6158141],[139.7442459,35.6155455],[139.7442434,35.6155259],[139.7442225,35.6154314],[139.7441977,35.6153137],[139.7441011,35.6147535],[139.7440947,35.614716],[139.7440959,35.6146659]]}},{"type":"Feature","properties":{"id":1091735465,"name":"旧東海道","highway":"tertiary","role":null},"geometry":{"type":"LineString","coordinates":[[139.7445062,35.6167861],[139.7445018,35.6167569]]}},{"type":"Feature","properties":{"id":1091735469,"name":"旧東海道","highway":"tertiary","role":null},"geometry":{"type":"LineString","coordinates":[[139.743953,35.6181405],[139.7440028,35.6180578]]}},{"type":"Feature","properties":{"id":1091735470,"name":"旧東海道","highway":"tertiary","role":null},"geometry":{"type":"LineString","coordinates":[[139.7440028,35.6180578],[139.7440317,35.6180064],[139.7442043,35.6177207],[139.7442103,35.6177101],[139.7443409,35.6174782],[139.7444912,35.6172114],[139.7445207,35.6171231],[139.7445233,35.6171154],[139.7445259,35.6170777],[139.7445268,35.6170551]]}},{"type":"Feature","properties":{"id":1091736060,"name":"旧東海道","highway":"tertiary","role":null},"geometry":{"type":"LineString","coordinates":[[139.7440959,35.6146659],[139.7440965,35.6146206],[139.7440839,35.6142146],[139.7440609,35.6134468],[139.7440606,35.613414],[139.7440591,35.6132745],[139.744062,35.6130106],[139.744083,35.612925],[139.7441256,35.6127878],[139.7441564,35.6126887],[139.7441585,35.6125069],[139.7441582,35.612305],[139.7441499,35.6120583],[139.744148,35.6119866],[139.7441464,35.6119285],[139.7441515,35.6115698],[139.7441507,35.6111935],[139.7441418,35.6108136],[139.7441403,35.6107556],[139.7441468,35.6106485]]}},{"type":"Feature","properties":{"id":1091736618,"name":"旧東海道","highway":"tertiary","role":null},"geometry":{"type":"LineString","coordinates":[[139.7441056,35.6074812],[139.7440357,35.6069267],[139.7440303,35.606879],[139.7440263,35.6068195]]}},{"type":"Feature","properties":{"id":1091736620,"name":"旧東海道","highway":"tertiary","role":null},"geometry":{"type":"LineString","coordinates":[[139.7441468,35.6106485],[139.7441532,35.6105609],[139.7441959,35.6100802],[139.7442704,35.6095377],[139.7442695,35.6094887],[139.7442714,35.60923],[139.7442711,35.6092017],[139.7442675,35.6090482],[139.7442561,35.6089165],[139.7442542,35.6088917],[139.7442378,35.6086775],[139.7442364,35.6086653],[139.7441056,35.6074812]]}},{"type":"Feature","properties":{"id":1093716913,"name":"東柏原沼津線","highway":"secondary","role":null},"geometry":{"type":"LineString","coordinates":[[138.8436448,35.1012817],[138.8436875,35.1012568]]}},{"type":"Feature","properties":{"id":1093716915,"name":"旧東海道","highway":"tertiary","role":null},"geometry":{"type":"LineString","coordinates":[[138.8436875,35.1012568],[138.8441242,35.1010435],[138.8441858,35.1010148],[138.8448868,35.1006882]]}},{"type":"Feature","properties":{"id":1094440716,"name":"旧東海道","highway":"unclassified","role":null},"geometry":{"type":"LineString","coordinates":[[136.6211877,34.9644504],[136.6211837,34.9644414],[136.6210797,34.9642524],[136.6209611,34.9640633],[136.6206809,34.9636668],[136.6205518,34.9634728],[136.6203331,34.9631479],[136.6201228,34.962857],[136.6199495,34.9625863],[136.6197242,34.9622232]]}},{"type":"Feature","properties":{"id":1095571200,"name":"東海道","highway":"trunk","role":null},"geometry":{"type":"LineString","coordinates":[[137.7001901,34.6885365],[137.7001443,34.6885398],[137.7000151,34.6885492],[137.6998928,34.6885581],[137.699846,34.6885608],[137.6997494,34.6885664],[137.6996812,34.6885695],[137.6996059,34.6885729],[137.6993802,34.6885799],[137.6991498,34.6885871]]}},{"type":"Feature","properties":{"id":1098296704,"name":"国道257号","highway":"trunk","role":null},"geometry":{"type":"LineString","coordinates":[[137.7150957,34.690449],[137.7151161,34.6904679]]}},{"type":"Feature","properties":{"id":1098745740,"name":"旧東海道","highway":"tertiary","role":null},"geometry":{"type":"LineString","coordinates":[[139.6956753,35.525671],[139.6955847,35.5256238],[139.6955308,35.5255942],[139.6953909,35.525518],[139.6950237,35.5253161],[139.6949702,35.5252884],[139.6949126,35.5252585],[139.69486,35.5252313],[139.6948013,35.5251982],[139.6942831,35.5249135],[139.6940692,35.5247952],[139.6940007,35.5247602],[139.6933457,35.5243948],[139.6933017,35.5243708],[139.6928128,35.5241088],[139.6925838,35.5239862],[139.692461,35.5239148],[139.6923977,35.5238664]]}},{"type":"Feature","properties":{"id":1100645719,"name":"大津能登川長浜線","highway":"primary","role":null},"geometry":{"type":"LineString","coordinates":[[135.9108935,34.9729146],[135.9108333,34.9729163],[135.9107688,34.9729147],[135.9107499,34.9729142],[135.9107145,34.9729134],[135.9106692,34.9729123],[135.9104397,34.9728993]]}},{"type":"Feature","properties":{"id":1102286736,"name":"四日市朝日線","highway":"primary","role":null},"geometry":{"type":"LineString","coordinates":[[136.6549224,35.0266195],[136.6549648,35.0267]]}},{"type":"Feature","properties":{"id":1102286737,"name":"四日市朝日線","highway":"primary","role":null},"geometry":{"type":"LineString","coordinates":[[136.6548422,35.0264592],[136.6549224,35.0266195]]}},{"type":"Feature","properties":{"id":1103996725,"name":"いさご通り","highway":"tertiary","role":null},"geometry":{"type":"LineString","coordinates":[[139.7011268,35.53065],[139.7011573,35.5307353]]}},{"type":"Feature","properties":{"id":1104824749,"name":"旧東海道","highway":"unclassified","role":null},"geometry":{"type":"LineString","coordinates":[[136.6498787,35.0035164],[136.6498794,35.0034937]]}},{"type":"Feature","properties":{"id":1106489349,"name":"旧東海道","highway":"unclassified","role":null},"geometry":{"type":"LineString","coordinates":[[136.6434965,34.9940214],[136.6435004,34.9940313],[136.6435043,34.9940414]]}},{"type":"Feature","properties":{"id":1107089946,"name":"旧東海道","highway":"trunk_link","role":null},"geometry":{"type":"LineString","coordinates":[[139.7212389,35.5570589],[139.72161,35.5575909],[139.7217031,35.557686],[139.7218227,35.5578458],[139.7218657,35.5579079],[139.7219314,35.5580072]]}},{"type":"Feature","properties":{"id":1107089947,"name":"旧東海道","highway":"trunk_link","role":null},"geometry":{"type":"LineString","coordinates":[[139.7235095,35.5596221],[139.7233913,35.5594823],[139.7233367,35.5593909],[139.7232977,35.5593145],[139.7232618,35.5592481],[139.7231991,35.5591369],[139.7231147,35.5590252],[139.7230055,35.5589053]]}},{"type":"Feature","properties":{"id":1121250885,"name":"第一京浜","highway":"trunk","role":null},"geometry":{"type":"LineString","coordinates":[[139.7547927,35.6568118],[139.7547866,35.6567661]]}},{"type":"Feature","properties":{"id":1122272402,"name":"旧東海道","highway":"unclassified","role":null},"geometry":{"type":"LineString","coordinates":[[136.405982,34.851115],[136.4058151,34.851043],[136.4055918,34.8508392],[136.4055008,34.850766],[136.4053751,34.8506816],[136.40527,34.8506328],[136.4050654,34.8505685]]}},{"type":"Feature","properties":{"id":1139284718,"name":"中央通り","highway":"trunk","role":null},"geometry":{"type":"LineString","coordinates":[[139.7715832,35.6792431],[139.7716723,35.6793882]]}},{"type":"Feature","properties":{"id":1139284719,"name":"中央通り","highway":"trunk","role":null},"geometry":{"type":"LineString","coordinates":[[139.7707052,35.6778162],[139.7707631,35.6779074],[139.770925,35.6781628],[139.7713399,35.6788342],[139.7714452,35.6790113],[139.7714944,35.6790939],[139.7715832,35.6792431]]}},{"type":"Feature","properties":{"id":1143901792,"name":"中央通り","highway":"trunk","role":null},"geometry":{"type":"LineString","coordinates":[[139.7716741,35.679202],[139.771586,35.6790584],[139.7714317,35.6787943],[139.7710141,35.678137],[139.7708743,35.6779155],[139.7708467,35.6778721],[139.7707906,35.6777821]]}},{"type":"Feature","properties":{"id":1148248346,"name":"第一京浜","highway":"trunk","role":null},"geometry":{"type":"LineString","coordinates":[[139.7260771,35.5630195],[139.7257951,35.5626613],[139.7257603,35.5626082],[139.7256872,35.5625038]]}},{"type":"Feature","properties":{"id":1150409316,"name":"旧東海道","highway":"tertiary","role":null},"geometry":{"type":"LineString","coordinates":[[137.9254155,34.749143],[137.9254057,34.7491564]]}},{"type":"Feature","properties":{"id":1150409317,"name":"旧東海道","highway":"tertiary","role":null},"geometry":{"type":"LineString","coordinates":[[137.9254818,34.7490498],[137.9254155,34.749143]]}},{"type":"Feature","properties":{"id":1150425010,"name":"旧東海道","highway":"tertiary","role":null},"geometry":{"type":"LineString","coordinates":[[139.7063444,35.5347041],[139.7070376,35.5350932],[139.7071757,35.5351664],[139.7073419,35.5352544],[139.707606,35.5353658],[139.7077449,35.5354307],[139.7078596,35.5354649]]}},{"type":"Feature","properties":{"id":1154427047,"name":"旧東海道","highway":"footway","role":null},"geometry":{"type":"LineString","coordinates":[[135.9666354,35.0173327],[135.9666707,35.0173191]]}},{"type":"Feature","properties":{"id":1157941050,"name":"旧東海道","highway":"path","role":null},"geometry":{"type":"LineString","coordinates":[[136.2692186,34.9371387],[136.269065,34.9370841],[136.2690179,34.9370818],[136.2689449,34.9371057],[136.2687866,34.9371519]]}},{"type":"Feature","properties":{"id":1157941053,"name":"旧東海道","highway":"track","role":null},"geometry":{"type":"LineString","coordinates":[[136.2682221,34.9406791],[136.2683671,34.9407357],[136.2685087,34.9407887]]}},{"type":"Feature","properties":{"id":1158575544,"name":"国道1号","highway":"trunk","role":null},"geometry":{"type":"LineString","coordinates":[[136.2734606,34.9385225],[136.2727781,34.9383778]]}},{"type":"Feature","properties":{"id":1158575546,"name":"泉水口線","highway":"secondary","role":null},"geometry":{"type":"LineString","coordinates":[[136.1250914,34.9850607],[136.1251432,34.9850038],[136.1253543,34.9849221]]}},{"type":"Feature","properties":{"id":1158575547,"name":"旧東海道","highway":"footway","role":null},"geometry":{"type":"LineString","coordinates":[[136.1250914,34.9850607],[136.1250083,34.9850619]]}},{"type":"Feature","properties":{"id":1158575549,"name":"旧東海道","highway":"tertiary","role":null},"geometry":{"type":"LineString","coordinates":[[136.117457,34.9843612],[136.1174301,34.9843886]]}},{"type":"Feature","properties":{"id":1158755598,"name":"旧東海道","highway":"unclassified","role":null},"geometry":{"type":"LineString","coordinates":[[139.1219558,35.2423183],[139.1219507,35.2423117],[139.1218976,35.242244],[139.1217919,35.2421461],[139.121596,35.241963],[139.1213247,35.2417309],[139.1213019,35.2417128],[139.1210688,35.2415278],[139.1209238,35.241374],[139.1207849,35.2412076],[139.1206319,35.2410597],[139.1204042,35.2408411],[139.1202017,35.2406235],[139.1201882,35.2405698],[139.1201748,35.2404734],[139.1201681,35.2404077],[139.1201524,35.2403328],[139.1200955,35.2402359]]}},{"type":"Feature","properties":{"id":1158755599,"name":"旧東海道","highway":"unclassified","role":null},"geometry":{"type":"LineString","coordinates":[[139.1219799,35.2423485],[139.1219558,35.2423183]]}},{"type":"Feature","properties":{"id":1158755600,"name":"旧東海道","highway":"unclassified","role":null},"geometry":{"type":"LineString","coordinates":[[139.1289328,35.2466202],[139.1288358,35.2466204],[139.1287142,35.2466182],[139.1285322,35.2465839],[139.1284132,35.246541],[139.1281462,35.2464101],[139.1279234,35.2462913],[139.1277136,35.2461832]]}},{"type":"Feature","properties":{"id":1158755601,"name":"旧東海道","highway":"unclassified","role":null},"geometry":{"type":"LineString","coordinates":[[139.1277136,35.2461832],[139.1277005,35.2461761],[139.127654,35.246153]]}},{"type":"Feature","properties":{"id":1159978030,"name":"旧東海道","highway":"track","role":null},"geometry":{"type":"LineString","coordinates":[[136.340234,34.890057],[136.3404525,34.8899968],[136.3406949,34.8899069],[136.3407377,34.8898696]]}},{"type":"Feature","properties":{"id":1159978031,"name":"旧東海道","highway":"track","role":null},"geometry":{"type":"LineString","coordinates":[[136.3401041,34.8900927],[136.340234,34.890057]]}},{"type":"Feature","properties":{"id":1159978034,"name":"旧東海道","highway":"steps","role":null},"geometry":{"type":"LineString","coordinates":[[136.33747,34.8917969],[136.3374692,34.8919393],[136.3375043,34.8920396],[136.3374939,34.892049],[136.3372991,34.8919064]]}},{"type":"Feature","properties":{"id":1159978035,"name":"旧東海道","highway":"path","role":null},"geometry":{"type":"LineString","coordinates":[[136.33747,34.8917969],[136.337478,34.8916793],[136.3374893,34.8916123],[136.3374815,34.8915847],[136.3374414,34.8915399],[136.3374279,34.8915099],[136.3374301,34.891486],[136.3374647,34.8914846],[136.337527,34.8914998],[136.3375452,34.8914857],[136.3375449,34.8914714],[136.3374819,34.8914254],[136.3374782,34.8914026],[136.3374933,34.891389],[136.3376041,34.8914077],[136.3376215,34.8914002],[136.3375458,34.8912857],[136.3374053,34.8912747],[136.3374071,34.8912651],[136.337452,34.8911892],[136.3374385,34.8911799],[136.3372411,34.8911503],[136.3372302,34.8911211],[136.3372311,34.8911017]]}},{"type":"Feature","properties":{"id":1159978036,"name":"旧東海道","highway":"track","role":null},"geometry":{"type":"LineString","coordinates":[[136.3362216,34.8949054],[136.3362899,34.8948512],[136.336458,34.8945959],[136.3365438,34.8944474],[136.3366478,34.8942661],[136.3367986,34.8940098]]}},{"type":"Feature","properties":{"id":1160079417,"name":"旧東海道","highway":"service","role":null},"geometry":{"type":"LineString","coordinates":[[136.3407377,34.8898696],[136.3407626,34.8898169]]}},{"type":"Feature","properties":{"id":1165318962,"name":"亀山停車場石水渓線","highway":"secondary","role":null},"geometry":{"type":"LineString","coordinates":[[136.4504767,34.8539959],[136.4504938,34.8539585]]}},{"type":"Feature","properties":{"id":1165383726,"name":"旧東海道","highway":"unclassified","role":null},"geometry":{"type":"LineString","coordinates":[[136.519912,34.8780365],[136.5202033,34.8785249]]}},{"type":"Feature","properties":{"id":1165383728,"name":"旧東海道","highway":"track","role":null},"geometry":{"type":"LineString","coordinates":[[136.522113,34.8789372],[136.5219556,34.8788906],[136.5217951,34.8788124],[136.5217426,34.878778],[136.5215562,34.8784076]]}},{"type":"Feature","properties":{"id":1165519046,"name":"第一京浜","highway":"trunk","role":null},"geometry":{"type":"LineString","coordinates":[[139.7394873,35.6375696],[139.739462,35.6375054],[139.7394236,35.63739],[139.7394079,35.6373493],[139.7392865,35.6370261],[139.7388782,35.6359394],[139.7383334,35.6343661],[139.7382574,35.6341467],[139.7382482,35.6341201],[139.7382102,35.6340006]]}},{"type":"Feature","properties":{"id":1173696047,"name":"旧東海道","highway":"residential","role":null},"geometry":{"type":"LineString","coordinates":[[136.6907659,35.0609545],[136.6909233,35.0611466],[136.6909548,35.0611797],[136.6912025,35.0610698],[136.691319,35.0612354]]}},{"type":"Feature","properties":{"id":1173696048,"name":"旧東海道","highway":"residential","role":null},"geometry":{"type":"LineString","coordinates":[[136.6916239,35.0605773],[136.6916696,35.0605726],[136.6919273,35.0604359]]}},{"type":"Feature","properties":{"id":1176286996,"name":"緑瑞穂線","highway":"secondary","role":null},"geometry":{"type":"LineString","coordinates":[[136.9737798,35.0646499],[136.9738267,35.0646394],[136.9738876,35.0645995],[136.9739825,35.0645374],[136.9741009,35.064398],[136.9743536,35.0639844],[136.9748206,35.0632683],[136.9747859,35.0631879]]}},{"type":"Feature","properties":{"id":1176286997,"name":"緑瑞穂線","highway":"secondary","role":null},"geometry":{"type":"LineString","coordinates":[[136.9737435,35.0646581],[136.9737798,35.0646499]]}},{"type":"Feature","properties":{"id":1180383951,"name":"旧東海道","highway":"tertiary","role":null},"geometry":{"type":"LineString","coordinates":[[137.0054422,35.0457964],[137.0052027,35.0459771],[137.0049199,35.0462324],[137.0049056,35.0462454]]}},{"type":"Feature","properties":{"id":1181077633,"name":"旧東海道","highway":"unclassified","role":null},"geometry":{"type":"LineString","coordinates":[[137.0390645,35.0136781],[137.0390957,35.0136404]]}},{"type":"Feature","properties":{"id":1181077634,"name":"旧東海道","highway":"unclassified","role":null},"geometry":{"type":"LineString","coordinates":[[137.0378464,35.0141432],[137.0379141,35.01416],[137.0379386,35.0141661],[137.0380215,35.0141406],[137.0382476,35.0141851],[137.0383246,35.0141802],[137.0383931,35.0141461],[137.0385243,35.014047],[137.0390419,35.0137054],[137.0390645,35.0136781]]}},{"type":"Feature","properties":{"id":1181141434,"name":"旧東海道","highway":"tertiary","role":null},"geometry":{"type":"LineString","coordinates":[[137.0783033,34.9966346],[137.0784026,34.996572]]}},{"type":"Feature","properties":{"id":1182616503,"name":"第一京浜","highway":"trunk","role":null},"geometry":{"type":"LineString","coordinates":[[139.7181446,35.5526015],[139.7180835,35.5525209],[139.7177862,35.5521361],[139.7177162,35.5520448],[139.7175399,35.5518089],[139.7175092,35.551764],[139.7174724,35.5517102]]}},{"type":"Feature","properties":{"id":1184637506,"name":"東海道","highway":"trunk","role":null},"geometry":{"type":"LineString","coordinates":[[137.6902511,34.6881089],[137.6899144,34.688058],[137.689716,34.688028],[137.6895355,34.6880007],[137.689475,34.6879933],[137.6894081,34.6879852]]}},{"type":"Feature","properties":{"id":1184637507,"name":"東海道","highway":"trunk","role":null},"geometry":{"type":"LineString","coordinates":[[137.695069,34.6884394],[137.6945502,34.6884172],[137.6944945,34.6884148],[137.6941733,34.6884011],[137.6930624,34.6883536],[137.6929173,34.6883474],[137.6926314,34.6883351],[137.6923935,34.6883249],[137.692331,34.6883222],[137.6921744,34.688313],[137.6920224,34.6883018],[137.6918707,34.6882884],[137.6917193,34.6882728],[137.6915235,34.688252],[137.6909471,34.6881909],[137.6906935,34.688164],[137.6902511,34.6881089]]}},{"type":"Feature","properties":{"id":1184734358,"name":"旧東海道","highway":"unclassified","role":null},"geometry":{"type":"LineString","coordinates":[[139.7083975,35.5357477],[139.7083271,35.5354712],[139.7083034,35.5353778]]}},{"type":"Feature","properties":{"id":1185829669,"name":"いさご通り","highway":"tertiary","role":null},"geometry":{"type":"LineString","coordinates":[[139.7008984,35.5299342],[139.7009153,35.529978],[139.7009295,35.5300227],[139.7010507,35.5304081],[139.7010896,35.5305246],[139.7010966,35.5305488],[139.7011268,35.53065]]}},{"type":"Feature","properties":{"id":1186113305,"name":"旧東海道","highway":"tertiary","role":null},"geometry":{"type":"LineString","coordinates":[[139.6886677,35.521467],[139.6887661,35.5215495],[139.688842,35.5215999],[139.6889846,35.5216921],[139.6893307,35.5219191],[139.6896712,35.5221442],[139.6896993,35.5221622],[139.6898709,35.5222724],[139.6902205,35.522497],[139.6903433,35.5225771],[139.6903859,35.5226049],[139.69044,35.5226378],[139.6910703,35.5230479]]}},{"type":"Feature","properties":{"id":1186117513,"name":"旧東海道","highway":"tertiary","role":null},"geometry":{"type":"LineString","coordinates":[[139.6820535,35.5156395],[139.6820909,35.5156727],[139.6822456,35.5158106],[139.6825094,35.5160376],[139.6825322,35.516057],[139.6828476,35.5163255],[139.6834254,35.5168703],[139.6837353,35.5171739]]}},{"type":"Feature","properties":{"id":1186117514,"name":"旧東海道","highway":"tertiary","role":null},"geometry":{"type":"LineString","coordinates":[[139.6862677,35.5194019],[139.686309,35.5194345],[139.6864745,35.5195764]]}},{"type":"Feature","properties":{"id":1186117517,"name":"旧東海道","highway":"tertiary","role":null},"geometry":{"type":"LineString","coordinates":[[139.6864745,35.5195764],[139.6865185,35.5196119],[139.6865402,35.5196343]]}},{"type":"Feature","properties":{"id":1191333446,"name":"国道1号","highway":"trunk","role":null},"geometry":{"type":"LineString","coordinates":[[139.5010414,35.3705618],[139.5006678,35.3698966],[139.500661,35.3698807],[139.5003648,35.3693075],[139.5001123,35.3688189]]}},{"type":"Feature","properties":{"id":1191692426,"name":"旧東海道","highway":"unclassified","role":null},"geometry":{"type":"LineString","coordinates":[[137.5265497,34.6813864],[137.5271767,34.6815989],[137.5274912,34.6816881],[137.5280494,34.6818256],[137.528174,34.6818668],[137.5286887,34.6820127],[137.5292142,34.6821697],[137.5295043,34.6822495],[137.5298796,34.6823689],[137.5302557,34.6824829],[137.5307054,34.6826503],[137.5308064,34.6826753],[137.5314064,34.6827564],[137.5319981,34.6828811],[137.5321701,34.6829105],[137.5322554,34.6829167]]}},{"type":"Feature","properties":{"id":1191692427,"name":"旧東海道","highway":"unclassified","role":null},"geometry":{"type":"LineString","coordinates":[[137.5322554,34.6829167],[137.5324645,34.6829321]]}},{"type":"Feature","properties":{"id":1212187094,"name":"国道257号（東海道）","highway":"trunk","role":null},"geometry":{"type":"LineString","coordinates":[[137.7270002,34.6998898],[137.7270348,34.6999849]]}},{"type":"Feature","properties":{"id":1213458398,"name":"旧東海道","highway":"unclassified","role":null},"geometry":{"type":"LineString","coordinates":[[137.458332,34.721834],[137.4581989,34.7218663],[137.4580278,34.721885],[137.4575673,34.7219399],[137.4571685,34.7220156],[137.4570918,34.722051],[137.4570091,34.7220973],[137.4569725,34.7221369],[137.456929,34.7221681],[137.4568943,34.722213],[137.4567115,34.7222016],[137.4562632,34.7221832],[137.455656,34.722396],[137.455487,34.7224614],[137.4544088,34.7226902],[137.4535152,34.7229359],[137.4533768,34.7229782],[137.4533264,34.7229875]]}},{"type":"Feature","properties":{"id":1213458399,"name":"旧東海道","highway":"unclassified","role":null},"geometry":{"type":"LineString","coordinates":[[137.4533264,34.7229875],[137.4532436,34.7230079]]}},{"type":"Feature","properties":{"id":1213962997,"name":"旧東海道","highway":"footway","role":null},"geometry":{"type":"LineString","coordinates":[[139.0263513,35.1925327],[139.0263571,35.1924262],[139.0263575,35.1924051],[139.0263589,35.1923819],[139.0263615,35.1923569],[139.0263703,35.1923073],[139.0263753,35.1922791],[139.0263781,35.1922667],[139.0263828,35.1922541],[139.026389,35.1922421],[139.026394,35.1922344]]}},{"type":"Feature","properties":{"id":1213962998,"name":"旧東海道","highway":"footway","role":null},"geometry":{"type":"LineString","coordinates":[[139.0263527,35.192557],[139.0263513,35.1925327]]}},{"type":"Feature","properties":{"id":1216411687,"name":"長沢国府線","highway":"secondary","role":null},"geometry":{"type":"LineString","coordinates":[[137.2789181,34.874619],[137.2789147,34.8745502]]}},{"type":"Feature","properties":{"id":1216411688,"name":"長沢国府線","highway":"secondary","role":null},"geometry":{"type":"LineString","coordinates":[[137.2789358,34.8746488],[137.2789181,34.874619]]}},{"type":"Feature","properties":{"id":1219680340,"name":"東海道","highway":"secondary","role":null},"geometry":{"type":"LineString","coordinates":[[137.9958757,34.7757284],[137.9957822,34.7757106]]}},{"type":"Feature","properties":{"id":1219680346,"name":"大池橋","highway":null,"role":null},"geometry":{"type":"LineString","coordinates":[[137.995901,34.7757982],[137.996387,34.7758819],[137.9963303,34.7757341],[137.9959944,34.7756717],[137.9958529,34.7756454],[137.9958757,34.7757284],[137.995897,34.7757872],[137.995901,34.7757982]]}},{"type":"Feature","properties":{"id":1223545302,"name":"旧東海道","highway":"residential","role":null},"geometry":{"type":"LineString","coordinates":[[136.1719648,34.970535],[136.1720247,34.9705016]]}},{"type":"Feature","properties":{"id":1223545303,"name":"旧東海道","highway":"residential","role":null},"geometry":{"type":"LineString","coordinates":[[136.1719388,34.9705496],[136.1719648,34.970535]]}},{"type":"Feature","properties":{"id":1224810058,"name":"神奈川県道732号湯本元箱根線","highway":"secondary","role":null},"geometry":{"type":"LineString","coordinates":[[139.0732775,35.2195706],[139.0732455,35.219566]]}},{"type":"Feature","properties":{"id":1224810063,"name":"湯本元箱根線","highway":"secondary","role":null},"geometry":{"type":"LineString","coordinates":[[139.0789765,35.221398],[139.0788232,35.2213454]]}},{"type":"Feature","properties":{"id":1224810064,"name":"湯本元箱根線","highway":"secondary","role":null},"geometry":{"type":"LineString","coordinates":[[139.080164,35.2218844],[139.0801177,35.2218742],[139.0800788,35.2218641],[139.0797198,35.2217581],[139.0796247,35.2217269],[139.0795934,35.2217146],[139.0795594,35.2216995],[139.0795165,35.2216775],[139.0794803,35.2216589],[139.0794569,35.221643],[139.0792919,35.2215314],[139.0792689,35.2215156],[139.0792481,35.2215031],[139.0792257,35.2214913],[139.0791996,35.2214794],[139.0791769,35.2214705],[139.0791086,35.2214433],[139.0789765,35.221398]]}},{"type":"Feature","properties":{"id":1224810069,"name":"神奈川県道732号湯本元箱根線","highway":"secondary","role":null},"geometry":{"type":"LineString","coordinates":[[139.086183,35.2229039],[139.0860296,35.2228613],[139.0857307,35.2227595],[139.0856578,35.2227401],[139.0855845,35.2227319],[139.085333,35.222733],[139.0850923,35.2227515],[139.0848665,35.2227914],[139.0845253,35.2228552],[139.0844594,35.2228611],[139.0842511,35.2228478],[139.0840642,35.2228028],[139.0839148,35.2227571],[139.0838198,35.2227254],[139.0834029,35.2224947]]}},{"type":"Feature","properties":{"id":1224810070,"name":"神奈川県道732号湯本元箱根線","highway":"secondary","role":null},"geometry":{"type":"LineString","coordinates":[[139.0864043,35.2229725],[139.086183,35.2229039]]}},{"type":"Feature","properties":{"id":1224810076,"name":"神奈川県道732号湯本元箱根線","highway":"secondary","role":null},"geometry":{"type":"LineString","coordinates":[[139.0921038,35.2247474],[139.0919619,35.2247727]]}},{"type":"Feature","properties":{"id":1224810077,"name":"神奈川県道732号湯本元箱根線","highway":"secondary","role":null},"geometry":{"type":"LineString","coordinates":[[139.09247,35.2247564],[139.0922146,35.2247344],[139.0921727,35.224738],[139.0921038,35.2247474]]}},{"type":"Feature","properties":{"id":1224810078,"name":"神奈川県道732号湯本元箱根線","highway":"secondary","role":null},"geometry":{"type":"LineString","coordinates":[[139.091308,35.2246612],[139.0911827,35.2247083]]}},{"type":"Feature","properties":{"id":1224810079,"name":"神奈川県道732号湯本元箱根線","highway":"secondary","role":null},"geometry":{"type":"LineString","coordinates":[[139.0919619,35.2247727],[139.0918995,35.2247828],[139.0918408,35.2247864],[139.0917703,35.2247878],[139.091716,35.224776],[139.0915286,35.2246788],[139.0914687,35.2246523],[139.0914105,35.2246408],[139.0913559,35.2246434],[139.091308,35.2246612]]}},{"type":"Feature","properties":{"id":1224810080,"name":"神奈川県道732号湯本元箱根線","highway":"secondary","role":null},"geometry":{"type":"LineString","coordinates":[[139.0911827,35.2247083],[139.091132,35.2247333],[139.0910632,35.2247735],[139.0907849,35.2249628],[139.0907415,35.2249786],[139.0906916,35.2249921],[139.0906342,35.2249941],[139.0905776,35.2249833],[139.090424,35.2249294],[139.0903521,35.2249038],[139.0903118,35.224884],[139.0902085,35.2248331],[139.0889784,35.2242279],[139.0882081,35.2238635],[139.0880347,35.2237949],[139.087917,35.2237594],[139.0876974,35.2237107],[139.0876159,35.2236954],[139.0873141,35.2236667],[139.087005,35.2236319],[139.0869086,35.2236049],[139.0868383,35.2235701],[139.0867841,35.2235185],[139.0867351,35.2234414],[139.0866666,35.2232171],[139.0866319,35.2231494],[139.0865738,35.2230721],[139.0865182,35.2230175],[139.0864043,35.2229725]]}},{"type":"Feature","properties":{"id":1224810081,"name":"神奈川県道732号湯本元箱根線","highway":"secondary","role":null},"geometry":{"type":"LineString","coordinates":[[139.0926245,35.2247769],[139.09247,35.2247564]]}},{"type":"Feature","properties":{"id":1224810082,"name":"神奈川県道732号湯本元箱根線","highway":"secondary","role":null},"geometry":{"type":"LineString","coordinates":[[139.0951396,35.2267039],[139.0948463,35.226644]]}},{"type":"Feature","properties":{"id":1224810083,"name":"神奈川県道732号湯本元箱根線","highway":"secondary","role":null},"geometry":{"type":"LineString","coordinates":[[139.0948463,35.226644],[139.0947958,35.2266379],[139.0947626,35.2266394],[139.0947178,35.2266416],[139.0946722,35.226672],[139.0945751,35.2267848],[139.0944952,35.2268886],[139.0944202,35.2269576],[139.0943461,35.2270003],[139.0942908,35.2270255],[139.0942077,35.2270342],[139.0941138,35.2270287],[139.0939917,35.2270019],[139.0938744,35.2269712],[139.0937711,35.2269362],[139.0937054,35.2269077],[139.0936397,35.2268726],[139.0935673,35.2268113],[139.0934747,35.2267215],[139.0933889,35.2266229],[139.0933152,35.2265221],[139.0932401,35.2263709],[139.0931931,35.2262197],[139.093173,35.226103],[139.0931717,35.2260439],[139.0931549,35.2259535],[139.093122,35.2258626],[139.0930751,35.2257607],[139.0930288,35.2256665],[139.092996,35.2255832],[139.0929664,35.2254871],[139.0929277,35.2252752],[139.0928811,35.2250504],[139.0928669,35.2250003],[139.0928427,35.2249588],[139.0927321,35.2248257],[139.092705,35.2248044],[139.0926753,35.2247918],[139.0926245,35.2247769]]}},{"type":"Feature","properties":{"id":1225011140,"name":"旧東海道","highway":"steps","role":null},"geometry":{"type":"LineString","coordinates":[[139.0335024,35.203376],[139.0335686,35.2034071],[139.0336017,35.203418]]}},{"type":"Feature","properties":{"id":1225374033,"name":"鶴見東口駅前通り","highway":"tertiary","role":null},"geometry":{"type":"LineString","coordinates":[[139.6783795,35.5107518],[139.6781258,35.51044],[139.6778966,35.510138],[139.6778067,35.509969],[139.6778092,35.5098251]]}},{"type":"Feature","properties":{"id":1225374852,"name":"鶴見銀座","highway":"residential","role":null},"geometry":{"type":"LineString","coordinates":[[139.6767931,35.5037819],[139.6766893,35.5035749],[139.6764789,35.5031203],[139.6763054,35.50271],[139.6762853,35.5026594],[139.6762816,35.50265],[139.6762628,35.5025509],[139.6762759,35.5023962],[139.6762821,35.5023228]]}},{"type":"Feature","properties":{"id":1225584363,"name":"旧三条通り;旧東海道","highway":"unclassified","role":null},"geometry":{"type":"LineString","coordinates":[[135.8138755,34.9912341],[135.8136883,34.9912363],[135.8133577,34.9912407]]}},{"type":"Feature","properties":{"id":1225584364,"name":"旧三条通り;旧東海道","highway":"unclassified","role":null},"geometry":{"type":"LineString","coordinates":[[135.8139803,34.9912327],[135.8139487,34.9912331]]}},{"type":"Feature","properties":{"id":1225611250,"name":"三条通","highway":"primary","role":null},"geometry":{"type":"LineString","coordinates":[[135.7747298,35.0093309],[135.7753001,35.0093746],[135.7753579,35.009378],[135.7754419,35.0093832],[135.7755415,35.0093889],[135.7757689,35.0094051],[135.7759724,35.0094157],[135.7760749,35.009421],[135.7761917,35.0094276],[135.7765697,35.0094415],[135.776645,35.0094443],[135.7767196,35.0094451],[135.7771075,35.0094491],[135.7774274,35.0094491],[135.7779626,35.0094558],[135.778126,35.0094597]]}},{"type":"Feature","properties":{"id":1225871752,"name":"緑瑞穂線","highway":"secondary","role":null},"geometry":{"type":"LineString","coordinates":[[136.948804,35.0824669],[136.9487806,35.0824176],[136.9486873,35.082189],[136.9486807,35.0821729],[136.9486068,35.0819045],[136.9485922,35.0817768],[136.9485557,35.081114],[136.9485646,35.0810418],[136.9485977,35.0809416],[136.9486434,35.0808394],[136.9486987,35.0808062],[136.9488695,35.0807287],[136.9490134,35.0806978],[136.9490741,35.0806856],[136.9496426,35.0805677],[136.9496605,35.0805642],[136.9499891,35.0804888],[136.9504398,35.0803648],[136.9504803,35.0803497],[136.9505658,35.0803177],[136.9506333,35.0802894],[136.9511707,35.0800629],[136.9515303,35.0799178],[136.9516687,35.0798613],[136.9519967,35.0797269],[136.9522601,35.0796118],[136.9522732,35.0795459],[136.9522594,35.0794933],[136.9522119,35.0794193],[136.9523216,35.0793352],[136.9527264,35.0789722],[136.9528706,35.0788368],[136.9532687,35.0784882],[136.953944,35.0778395],[136.9539749,35.0778169]]}},{"type":"Feature","properties":{"id":1225871753,"name":"緑瑞穂線","highway":"secondary","role":null},"geometry":{"type":"LineString","coordinates":[[136.9488133,35.0824876],[136.948804,35.0824669]]}},{"type":"Feature","properties":{"id":1227589746,"name":"東海道","highway":"trunk","role":null},"geometry":{"type":"LineString","coordinates":[[137.701635,34.6884316],[137.7011485,34.6884669],[137.7008637,34.6884876],[137.7008299,34.6884901],[137.7007277,34.6884976],[137.7006175,34.6885055],[137.7005094,34.6885134],[137.7001901,34.6885365]]}},{"type":"Feature","properties":{"id":1231260831,"name":"旧東海道","highway":"residential","role":null},"geometry":{"type":"LineString","coordinates":[[138.6747285,35.1562714],[138.6750786,35.1567247]]}},{"type":"Feature","properties":{"id":1231279458,"name":"国道139号","highway":"trunk","role":null},"geometry":{"type":"LineString","coordinates":[[138.6785212,35.16112],[138.6783811,35.1605752]]}},{"type":"Feature","properties":{"id":1235116342,"name":"旧東海道","highway":"unclassified","role":null},"geometry":{"type":"LineString","coordinates":[[136.0870111,34.9941657],[136.0868801,34.9942133]]}},{"type":"Feature","properties":{"id":1235116343,"name":"旧東海道","highway":"unclassified","role":null},"geometry":{"type":"LineString","coordinates":[[136.0868801,34.9942133],[136.086749,34.9942609]]}},{"type":"Feature","properties":{"id":1236468582,"name":"第一京浜","highway":"trunk","role":null},"geometry":{"type":"LineString","coordinates":[[139.7466149,35.6466458],[139.7468001,35.6467388],[139.7468474,35.6467625]]}},{"type":"Feature","properties":{"id":1237402037,"name":"焼津森線","highway":"primary","role":null},"geometry":{"type":"LineString","coordinates":[[138.2837917,34.8984684],[138.2836235,34.8979513]]}},{"type":"Feature","properties":{"id":1238744305,"name":"三島富士線","highway":"primary","role":null},"geometry":{"type":"LineString","coordinates":[[138.6832069,35.1622959],[138.6838899,35.1621887],[138.6841491,35.1627183],[138.6841864,35.1627962],[138.6842644,35.1629549],[138.6844923,35.1634373]]}},{"type":"Feature","properties":{"id":1238744306,"name":"吉原本町通り","highway":"primary","role":null},"geometry":{"type":"LineString","coordinates":[[138.6868114,35.1626746],[138.6876999,35.1623948],[138.6877166,35.1623893],[138.6877332,35.1623837]]}},{"type":"Feature","properties":{"id":1241505791,"name":"第一京浜","highway":"trunk","role":null},"geometry":{"type":"LineString","coordinates":[[139.7376032,35.6287607],[139.7376053,35.628689]]}},{"type":"Feature","properties":{"id":1241505792,"name":"第一京浜","highway":"trunk","role":null},"geometry":{"type":"LineString","coordinates":[[139.7374459,35.6299013],[139.7374577,35.6301609]]}},{"type":"Feature","properties":{"id":1241916534,"name":"第一京浜","highway":"trunk","role":null},"geometry":{"type":"LineString","coordinates":[[139.7381004,35.6250459],[139.7380994,35.6250616],[139.7380855,35.6251889],[139.7380521,35.6253579],[139.7380181,35.6254719],[139.7379993,35.6255276],[139.7378828,35.6258735],[139.7378108,35.6260921],[139.7377674,35.6262391],[139.7377305,35.6263982],[139.7377018,35.6265392],[139.7376854,35.6266196],[139.7376713,35.6266928],[139.7376378,35.6268721],[139.7376065,35.6270442],[139.7375908,35.6271147],[139.7375647,35.627266],[139.7375315,35.6275016],[139.7374973,35.627837],[139.7374776,35.6281114],[139.73747,35.6283992],[139.7374681,35.6284954],[139.737464,35.6286153],[139.7374618,35.6287264]]}},{"type":"Feature","properties":{"id":1241916535,"name":"第一京浜","highway":"trunk","role":null},"geometry":{"type":"LineString","coordinates":[[139.7381043,35.6249859],[139.7381004,35.6250459]]}},{"type":"Feature","properties":{"id":1241916540,"name":"第一京浜","highway":"trunk","role":null},"geometry":{"type":"LineString","coordinates":[[139.7382516,35.6250256],[139.7382503,35.6248671]]}},{"type":"Feature","properties":{"id":1243425202,"name":"旧東海道","highway":"service","role":null},"geometry":{"type":"LineString","coordinates":[[138.5325611,35.0585616],[138.532716,35.0586732],[138.5327362,35.0587106],[138.5327093,35.0587512],[138.5326426,35.0588459],[138.5326016,35.0588992]]}},{"type":"Feature","properties":{"id":1243693274,"name":"東海道","highway":"trunk","role":null},"geometry":{"type":"LineString","coordinates":[[137.687251,34.6878588],[137.6871584,34.6878569],[137.6866046,34.6878455],[137.6863504,34.6878403],[137.6861986,34.6878371],[137.685991,34.6878328],[137.6856555,34.6878259],[137.6851489,34.6878155],[137.6845685,34.6878035],[137.684483,34.6878018],[137.6843871,34.6878002],[137.6836369,34.6877875],[137.6830604,34.6877777],[137.6823839,34.6877663]]}},{"type":"Feature","properties":{"id":1245594543,"name":"旧東海道","highway":"unclassified","role":null},"geometry":{"type":"LineString","coordinates":[[135.8006504,34.9943014],[135.8006042,34.99431]]}},{"type":"Feature","properties":{"id":1253965971,"name":"緑瑞穂線","highway":"secondary","role":null},"geometry":{"type":"LineString","coordinates":[[136.9458204,35.0928987],[136.9460625,35.0927937],[136.9462023,35.0927389],[136.9464978,35.0926026],[136.94664,35.0925352],[136.9475211,35.0921068],[136.9475744,35.0920809],[136.947634,35.0920587],[136.9476741,35.0920425],[136.9477464,35.0920232],[136.9480159,35.0919513]]}},{"type":"Feature","properties":{"id":1253965972,"name":"緑瑞穂線","highway":"secondary","role":null},"geometry":{"type":"LineString","coordinates":[[136.940802,35.0944411],[136.9414052,35.0943568],[136.9425728,35.0941677],[136.9426836,35.094148],[136.9433603,35.0939493],[136.9440182,35.0936721],[136.9440414,35.0936568],[136.9442691,35.093561],[136.9444067,35.0934916],[136.9444411,35.0934792]]}},{"type":"Feature","properties":{"id":1259808542,"name":"国道1号","highway":"trunk","role":null},"geometry":{"type":"LineString","coordinates":[[139.2076334,35.279349],[139.2075451,35.2793254],[139.2071245,35.2791998],[139.2068585,35.2791138],[139.2059346,35.2788151],[139.2053339,35.2785997],[139.2053044,35.2785892]]}},{"type":"Feature","properties":{"id":1264099724,"name":"旧東海道","highway":"unclassified","role":null},"geometry":{"type":"LineString","coordinates":[[137.8856228,34.7371643],[137.885289,34.736964],[137.885187,34.736953],[137.8850507,34.7369894],[137.8849325,34.7370271]]}},{"type":"Feature","properties":{"id":1265029345,"name":"国道1号","highway":"trunk","role":null},"geometry":{"type":"LineString","coordinates":[[136.5656522,34.9144752],[136.5653414,34.9144787],[136.5643109,34.9145188],[136.5629139,34.9145712],[136.5625607,34.9145851],[136.5612243,34.9146418],[136.56089,34.914643]]}},{"type":"Feature","properties":{"id":1265029346,"name":"国道1号","highway":"trunk","role":null},"geometry":{"type":"LineString","coordinates":[[136.5608904,34.9147314],[136.5625604,34.9146658],[136.5629136,34.9146519],[136.5643098,34.9146033],[136.5655868,34.9145597]]}},{"type":"Feature","properties":{"id":1265029347,"name":"国道1号","highway":"trunk","role":null},"geometry":{"type":"LineString","coordinates":[[136.5655868,34.9145597],[136.5671188,34.9144879],[136.5688707,34.9144303],[136.5690927,34.914423],[136.5693565,34.9144132]]}},{"type":"Feature","properties":{"id":1265029348,"name":"国道1号","highway":"trunk","role":null},"geometry":{"type":"LineString","coordinates":[[136.5693531,34.9143188],[136.5688453,34.9143392],[136.5685437,34.9143558],[136.5681337,34.9143717],[136.5671084,34.9144101],[136.5666627,34.9144264],[136.5656522,34.9144752]]}},{"type":"Feature","properties":{"id":1268360653,"name":"旧東海道","highway":"unclassified","role":null},"geometry":{"type":"LineString","coordinates":[[138.12652,34.8196],[138.1264857,34.8196264]]}},{"type":"Feature","properties":{"id":1270600271,"name":"国道1号","highway":"trunk","role":null},"geometry":{"type":"LineString","coordinates":[[139.303041,35.3070569],[139.3034146,35.3072138],[139.3037529,35.3073126],[139.3037792,35.3073186],[139.3039091,35.3073484]]}},{"type":"Feature","properties":{"id":1270600282,"name":"国道1号","highway":"trunk","role":null},"geometry":{"type":"LineString","coordinates":[[139.3039306,35.3072583],[139.3038068,35.3072262],[139.3034171,35.307125],[139.303041,35.3070569]]}},{"type":"Feature","properties":{"id":1272025015,"name":"東海道","highway":"secondary","role":null},"geometry":{"type":"LineString","coordinates":[[138.0577438,34.7842421],[138.0576298,34.7842446]]}},{"type":"Feature","properties":{"id":1272025016,"name":"東海道","highway":"secondary","role":null},"geometry":{"type":"LineString","coordinates":[[138.0601181,34.7841699],[138.0596446,34.7841787],[138.0593029,34.784185],[138.0592382,34.7841874],[138.0578276,34.7842402],[138.0577438,34.7842421]]}},{"type":"Feature","properties":{"id":1272025018,"name":"東海道","highway":"secondary","role":null},"geometry":{"type":"LineString","coordinates":[[138.0482788,34.7844891],[138.0481883,34.784489]]}},{"type":"Feature","properties":{"id":1272025019,"name":"東海道","highway":"secondary","role":null},"geometry":{"type":"LineString","coordinates":[[138.0576298,34.7842446],[138.0572503,34.7842531],[138.0566293,34.7842357],[138.0556185,34.7842074],[138.0552939,34.7842313],[138.0552052,34.7842379],[138.0548366,34.7843066],[138.0546232,34.7843483],[138.0544746,34.7843773],[138.0541494,34.7844406],[138.0538895,34.7844929],[138.0536574,34.7845252],[138.0533994,34.7845366],[138.0532075,34.7845388],[138.0530495,34.7845315],[138.0527577,34.7844947],[138.0525061,34.7844501],[138.0520361,34.7843438],[138.0516817,34.7842799],[138.0512864,34.7842456],[138.0508557,34.784258],[138.0497913,34.7843473],[138.0496331,34.7843606],[138.0494565,34.7843785],[138.0485266,34.7844754],[138.0482788,34.7844891]]}},{"type":"Feature","properties":{"id":1272161304,"name":"吉沢金谷線","highway":"secondary","role":null},"geometry":{"type":"LineString","coordinates":[[138.1174217,34.8159898],[138.117327,34.8160633]]}},{"type":"Feature","properties":{"id":1272161305,"name":"旧東海道","highway":"footway","role":null},"geometry":{"type":"LineString","coordinates":[[138.1172338,34.8160257],[138.117297,34.8160412],[138.117327,34.8160633]]}},{"type":"Feature","properties":{"id":1272161312,"name":"旧東海道","highway":"unclassified","role":null},"geometry":{"type":"LineString","coordinates":[[138.107631,34.8193],[138.1076921,34.8192627]]}},{"type":"Feature","properties":{"id":1272161313,"name":"旧東海道","highway":"unclassified","role":null},"geometry":{"type":"LineString","coordinates":[[138.1076157,34.8193109],[138.107631,34.8193]]}},{"type":"Feature","properties":{"id":1294901786,"name":"旧東海道","highway":"path","role":null},"geometry":{"type":"LineString","coordinates":[[138.3020003,34.9264297],[138.3020743,34.9267225],[138.3023555,34.9278498],[138.3023756,34.9279438]]}},{"type":"Feature","properties":{"id":1302982192,"name":"第一京浜","highway":"trunk","role":null},"geometry":{"type":"LineString","coordinates":[[139.735955,35.5873853],[139.7359589,35.5871535]]}},{"type":"Feature","properties":{"id":1306187276,"name":"旧東海道","highway":"tertiary","role":null},"geometry":{"type":"LineString","coordinates":[[138.8518501,35.0966028],[138.8520745,35.0964532],[138.8522741,35.0963201],[138.852365,35.0962593],[138.8524735,35.096184],[138.8526306,35.0960851],[138.8526847,35.0960511],[138.8527329,35.096019],[138.8535547,35.0955389],[138.8537301,35.0954311],[138.8540644,35.0952368],[138.8547629,35.0948134],[138.8548095,35.0947851],[138.855032,35.0946457]]}},{"type":"Feature","properties":{"id":1306260041,"name":"市道01059号線","highway":"tertiary","role":null},"geometry":{"type":"LineString","coordinates":[[138.7858201,35.1288138],[138.7858562,35.1288048],[138.7867742,35.1285733],[138.7870993,35.1284867],[138.787988,35.1282404],[138.7892192,35.1278961],[138.7892694,35.1278813],[138.7894964,35.1278145],[138.790271,35.1275818],[138.7911421,35.1273131],[138.7914019,35.1272397],[138.7917889,35.1271272],[138.7918295,35.1271154],[138.7927251,35.126847],[138.7934913,35.1266179],[138.7935795,35.1265902],[138.7936535,35.1265683],[138.7944402,35.1263359],[138.7945848,35.1262932]]}},{"type":"Feature","properties":{"id":1306260042,"name":"原停車場線","highway":"secondary","role":null},"geometry":{"type":"LineString","coordinates":[[138.7945848,35.1262932],[138.7947474,35.1262415],[138.7949332,35.1261825],[138.7958164,35.1259363],[138.7973664,35.1254549],[138.7977514,35.1253259],[138.7983924,35.1251341],[138.7989398,35.1249824]]}},{"type":"Feature","properties":{"id":1306987032,"name":"国道1号","highway":"trunk","role":null},"geometry":{"type":"LineString","coordinates":[[139.3900419,35.3296362],[139.3902078,35.3294541],[139.3903691,35.3293014],[139.3904483,35.3292439],[139.3905718,35.3291541],[139.3907253,35.3290629],[139.3909262,35.3289733],[139.3912355,35.3288533],[139.3913511,35.3288084],[139.3914332,35.3287717],[139.3915329,35.3287346],[139.3917124,35.3286661],[139.3919394,35.3286057],[139.3920242,35.328589],[139.3923571,35.3285428],[139.3925265,35.3285277],[139.3925906,35.3285281],[139.3926939,35.3285288],[139.3928851,35.3285692],[139.3930621,35.3286216],[139.3931039,35.3286337],[139.3931787,35.3286547],[139.3934264,35.3287294],[139.3944503,35.3290602],[139.3945245,35.3290848],[139.3945873,35.3291021],[139.3947977,35.3291615],[139.3949731,35.329211]]}},{"type":"Feature","properties":{"id":1306987033,"name":"国道1号","highway":"trunk","role":null},"geometry":{"type":"LineString","coordinates":[[139.3949731,35.329211],[139.3952907,35.3293008]]}},{"type":"Feature","properties":{"id":1314344520,"name":"三畑四日市線","highway":"secondary","role":null},"geometry":{"type":"LineString","coordinates":[[136.5965383,34.9344867],[136.5963176,34.934423],[136.5957645,34.9342731]]}},{"type":"Feature","properties":{"id":1314344521,"name":"三畑四日市線","highway":"secondary","role":null},"geometry":{"type":"LineString","coordinates":[[136.5979697,34.9354159],[136.5978072,34.9352224],[136.5976927,34.9351068],[136.5975141,34.9349673],[136.597351,34.9348644],[136.597125,34.9347373],[136.596865,34.9345979],[136.5965383,34.9344867]]}},{"type":"Feature","properties":{"id":1323519577,"name":"旧東海道","highway":"residential","role":null},"geometry":{"type":"LineString","coordinates":[[138.1257974,34.8184965],[138.1258168,34.8184219]]}},{"type":"Feature","properties":{"id":1329800287,"name":"旧東海道","highway":"footway","role":null},"geometry":{"type":"LineString","coordinates":[[138.5347344,35.0597106],[138.5347679,35.0597293],[138.5347612,35.0597732]]}},{"type":"Feature","properties":{"id":1329800288,"name":"旧東海道","highway":"footway","role":null},"geometry":{"type":"LineString","coordinates":[[138.5327987,35.0586303],[138.5347344,35.0597106]]}},{"type":"Feature","properties":{"id":1329800294,"name":"旧東海道","highway":"steps","role":null},"geometry":{"type":"LineString","coordinates":[[138.5325682,35.0585566],[138.5326376,35.0585636]]}},{"type":"Feature","properties":{"id":1329800295,"name":"旧東海道","highway":"footway","role":null},"geometry":{"type":"LineString","coordinates":[[138.5325611,35.0585616],[138.5325682,35.0585566]]}},{"type":"Feature","properties":{"id":1329800296,"name":"旧東海道","highway":"footway","role":null},"geometry":{"type":"LineString","coordinates":[[138.5347612,35.0597732],[138.534794,35.0597937]]}},{"type":"Feature","properties":{"id":1329800297,"name":"旧東海道","highway":"footway","role":null},"geometry":{"type":"LineString","coordinates":[[138.5326376,35.0585636],[138.5326691,35.058558],[138.5327987,35.0586303]]}},{"type":"Feature","properties":{"id":1329808250,"name":"旧東海道","highway":"unclassified","role":null},"geometry":{"type":"LineString","coordinates":[[138.5347865,35.0651495],[138.5353613,35.0646984]]}},{"type":"Feature","properties":{"id":1329824909,"name":"由比停車場線","highway":"secondary","role":null},"geometry":{"type":"LineString","coordinates":[[138.560621,35.1042981],[138.5604942,35.104251]]}},{"type":"Feature","properties":{"id":1329824910,"name":"由比停車場線","highway":"secondary","role":null},"geometry":{"type":"LineString","coordinates":[[138.5646452,35.1060694],[138.5645045,35.1060002],[138.5642526,35.1058767],[138.5636766,35.1055943],[138.5634167,35.1054679],[138.5622749,35.1049664],[138.5614252,35.1046155],[138.5609502,35.1044294],[138.5606451,35.1043074],[138.560621,35.1042981]]}},{"type":"Feature","properties":{"id":1329824919,"name":"由比停車場線","highway":"secondary","role":null},"geometry":{"type":"LineString","coordinates":[[138.5523767,35.0970841],[138.551492,35.0958204],[138.5514416,35.0957556]]}},{"type":"Feature","properties":{"id":1329824944,"name":"旧東海道","highway":"unclassified","role":null},"geometry":{"type":"LineString","coordinates":[[138.5502411,35.0936085],[138.5502326,35.0935763]]}},{"type":"Feature","properties":{"id":1329824945,"name":"旧東海道","highway":"unclassified","role":null},"geometry":{"type":"LineString","coordinates":[[138.5504306,35.0940158],[138.5503996,35.0939036],[138.5503388,35.0937687],[138.5502411,35.0936085]]}},{"type":"Feature","properties":{"id":1329824948,"name":"旧東海道","highway":"unclassified","role":null},"geometry":{"type":"LineString","coordinates":[[138.5506028,35.0944734],[138.5505869,35.0944354]]}},{"type":"Feature","properties":{"id":1329824949,"name":"旧東海道","highway":"unclassified","role":null},"geometry":{"type":"LineString","coordinates":[[138.5513294,35.0958054],[138.5511618,35.095836],[138.5509936,35.0956094],[138.5509408,35.0955229],[138.550904,35.0954089],[138.5508191,35.0950224],[138.5507503,35.0948272],[138.5506028,35.0944734]]}},{"type":"Feature","properties":{"id":1329824957,"name":"旧東海道","highway":"unclassified","role":null},"geometry":{"type":"LineString","coordinates":[[138.5484929,35.0912064],[138.5484605,35.091151],[138.5483116,35.0906911],[138.5482924,35.0901448],[138.5482748,35.0898434],[138.5482844,35.0897321],[138.5483196,35.0895971],[138.5483693,35.0894176],[138.5483565,35.0891163],[138.548334,35.0890232],[138.548302,35.0889276],[138.5482908,35.088845],[138.5481931,35.0886773],[138.5481515,35.0886144],[138.5481371,35.0885542],[138.5481403,35.0884821],[138.5481755,35.0883419],[138.5481035,35.0877576],[138.5481291,35.0875152],[138.5480939,35.0871902],[138.5480474,35.0870566],[138.5477944,35.0864893],[138.5475687,35.0860792],[138.5472949,35.0856769],[138.5472532,35.0855865],[138.5471988,35.0854817],[138.54718,35.0854254],[138.5471766,35.0854151],[138.5471299,35.0852747],[138.5470627,35.0850572],[138.5469538,35.0847505],[138.5469551,35.0847028]]}},{"type":"Feature","properties":{"id":1329824958,"name":"旧東海道","highway":"unclassified","role":null},"geometry":{"type":"LineString","coordinates":[[138.5485214,35.091255],[138.5484929,35.0912064]]}},{"type":"Feature","properties":{"id":1329824975,"name":"旧東海道","highway":"unclassified","role":null},"geometry":{"type":"LineString","coordinates":[[138.5469608,35.0846579],[138.5469619,35.0846486],[138.5470355,35.0843496],[138.5470515,35.0842369],[138.5470387,35.0840862],[138.5470002,35.0838216],[138.5468801,35.0832005],[138.5467985,35.0829489],[138.5467751,35.0828997],[138.5467645,35.0828779]]}},{"type":"Feature","properties":{"id":1329824976,"name":"旧東海道","highway":"unclassified","role":null},"geometry":{"type":"LineString","coordinates":[[138.5469551,35.0847028],[138.5469608,35.0846579]]}},{"type":"Feature","properties":{"id":1329824985,"name":"旧東海道","highway":"unclassified","role":null},"geometry":{"type":"LineString","coordinates":[[138.5466292,35.0820754],[138.5466336,35.0820513],[138.5466448,35.0817526],[138.5466224,35.0815914]]}},{"type":"Feature","properties":{"id":1329824986,"name":"旧東海道","highway":"unclassified","role":null},"geometry":{"type":"LineString","coordinates":[[138.5466262,35.0820922],[138.5466292,35.0820754]]}},{"type":"Feature","properties":{"id":1329824988,"name":"旧東海道","highway":"unclassified","role":null},"geometry":{"type":"LineString","coordinates":[[138.546757,35.0828612],[138.5467535,35.0828541],[138.5466544,35.0826462],[138.5466272,35.0825649],[138.5466159,35.0825309],[138.5465983,35.0824405],[138.5465887,35.0823357],[138.5466015,35.0822282],[138.5466262,35.0820922]]}},{"type":"Feature","properties":{"id":1329824989,"name":"旧東海道","highway":"unclassified","role":null},"geometry":{"type":"LineString","coordinates":[[138.5467645,35.0828779],[138.546757,35.0828612]]}},{"type":"Feature","properties":{"id":1329871277,"name":"旧東海道","highway":"unclassified","role":null},"geometry":{"type":"LineString","coordinates":[[138.570598,35.1094741],[138.5704318,35.1093911],[138.5702377,35.1092646],[138.5698958,35.1090187],[138.5698044,35.1089521],[138.56958,35.1087642],[138.5694862,35.1086447],[138.5691897,35.1084641],[138.5679056,35.1077638],[138.5677069,35.1076543],[138.567482,35.1075357],[138.5667035,35.107125]]}},{"type":"Feature","properties":{"id":1329871288,"name":"由比本陣公園","highway":null,"role":null},"geometry":{"type":"LineString","coordinates":[[138.5672589,35.1082131],[138.5676545,35.1076843],[138.5676511,35.1076651],[138.5671087,35.1073782],[138.5670988,35.1073917],[138.566707,35.1079311],[138.5668492,35.1080447],[138.5669243,35.1081319],[138.5669759,35.1081599],[138.5672589,35.1082131]]}},{"type":"Feature","properties":{"id":1329891430,"name":"旧東海道","highway":"unclassified","role":null},"geometry":{"type":"LineString","coordinates":[[138.6120415,35.1355561],[138.6119901,35.1356697]]}},{"type":"Feature","properties":{"id":1329891431,"name":"旧東海道","highway":"footway","role":null},"geometry":{"type":"LineString","coordinates":[[138.6115858,35.1356647],[138.6115847,35.1355608]]}},{"type":"Feature","properties":{"id":1329891432,"name":"旧東海道","highway":"footway","role":null},"geometry":{"type":"LineString","coordinates":[[138.6116152,35.1353639],[138.6116278,35.135293]]}},{"type":"Feature","properties":{"id":1329891433,"name":"旧東海道","highway":"steps","role":null},"geometry":{"type":"LineString","coordinates":[[138.6116152,35.1353639],[138.6116105,35.1353943]]}},{"type":"Feature","properties":{"id":1329891434,"name":"旧東海道","highway":"footway","role":null},"geometry":{"type":"LineString","coordinates":[[138.6115885,35.1355383],[138.6116105,35.1353943]]}},{"type":"Feature","properties":{"id":1329891435,"name":"旧東海道","highway":"steps","role":null},"geometry":{"type":"LineString","coordinates":[[138.6115847,35.1355608],[138.6115885,35.1355383]]}},{"type":"Feature","properties":{"id":1329891439,"name":"旧東海道","highway":"unclassified","role":null},"geometry":{"type":"LineString","coordinates":[[138.6129303,35.1283222],[138.6130008,35.1282875],[138.6131444,35.1281778],[138.6132098,35.1280075]]}},{"type":"Feature","properties":{"id":1330058969,"name":"旧東海道","highway":"residential","role":null},"geometry":{"type":"LineString","coordinates":[[138.6116278,35.135293],[138.6116578,35.135118],[138.6117523,35.134686],[138.6118069,35.1344366],[138.6118811,35.1340381],[138.6119123,35.1339161]]}},{"type":"Feature","properties":{"id":1330322324,"name":"旧東海道","highway":"unclassified","role":null},"geometry":{"type":"LineString","coordinates":[[135.9479997,34.9975544],[135.9479948,34.9975398]]}},{"type":"Feature","properties":{"id":1330322325,"name":"旧東海道","highway":"unclassified","role":null},"geometry":{"type":"LineString","coordinates":[[135.9480126,34.9975898],[135.9479997,34.9975544]]}},{"type":"Feature","properties":{"id":1332622300,"name":"旧東海道","highway":"unclassified","role":null},"geometry":{"type":"LineString","coordinates":[[138.62697,35.1553511],[138.6269884,35.1553118]]}},{"type":"Feature","properties":{"id":1332622303,"name":"旧東海道","highway":"service","role":null},"geometry":{"type":"LineString","coordinates":[[138.6212718,35.1547164],[138.6212603,35.1551711]]}},{"type":"Feature","properties":{"id":1332622305,"name":"旧東海道","highway":"footway","role":null},"geometry":{"type":"LineString","coordinates":[[138.6260059,35.1552392],[138.6216686,35.1546697]]}},{"type":"Feature","properties":{"id":1332622306,"name":"旧東海道","highway":"footway","role":null},"geometry":{"type":"LineString","coordinates":[[138.62697,35.1553511],[138.6264064,35.1552898],[138.6263023,35.1552781],[138.6260059,35.1552392]]}},{"type":"Feature","properties":{"id":1332622307,"name":"旧東海道","highway":"footway","role":null},"geometry":{"type":"LineString","coordinates":[[138.6216686,35.1546697],[138.6216521,35.1546675],[138.621593,35.1546769],[138.621534,35.1547196],[138.6214328,35.1547184],[138.6212718,35.1547164]]}},{"type":"Feature","properties":{"id":1332622310,"name":"旧東海道","highway":"unclassified","role":null},"geometry":{"type":"LineString","coordinates":[[138.6212603,35.1551711],[138.6210528,35.1551594],[138.6210269,35.1551296],[138.620979,35.1549885],[138.6209234,35.154762],[138.6208992,35.1546818],[138.6208778,35.1546441],[138.6208447,35.1546126]]}},{"type":"Feature","properties":{"id":1332785036,"name":"旧東海道","highway":"unclassified","role":null},"geometry":{"type":"LineString","coordinates":[[138.656031,35.1567116],[138.6558469,35.1565551],[138.6556365,35.1564163]]}},{"type":"Feature","properties":{"id":1332785037,"name":"旧東海道","highway":"unclassified","role":null},"geometry":{"type":"LineString","coordinates":[[138.6560838,35.1568521],[138.656072,35.1567744],[138.656031,35.1567116]]}},{"type":"Feature","properties":{"id":1340198728,"name":"富士由比線","highway":"secondary","role":null},"geometry":{"type":"LineString","coordinates":[[138.6747285,35.1562714],[138.6746045,35.1562764]]}},{"type":"Feature","properties":{"id":1341477431,"name":"三島富士線","highway":"primary","role":null},"geometry":{"type":"LineString","coordinates":[[138.6790719,35.1618096],[138.6791582,35.1618519],[138.679233,35.1618715],[138.6801035,35.1620439],[138.6802012,35.1620612],[138.6811599,35.1622226],[138.6816258,35.1623096],[138.6822039,35.1624162],[138.6822643,35.1624201],[138.6823439,35.1624186],[138.6826344,35.1623841],[138.6832069,35.1622959]]}},{"type":"Feature","properties":{"id":1341627230,"name":"旧東海道","highway":"footway","role":null},"geometry":{"type":"LineString","coordinates":[[139.0536317,35.2038416],[139.0535819,35.2038766]]}},{"type":"Feature","properties":{"id":1341627231,"name":"旧東海道","highway":"steps","role":null},"geometry":{"type":"LineString","coordinates":[[139.0537067,35.203885],[139.0536317,35.2038416]]}},{"type":"Feature","properties":{"id":1341627232,"name":"旧東海道","highway":"path","role":null},"geometry":{"type":"LineString","coordinates":[[139.0546814,35.2046472],[139.054657,35.2046257]]}},{"type":"Feature","properties":{"id":1341627233,"name":"旧東海道","highway":"path","role":null},"geometry":{"type":"LineString","coordinates":[[139.0549788,35.2049803],[139.0549557,35.2049651],[139.0547699,35.2047252],[139.0546814,35.2046472]]}},{"type":"Feature","properties":{"id":1341627234,"name":"旧東海道","highway":"path","role":null},"geometry":{"type":"LineString","coordinates":[[139.0550004,35.2049946],[139.0549788,35.2049803]]}},{"type":"Feature","properties":{"id":1341627235,"name":"旧東海道","highway":"path","role":null},"geometry":{"type":"LineString","coordinates":[[139.0550446,35.2050237],[139.0550004,35.2049946]]}},{"type":"Feature","properties":{"id":1341627236,"name":"旧東海道","highway":"steps","role":null},"geometry":{"type":"LineString","coordinates":[[139.0550643,35.2050367],[139.0550446,35.2050237]]}},{"type":"Feature","properties":{"id":1341627237,"name":"旧東海道","highway":"path","role":null},"geometry":{"type":"LineString","coordinates":[[139.0550999,35.2050601],[139.0550643,35.2050367]]}},{"type":"Feature","properties":{"id":1341627238,"name":"旧東海道","highway":"path","role":null},"geometry":{"type":"LineString","coordinates":[[139.054657,35.2046257],[139.0545811,35.2045587],[139.0544583,35.2044656],[139.0543054,35.2043065],[139.0542155,35.2042061],[139.0541256,35.2041057],[139.0537121,35.2038877],[139.0537067,35.203885]]}},{"type":"Feature","properties":{"id":1341627239,"name":"旧東海道","highway":"steps","role":null},"geometry":{"type":"LineString","coordinates":[[139.0551608,35.2051002],[139.0550999,35.2050601]]}},{"type":"Feature","properties":{"id":1341627240,"name":"旧東海道","highway":"path","role":null},"geometry":{"type":"LineString","coordinates":[[139.056498,35.2061627],[139.0564806,35.206144]]}},{"type":"Feature","properties":{"id":1341627241,"name":"旧東海道","highway":"path","role":null},"geometry":{"type":"LineString","coordinates":[[139.0565012,35.206166],[139.056498,35.2061627]]}},{"type":"Feature","properties":{"id":1341627242,"name":"旧東海道","highway":"steps","role":null},"geometry":{"type":"LineString","coordinates":[[139.056684,35.2063282],[139.0566404,35.2062964],[139.0565774,35.2062567],[139.0565309,35.2061978],[139.0565012,35.206166]]}},{"type":"Feature","properties":{"id":1341627243,"name":"旧東海道","highway":"path","role":null},"geometry":{"type":"LineString","coordinates":[[139.0572478,35.2081983],[139.057302,35.2081533],[139.0573361,35.2081012],[139.0573647,35.2080577],[139.0575194,35.2078884],[139.0575323,35.2078461],[139.0575485,35.2078105],[139.0575809,35.2077436],[139.0575672,35.2075087],[139.057536,35.2074488],[139.0574873,35.2074044],[139.057363,35.2073584],[139.0572961,35.2072938],[139.0572148,35.2072538],[139.0571226,35.2071677],[139.0570542,35.2070889],[139.0569693,35.2069619],[139.056876,35.2067955],[139.0568125,35.2066336],[139.0567462,35.2064625],[139.0567104,35.2063765],[139.056684,35.2063282]]}},{"type":"Feature","properties":{"id":1341627244,"name":"旧東海道","highway":"path","role":null},"geometry":{"type":"LineString","coordinates":[[139.0572651,35.2082287],[139.0572478,35.2081983]]}},{"type":"Feature","properties":{"id":1341627245,"name":"旧東海道","highway":"path","role":null},"geometry":{"type":"LineString","coordinates":[[139.0585983,35.2087874],[139.0584868,35.2087913],[139.0584195,35.2088034],[139.0583373,35.2088061],[139.058291,35.2087802],[139.0582575,35.2087363],[139.0582024,35.2086546],[139.0581387,35.2086245],[139.0580324,35.2086034],[139.0579308,35.208562],[139.0578741,35.2085056],[139.0578059,35.2085186],[139.0577435,35.2085538],[139.0576063,35.2086186],[139.0575219,35.2086795],[139.0574848,35.2086917],[139.0574029,35.2086983],[139.0573649,35.2086596],[139.0573539,35.2086248],[139.05737,35.208574],[139.0573815,35.2085323],[139.0574111,35.2084845],[139.0574182,35.2084144],[139.0574083,35.2083416],[139.0573753,35.2082983],[139.0572935,35.2082497],[139.0572651,35.2082287]]}},{"type":"Feature","properties":{"id":1341804937,"name":"東海道","highway":"trunk","role":null},"geometry":{"type":"LineString","coordinates":[[137.6773288,34.6878574],[137.6763431,34.6878839],[137.6760945,34.6878906],[137.676058,34.6878904],[137.6758549,34.6878892],[137.675782,34.6878867],[137.6756155,34.6878809],[137.6754664,34.6878713],[137.6753766,34.6878656],[137.6751385,34.6878435]]}},{"type":"Feature","properties":{"id":1343433953,"name":"富士由比線","highway":"secondary","role":null},"geometry":{"type":"LineString","coordinates":[[138.6725775,35.1562367],[138.6724655,35.1562242]]}},{"type":"Feature","properties":{"id":1343433954,"name":"富士由比線","highway":"secondary","role":null},"geometry":{"type":"LineString","coordinates":[[138.6729139,35.1562476],[138.6727847,35.1562442],[138.6725775,35.1562367]]}},{"type":"Feature","properties":{"id":1343433956,"name":"旧東海道","highway":"tertiary","role":null},"geometry":{"type":"LineString","coordinates":[[138.6722094,35.156446],[138.6724655,35.1562242]]}},{"type":"Feature","properties":{"id":1343433961,"name":"富士由比線","highway":"secondary","role":null},"geometry":{"type":"LineString","coordinates":[[138.6392809,35.1578136],[138.6386496,35.1578359],[138.637901,35.1578213],[138.6375449,35.1577798],[138.6369905,35.1576899],[138.6367016,35.1576239],[138.63663,35.1576076],[138.6363069,35.1575183],[138.6358957,35.1573788]]}},{"type":"Feature","properties":{"id":1343433962,"name":"富士由比線","highway":"secondary","role":null},"geometry":{"type":"LineString","coordinates":[[138.639451,35.1578018],[138.6392809,35.1578136]]}},{"type":"Feature","properties":{"id":1343433964,"name":"旧東海道","highway":"unclassified","role":null},"geometry":{"type":"LineString","coordinates":[[138.6404157,35.1576567],[138.6402448,35.1577703]]}},{"type":"Feature","properties":{"id":1343433968,"name":"旧東海道","highway":"tertiary","role":null},"geometry":{"type":"LineString","coordinates":[[138.6563537,35.1568693],[138.6568037,35.1568591]]}},{"type":"Feature","properties":{"id":1343433969,"name":"旧東海道","highway":"tertiary","role":null},"geometry":{"type":"LineString","coordinates":[[138.6568037,35.1568591],[138.6572786,35.1568975],[138.6576564,35.156922],[138.6579465,35.1569614],[138.6580182,35.1569755],[138.6582657,35.1569884]]}},{"type":"Feature","properties":{"id":1343675568,"name":"国道139号","highway":"trunk","role":null},"geometry":{"type":"LineString","coordinates":[[138.6783811,35.1605752],[138.6783676,35.16052],[138.6783526,35.1604611]]}},{"type":"Feature","properties":{"id":1351435362,"name":"国道1号旧道","highway":"tertiary","role":null},"geometry":{"type":"LineString","coordinates":[[138.9891999,35.1491271],[138.9889258,35.149114],[138.9886818,35.1491171],[138.988531,35.1491426],[138.9883748,35.1491988],[138.9882161,35.1492778],[138.988081,35.1493526]]}},{"type":"Feature","properties":{"id":1351504857,"name":"国道1号","highway":"trunk","role":null},"geometry":{"type":"LineString","coordinates":[[138.9438599,35.1313205],[138.9436701,35.1311928],[138.9434638,35.1310221]]}},{"type":"Feature","properties":{"id":1358283198,"name":"掛川袋井線","highway":"secondary","role":null},"geometry":{"type":"LineString","coordinates":[[137.9706378,34.7661909],[137.9710042,34.7662184],[137.9710563,34.7662224],[137.9712001,34.7662333]]}},{"type":"Feature","properties":{"id":1358283199,"name":"掛川袋井線","highway":"secondary","role":null},"geometry":{"type":"LineString","coordinates":[[137.9705263,34.7661826],[137.9706378,34.7661909]]}},{"type":"Feature","properties":{"id":1365017197,"name":"長沢国府線","highway":"secondary","role":null},"geometry":{"type":"LineString","coordinates":[[137.3298921,34.832494],[137.3298019,34.832468],[137.3297179,34.8324594],[137.3295182,34.8325745],[137.3292549,34.8327159],[137.3284519,34.8330523],[137.3280018,34.833237],[137.327711,34.8333531],[137.3275833,34.8334082],[137.3269076,34.8336811]]}},{"type":"Feature","properties":{"id":1365017198,"name":"長沢国府線","highway":"secondary","role":null},"geometry":{"type":"LineString","coordinates":[[137.3269076,34.8336811],[137.3266667,34.8337954],[137.3264178,34.8339399],[137.32621,34.8340613],[137.3259331,34.8342191],[137.3258377,34.8342898],[137.3258074,34.8343337],[137.3256957,34.834493],[137.3255436,34.8348696],[137.3255158,34.8349383],[137.3253794,34.8354248],[137.3252868,34.8358408],[137.3252307,34.8359606],[137.3251863,34.8360175],[137.3251061,34.8360875]]}},{"type":"Feature","properties":{"id":1365974553,"name":"旧東海道","highway":"unclassified","role":null},"geometry":{"type":"LineString","coordinates":[[139.3213316,35.3170359],[139.3213175,35.3170203],[139.3213,35.3169975],[139.3210069,35.3166151]]}},{"type":"Feature","properties":{"id":1372535593,"name":"旧東海道","highway":"unclassified","role":null},"geometry":{"type":"LineString","coordinates":[[138.022114,34.7716798],[138.0227365,34.7717084]]}},{"type":"Feature","properties":{"id":1372606580,"name":"旧東海道","highway":"unclassified","role":null},"geometry":{"type":"LineString","coordinates":[[138.1073287,34.8188685],[138.1074315,34.8189136]]}},{"type":"Feature","properties":{"id":1372606581,"name":"旧東海道","highway":"unclassified","role":null},"geometry":{"type":"LineString","coordinates":[[138.1074315,34.8189136],[138.107449,34.8189213],[138.1074885,34.8189787]]}},{"type":"Feature","properties":{"id":1374826588,"name":"旧東海道","highway":"unclassified","role":null},"geometry":{"type":"LineString","coordinates":[[138.0207578,34.7723324],[138.0207618,34.7721674],[138.0209398,34.7720219],[138.0209501,34.7716441]]}},{"type":"Feature","properties":{"id":1374826589,"name":"旧東海道","highway":"tertiary","role":null},"geometry":{"type":"LineString","coordinates":[[138.0197515,34.7723218],[138.0196391,34.7723208]]}},{"type":"Feature","properties":{"id":1374826591,"name":"旧東海道","highway":"unclassified","role":null},"geometry":{"type":"LineString","coordinates":[[138.0196332,34.7723989],[138.0196391,34.7723208]]}},{"type":"Feature","properties":{"id":1374826595,"name":"旧東海道","highway":"unclassified","role":null},"geometry":{"type":"LineString","coordinates":[[138.0195884,34.7730915],[138.0195948,34.7730165]]}},{"type":"Feature","properties":{"id":1379030748,"name":"錦田一里塚","highway":null,"role":null},"geometry":{"type":"LineString","coordinates":[[138.9409541,35.1281857],[138.9409481,35.1282044],[138.9409535,35.1282232],[138.940969,35.1282379],[138.940991,35.1282449],[138.9410135,35.1282431],[138.9410326,35.1282332],[138.9410443,35.1282175],[138.9410463,35.128199],[138.9410379,35.1281819],[138.9410234,35.1281706],[138.9410047,35.128165],[138.9409848,35.1281659],[138.940967,35.1281732],[138.9409541,35.1281857]]}},{"type":"Feature","properties":{"id":1379886132,"name":"第一京浜","highway":"trunk","role":null},"geometry":{"type":"LineString","coordinates":[[139.7382742,35.6346947],[139.7383915,35.6350454],[139.7385876,35.6355808],[139.73873,35.6359694],[139.7389912,35.6366967],[139.7390544,35.6368705],[139.7392644,35.6373923],[139.7392788,35.6374248],[139.7393461,35.637585]]}},{"type":"Feature","properties":{"id":1380258520,"name":"磐田袋井線","highway":"secondary","role":null},"geometry":{"type":"LineString","coordinates":[[137.8908919,34.7401098],[137.8896111,34.7395993]]}},{"type":"Feature","properties":{"id":1382159776,"name":"旧東海道","highway":"footway","role":null},"geometry":{"type":"LineString","coordinates":[[139.7084483,35.5358599],[139.7084304,35.5359133]]}},{"type":"Feature","properties":{"id":1385719977,"name":"国道1号","highway":"trunk","role":null},"geometry":{"type":"LineString","coordinates":[[136.3346382,34.9026265],[136.3345674,34.9027304],[136.3344965,34.902818],[136.3343853,34.9029425],[136.3341931,34.9031391],[136.3339382,34.9033458],[136.3337029,34.9035156],[136.3334246,34.9036929],[136.3323635,34.9043005],[136.3321232,34.9044468],[136.331933,34.9045735],[136.3317792,34.9046903],[136.3316268,34.9048186],[136.331363,34.9050626]]}},{"type":"Feature","properties":{"id":1385719978,"name":"国道1号","highway":"trunk","role":null},"geometry":{"type":"LineString","coordinates":[[136.3346969,34.9025456],[136.3346382,34.9026265]]}},{"type":"Feature","properties":{"id":1385719979,"name":"国道1号","highway":"trunk","role":null},"geometry":{"type":"LineString","coordinates":[[136.3347761,34.9026001],[136.3348634,34.9024533],[136.334954,34.9022805],[136.3350581,34.9020518],[136.3351313,34.9018491],[136.3351747,34.9016846],[136.3352154,34.9014893],[136.3352454,34.901267],[136.3352623,34.9010468],[136.3352843,34.900486],[136.335301,34.9001812],[136.335324,34.8999562],[136.3353459,34.8997729],[136.335389,34.8994421],[136.3354694,34.8989816]]}},{"type":"Feature","properties":{"id":1385719980,"name":"国道1号","highway":"trunk","role":null},"geometry":{"type":"LineString","coordinates":[[136.3347245,34.9026834],[136.3347761,34.9026001]]}},{"type":"Feature","properties":{"id":1388234101,"name":"東海道","highway":"trunk","role":null},"geometry":{"type":"LineString","coordinates":[[137.6823839,34.6877663],[137.682197,34.6877673],[137.6821078,34.6877678]]}},{"type":"Feature","properties":{"id":1388234102,"name":"東海道","highway":"trunk","role":null},"geometry":{"type":"LineString","coordinates":[[137.6821078,34.6877678],[137.6820206,34.6877694],[137.6816347,34.6877766],[137.6812877,34.6877831],[137.680432,34.6877989]]}},{"type":"Feature","properties":{"id":1390840140,"name":"小川町通り","highway":"tertiary","role":null},"geometry":{"type":"LineString","coordinates":[[139.6957995,35.5257358],[139.6957374,35.5257034]]}},{"type":"Feature","properties":{"id":1393017135,"name":"藤沢厚木線","highway":"primary","role":null},"geometry":{"type":"LineString","coordinates":[[139.4764513,35.3472169],[139.4763569,35.3471896]]}},{"type":"Feature","properties":{"id":1395937288,"name":"掛川浜岡線","highway":"primary","role":null},"geometry":{"type":"LineString","coordinates":[[138.0021828,34.7756846],[138.0021729,34.7757064]]}},{"type":"Feature","properties":{"id":1395937308,"name":"旧東海道","highway":"residential","role":null},"geometry":{"type":"LineString","coordinates":[[138.0029064,34.7746556],[138.0029798,34.7746787]]}},{"type":"Feature","properties":{"id":1395937309,"name":"掛川浜岡線","highway":"primary","role":null},"geometry":{"type":"LineString","coordinates":[[138.0076915,34.772645],[138.007562,34.772655],[138.0073226,34.772678],[138.0068027,34.772724],[138.0060068,34.7728019],[138.0059173,34.7728107],[138.0055275,34.7728549],[138.0054048,34.7728688],[138.0053534,34.7728753],[138.0049562,34.7729254]]}},{"type":"Feature","properties":{"id":1395937310,"name":"旧東海道","highway":"residential","role":null},"geometry":{"type":"LineString","coordinates":[[138.0049664,34.7729827],[138.0049562,34.7729254]]}},{"type":"Feature","properties":{"id":1410089425,"name":"市場福岡線","highway":"secondary","role":null},"geometry":{"type":"LineString","coordinates":[[137.2206239,34.9115746],[137.220618,34.9115758],[137.2200706,34.9116437],[137.2194955,34.9117315],[137.2190297,34.9118247],[137.2188282,34.9118878],[137.2186226,34.9119891],[137.2172679,34.9127322],[137.2165323,34.9132092],[137.2158531,34.9134705],[137.2148596,34.9138422],[137.2144943,34.9139398],[137.2141214,34.9140516],[137.2139109,34.9141381],[137.2137828,34.9142028],[137.2135119,34.9144301],[137.2130959,34.9147703],[137.2130353,34.9148239]]}},{"type":"Feature","properties":{"id":1410089426,"name":"市場福岡線","highway":"secondary","role":null},"geometry":{"type":"LineString","coordinates":[[137.2210865,34.9114825],[137.2206239,34.9115746]]}},{"type":"Feature","properties":{"id":1414598437,"name":"旧東海道","highway":"path","role":null},"geometry":{"type":"LineString","coordinates":[[139.0336994,35.203376],[139.0337275,35.2033801],[139.033754,35.2033882],[139.0337794,35.2034106],[139.0338609,35.2035232]]}},{"type":"Feature","properties":{"id":1434810225,"name":"旧東海道","highway":"unclassified","role":null},"geometry":{"type":"LineString","coordinates":[[138.6514152,35.1560966],[138.6510459,35.1561591],[138.650678,35.1562078],[138.6502752,35.1563012],[138.6500754,35.1563893],[138.6494811,35.1567816],[138.6492066,35.1569829],[138.6490684,35.1570651],[138.6488094,35.1571246],[138.6485743,35.1571426],[138.648337,35.157132]]}},{"type":"Feature","properties":{"id":1434810229,"name":"旧東海道","highway":"tertiary","role":null},"geometry":{"type":"LineString","coordinates":[[138.6712596,35.1566862],[138.6712185,35.1566688]]}},{"type":"Feature","properties":{"id":1434985860,"name":"旧東海道","highway":"tertiary","role":null},"geometry":{"type":"LineString","coordinates":[[138.6623853,35.1574426],[138.6618576,35.1574254],[138.6612612,35.1574285]]}},{"type":"Feature","properties":{"id":1434985862,"name":"旧東海道","highway":"tertiary","role":null},"geometry":{"type":"LineString","coordinates":[[138.6605093,35.1573865],[138.6602643,35.1573648],[138.6598107,35.1573054],[138.6594851,35.1572396],[138.6593453,35.1572124],[138.6593314,35.1572094]]}},{"type":"Feature","properties":{"id":1435791223,"name":"白鳥豊橋線","highway":"secondary","role":null},"geometry":{"type":"LineString","coordinates":[[137.3515452,34.813396],[137.3523882,34.8124803],[137.3524852,34.8123654],[137.3526116,34.8122354],[137.3535563,34.8111742],[137.3536972,34.8110321],[137.3540722,34.8105891],[137.3541206,34.8105434],[137.3543494,34.8102952],[137.3544827,34.8101574],[137.3546018,34.8100244],[137.3547134,34.8098924],[137.3549091,34.8096713],[137.3551001,34.8094556],[137.3552032,34.8093391],[137.3553577,34.8091594]]}},{"type":"Feature","properties":{"id":1435791224,"name":"金野豊川線","highway":"secondary","role":null},"geometry":{"type":"LineString","coordinates":[[137.3553577,34.8091594],[137.3559231,34.8085404],[137.3564206,34.8079594],[137.3564953,34.8078898]]}},{"type":"Feature","properties":{"id":1436154700,"name":"旧東海道","highway":"footway","role":null},"geometry":{"type":"LineString","coordinates":[[139.0264184,35.1922057],[139.026422,35.1922024],[139.026621,35.1920362]]}},{"type":"Feature","properties":{"id":1436154701,"name":"旧東海道","highway":"footway","role":null},"geometry":{"type":"LineString","coordinates":[[139.026394,35.1922344],[139.0264184,35.1922057]]}},{"type":"Feature","properties":{"id":1447332988,"name":"旧東海道","highway":"path","role":null},"geometry":{"type":"LineString","coordinates":[[138.9902726,35.1509948],[138.9903477,35.1510213]]}},{"type":"Feature","properties":{"id":1454668796,"name":"旧東海道","highway":"unclassified","role":null},"geometry":{"type":"LineString","coordinates":[[137.1843919,34.9486331],[137.1835541,34.949041],[137.1834953,34.9490941]]}},{"type":"Feature","properties":{"id":1460286346,"name":"第一京浜","highway":"trunk","role":null},"geometry":{"type":"LineString","coordinates":[[139.6322532,35.4718921],[139.632219,35.4718573],[139.6317318,35.4713788]]}},{"type":"Feature","properties":{"id":1460286347,"name":"第一京浜","highway":"trunk","role":null},"geometry":{"type":"LineString","coordinates":[[139.6323855,35.4720284],[139.6322532,35.4718921]]}},{"type":"Feature","properties":{"id":1460286348,"name":"第一京浜","highway":"trunk","role":null},"geometry":{"type":"LineString","coordinates":[[139.631424,35.4715257],[139.6316323,35.4717414],[139.6320279,35.4721423],[139.6320705,35.4721845]]}},{"type":"Feature","properties":{"id":1460286349,"name":"第一京浜","highway":"trunk","role":null},"geometry":{"type":"LineString","coordinates":[[139.6320705,35.4721845],[139.6320984,35.4722132],[139.6321894,35.4723024]]}},{"type":"Feature","properties":{"id":1461971378,"name":"第一京浜","highway":"trunk","role":null},"geometry":{"type":"LineString","coordinates":[[139.7417218,35.6418976],[139.7416925,35.6418503],[139.7414848,35.6414586],[139.7412655,35.6410021],[139.7410556,35.6404707]]}},{"type":"Feature","properties":{"id":1464261330,"name":"第一京浜","highway":"trunk","role":null},"geometry":{"type":"LineString","coordinates":[[139.7537657,35.6511077],[139.753816,35.6514179],[139.7539973,35.6525351],[139.7540091,35.6526077],[139.7540309,35.6527481]]}},{"type":"Feature","properties":{"id":1472012422,"name":"旧東海道","highway":"unclassified","role":null},"geometry":{"type":"LineString","coordinates":[[138.0673938,34.7860417],[138.0672424,34.7860555]]}},{"type":"Feature","properties":{"id":1472012423,"name":"菊川停車場伊達方線","highway":"secondary","role":null},"geometry":{"type":"LineString","coordinates":[[138.0673938,34.7860417],[138.067465,34.7860406],[138.0676877,34.7860373],[138.0677183,34.7860412],[138.0678448,34.7860835],[138.0679182,34.7861121],[138.0679852,34.7861456],[138.0681906,34.7862657],[138.0685304,34.7864794],[138.0687397,34.7866111],[138.0689354,34.7867341],[138.0692471,34.7869335],[138.0695244,34.7871109],[138.0697544,34.787258],[138.0698238,34.7873111],[138.0698861,34.7873642],[138.0700429,34.7875222],[138.0701244,34.7876044],[138.070219,34.7877084],[138.0703268,34.7878441],[138.0704178,34.7879749],[138.0704836,34.788085],[138.0705902,34.7882758],[138.0706441,34.788386],[138.0706812,34.7884774],[138.0707135,34.7886092],[138.0707104,34.7886658],[138.0706836,34.7888536]]}},{"type":"Feature","properties":{"id":1475205971,"name":"旧東海道","highway":"pedestrian","role":null},"geometry":{"type":"LineString","coordinates":[[136.6221329,34.966514],[136.6218363,34.9661165],[136.6216926,34.9657161],[136.6216827,34.9656687],[136.6216342,34.965546]]}},{"type":"Feature","properties":{"id":1478807658,"name":"旧東海道","highway":"secondary","role":null},"geometry":{"type":"LineString","coordinates":[[138.7417313,35.1360454],[138.7408967,35.1362549],[138.7399669,35.1364676],[138.7394599,35.1365435],[138.7393742,35.1365626],[138.7386706,35.1366846],[138.7386133,35.1366934]]}},{"type":"Feature","properties":{"id":1481165171,"name":"旧東海道","highway":"unclassified","role":null},"geometry":{"type":"LineString","coordinates":[[138.5505869,35.0944354],[138.5504668,35.0941473],[138.5504306,35.0940158]]}},{"type":"Feature","properties":{"id":1481165173,"name":"国道1号","highway":"trunk","role":null},"geometry":{"type":"LineString","coordinates":[[138.5295315,35.0548994],[138.5299039,35.0551566],[138.5303779,35.0554724],[138.5304444,35.0555253]]}},{"type":"Feature","properties":{"id":1486053071,"name":"国道1号","highway":"trunk","role":null},"geometry":{"type":"LineString","coordinates":[[137.4097329,34.7565506],[137.4100805,34.7560328],[137.4102148,34.7558438]]}},{"type":"Feature","properties":{"id":1486053072,"name":"国道1号","highway":"trunk","role":null},"geometry":{"type":"LineString","coordinates":[[137.4102148,34.7558438],[137.4107985,34.7550749],[137.411028,34.7547992],[137.4112147,34.754514],[137.411373,34.7542297],[137.4115486,34.7538143],[137.4117064,34.7534043],[137.4119003,34.752922],[137.4121379,34.7524541],[137.4124555,34.7519522],[137.4125238,34.751826]]}},{"type":"Feature","properties":{"id":1486073477,"name":"国道1号","highway":"trunk","role":null},"geometry":{"type":"LineString","coordinates":[[137.4101471,34.7558012],[137.4097542,34.7563644],[137.4096321,34.7565394]]}},{"type":"Feature","properties":{"id":1486073478,"name":"国道1号","highway":"trunk","role":null},"geometry":{"type":"LineString","coordinates":[[137.4124344,34.7518252],[137.4124024,34.7518753],[137.4123359,34.7519794],[137.4121908,34.7522186],[137.4118907,34.752739],[137.411626,34.7533829],[137.4113043,34.7541907],[137.4110809,34.7545888],[137.4108532,34.7548845],[137.4107351,34.7550379],[137.4106749,34.7551161],[137.4101471,34.7558012]]}},{"type":"Feature","properties":{"id":1494846700,"name":"国道1号","highway":"trunk","role":null},"geometry":{"type":"LineString","coordinates":[[139.0139349,35.1814971],[139.0139112,35.1813586],[139.0138603,35.1810842],[139.0137275,35.1801884],[139.0137005,35.1799568]]}},{"type":"Feature","properties":{"id":1494846702,"name":"国道1号","highway":"trunk","role":null},"geometry":{"type":"LineString","coordinates":[[139.0165322,35.1841265],[139.0164504,35.1840397],[139.016316,35.1839498],[139.0161869,35.1838833],[139.0160381,35.1838267],[139.0158237,35.1837864]]}},{"type":"Feature","properties":{"id":1494846704,"name":"国道1号","highway":"trunk","role":null},"geometry":{"type":"LineString","coordinates":[[139.0158237,35.1837864],[139.0156818,35.1837879]]}},{"type":"Feature","properties":{"id":1497280553,"name":"旧東海道","highway":"unclassified","role":null},"geometry":{"type":"LineString","coordinates":[[138.0347324,34.7783531],[138.0345023,34.7781786],[138.0342086,34.777981],[138.0341951,34.777973],[138.0339811,34.7778454],[138.0337647,34.777745],[138.0335197,34.7776579],[138.0334836,34.7776451],[138.0332472,34.7775767],[138.032919,34.7774808]]}},{"type":"Feature","properties":{"id":1498121796,"name":"三条通","highway":"secondary","role":null},"geometry":{"type":"LineString","coordinates":[[135.778333,35.0094757],[135.778126,35.0094597]]}},{"type":"Feature","properties":{"id":1505512826,"name":"国道1号","highway":"trunk","role":null},"geometry":{"type":"LineString","coordinates":[[138.528613,35.0542773],[138.5284075,35.0541266],[138.5282545,35.0540274]]}}]}
